grid_id,LST_summer_mean,LST_summer_stdDev,LST_summer_min,LST_summer_max,LST_summer_median
6886,291.75381928073614,1.1071353917484859,289.41226159999997,293.69845868,291.88007203999996
6887,,,,,
6888,302.80917709560975,1.260534774328372,300.6575474,303.5970446,303.50817608
6889,,,,,
6892,311.4258093792377,2.0579462246626288,306.66300853999996,315.98394908,311.59862942
6894,303.10874700012323,1.0701332450303827,302.51353226000003,305.78799542,303.09801368
6898,302.1242479371832,0.6001236215331524,300.16193450000003,303.10484972,302.24355996538384
6900,,,,,
6902,305.0103833578683,0.08104680059302546,304.87880210000003,305.1693338,305.00526884
6903,302.67322714046145,0.6577135306718495,301.22835674,304.01404304,302.64341702
6904,305.06720508043816,1.2184546897608661,303.03307129999996,308.02338050000003,304.82261535212075
6905,300.35843693660087,1.0483260695341436,298.11112249999996,301.75814984,300.5379167
6906,309.13874710134013,0.7182877931664308,308.2284617,310.87400918000003,308.95308194
6908,,,,,
6910,300.7453996822874,0.11504318153489955,300.35334362000003,300.89680880000003,300.76350602
6915,,,,,
6916,,,,,
6917,,,,,
6918,301.99271038145594,0.43856512009828996,301.08821792000003,302.66392514,302.1455635156299
6919,311.74321509867065,2.0949550172689944,305.9896586,315.47808211999995,311.84244817999996
6921,307.20383206095465,0.9124332520156524,305.68887284,308.95649996,307.19621966
6923,305.8489514320858,0.8332977821125538,304.47889376,307.99603634,305.79145413071427
6925,,,,,
6927,,,,,
6929,,,,,
6937,,,,,
6938,304.5439425662287,1.187472417502365,303.31676696,308.80268906000003,304.1610179
6940,,,,,
6942,,,,,
6945,,,,,
6946,,,,,
6949,296.09022751532774,1.3465720985911862,292.86787982,299.00664373999996,296.24008269694656
6950,,,,,
6951,304.7413688178908,0.64472193295408,303.05699744000003,305.95206038000003,304.84803992
6953,,,,,
6955,,,,,
6959,306.01917026404607,2.5968037692245938,302.39390156,311.00389394,306.17081366
6963,,,,,
6964,,,,,
6966,,,,,
6967,297.8053228007327,0.6911662423190404,296.11841684,299.21856098,297.93167644999994
6968,300.39553400693825,1.1483405894890009,298.54862906,302.28452491999997,300.83870246000004
6970,,,,,
6972,,,,,
6973,300.0936479868335,0.6195153610347256,299.12969246,300.92757098,299.97736141999997
6975,301.89940608961535,0.0496716633702111,301.8367643,301.9734851,301.87778054
6976,,,,,
6978,296.96186247053186,1.4474883817084192,293.91037592,299.44756831999996,297.1369868
6979,,,,,
6980,,,,,
6982,,,,,
6987,306.19161565523933,0.48452162861874837,305.6307665,307.94818406,306.04776494
6989,310.3828565974454,2.786916367718232,307.42180898000004,318.66709477999996,309.89816447
6990,304.3178624482622,0.9851727715190133,301.66928132,305.96915048,304.5142788331142
6996,,,,,
6997,,,,,
6998,300.511191121979,0.495327275517221,299.88849289999996,301.09847198,300.88997276
6999,,,,,
7004,,,,,
7005,310.15917374496036,1.245144105898961,307.41155491999996,312.5180768,309.99557804
7007,,,,,
7008,,,,,
7009,,,,,
7012,,,,,
7017,,,,,
7022,,,,,
7025,308.78073483405063,1.1061874260220983,307.74310286,312.26514332,308.55203425999997
7029,,,,,
7035,,,,,
7036,,,,,
7037,,,,,
7039,307.21791632654686,0.4928871704451025,306.45109130000003,309.69137426,307.22893499428574
7043,,,,,
7048,,,,,
7063,303.65010164828357,0.7490440178930068,301.73764172,305.50771778,303.79415042000005
7065,306.9685650032601,0.6409822041715426,305.73672511999996,308.0404706,306.93986815999995
7066,301.04964240673496,0.6121207146807921,299.65606754,302.39390156,301.14803327
7068,,,,,
7069,290.8357710369334,1.3582874172366914,285.03035996,292.55000396,290.88379573283584
7072,,,,,
7075,307.5024778061927,0.4925251778120295,305.63418451999996,308.47455914,307.56992318000005
7077,297.54730056249906,0.36493844446002616,296.73707846,298.34012984000003,297.50955098
7081,307.4549285266794,0.6658464616784207,306.22208395999996,308.72065657999997,307.90716782
7082,,,,,
7083,,,,,
7085,,,,,
7087,300.08151739732995,1.0111147983716298,298.538375,302.8450802,299.79496787629097
7090,300.22650826242364,0.2470633756470428,299.29375742,300.54817076,300.28498321999996
7094,299.5483741275216,0.12319013564426198,299.4270602,299.83038655999997,299.5296008
7095,301.1202174837775,0.4091001840726248,300.08673806,301.8709445,301.22493871999995
7097,,,,,
7098,293.5695411037125,2.297538767413318,287.75793992,297.90604129999997,293.1000955844339
7101,,,,,
7102,,,,,
7104,302.03970545077397,0.18314718755084078,301.62142904,302.48960611999996,302.03159143999994
7106,,,,,
7114,,,,,
7115,,,,,
7118,,,,,
7119,,,,,
7122,,,,,
7123,,,,,
7126,298.22041644234315,0.18081524713513025,297.7351403,298.50761281999996,298.23758924
7128,302.8003687309256,1.4160303102823943,300.50031848000003,305.85635582,302.54087641999996
7131,,,,,
7132,,,,,
7133,,,,,
7134,309.0602965872958,0.4711245333923343,308.54633756,310.22116736,308.91548372
7136,,,,,
7138,306.3913231253513,2.741695472270501,303.46374182,314.52445453999997,305.2293388590663
7140,288.23007167618806,3.6695670135203695,283.85456108,298.53495698,287.22472880000004
7141,298.59605396789954,0.26992823942440314,298.15213874,299.22539702,298.61357144
7142,303.23473448,0.0,303.23473448,303.23473448,303.23473448
7144,307.47699516016326,0.6889614942455612,306.14005148,308.67622231999997,307.39617383
7145,,,,,
7147,301.6948193401813,0.24851429835696892,301.24886486,302.29136096,301.65902726
7148,,,,,
7150,,,,,
7151,,,,,
7156,,,,,
7158,313.15131396990654,1.7021676987036385,309.34957226,315.96685898,313.48879448
7164,,,,,
7165,297.246103552359,1.2164368319618466,294.26926802,299.38946197999996,297.2674186891007
7166,305.87145104195645,0.8539926022527595,303.97644482,307.67474246,305.84145281318325
7167,301.6855706468764,0.4540622273775192,299.43389623999997,302.2469267,301.72823675410626
7169,308.8715661722509,0.44457899038342874,308.22162566,310.1938232,308.8734773015042
7170,311.07796637829586,1.4310749755324021,309.22652354,316.12750592,310.67106424250005
7171,,,,,
7172,306.8839769422181,0.4967545667564874,306.17081366,308.15668328000004,306.70060676
7177,,,,,
7181,,,,,
7186,,,,,
7187,307.5840555231789,0.40713554084127856,307.04240876,308.25580586,307.62347216
7189,,,,,
7190,306.6580977373108,0.7774924654062572,304.690811,307.45598917999996,306.81340142
7193,301.3304352759351,0.8143810956006557,300.17218856,303.40221746,301.13948822
7199,,,,,
7203,,,,,
7206,308.7274522503882,0.8483042585146686,307.48333334,311.3730401,308.6825853304464
7210,299.140287762891,0.8529921127607052,297.47537078,301.28304506,299.12627444
7213,,,,,
7214,307.6005143453128,0.67468823702307,306.72795092,309.90670952,307.43035403
7217,305.1347085155927,1.201092537635963,303.31676696,307.02190064,305.13173558
7218,,,,,
7219,,,,,
7223,292.60927617456525,1.164438582532902,290.75212544,294.40940684,292.61152832
7226,,,,,
7236,,,,,
7241,307.3566695484887,0.5161763069396686,305.90762612000003,307.98578227999997,307.53568921012754
7243,303.03857145789675,0.4403450144897425,302.24009065999996,304.44471355999997,302.9647109
7244,,,,,
7246,,,,,
7247,,,,,
7249,,,,,
7250,,,,,
7252,,,,,
7254,,,,,
7256,305.2454962865153,0.0811354057264948,305.17616984,305.44619342,305.22744014
7257,,,,,
7258,,,,,
7260,308.9204394590957,2.005075220685989,306.5023616,313.20168079999996,308.4164528
7261,279.89398677614366,1.822317138199139,276.61861274,284.3706821,279.92042005999997
7264,,,,,
7265,307.7855317177685,0.39479728112107915,306.45109130000003,308.58393578,307.7758629657307
7267,306.546411812809,0.30249476999468516,306.47843546,307.08342500000003,306.47843546
7268,307.2524138767176,1.5222468549983525,303.2894228,310.0912826,307.44915314
7269,,,,,
7270,,,,,
7276,,,,,
7277,,,,,
7279,,,,,
7280,294.20911577938944,0.7806512741037201,291.63055657999996,295.63647602000003,294.29661218
7285,301.83294239923924,0.3281501231393553,301.04207465,302.4520079,301.86410846
7287,307.57444956688914,0.5338003529961467,306.13663346,308.50873934000003,307.74993889999996
7288,,,,,
7289,,,,,
7291,306.62869987276497,2.9833243576929744,301.19759455999997,314.08011194,306.47843545999996
7293,299.1745897743882,0.8711610656964003,298.34696587999997,302.08627976,298.77934541
7294,301.3719769321553,0.4544907926564944,300.38752381999996,302.33921324,301.37647094
7296,,,,,
7299,,,,,
7302,305.76843344880416,0.38835683242912084,304.90272824,306.7928933,305.7794672908911
7303,307.33046560012747,0.9069056884447879,303.84656006,308.2113716,307.7011100428572
7305,,,,,
7306,,,,,
7307,308.16522833000005,1.025406000009288,306.32804258,308.37885458,308.37885458
7308,306.531376792,0.15097007374855387,306.32462455999996,306.6561725,306.63224635999995
7310,303.1713926617964,0.7509008195591351,301.956395,305.5794962,303.16295606
7312,,,,,
7314,,,,,
7315,,,,,
7317,,,,,
7318,301.53756297195486,0.8328661494837515,299.9397632,302.94420277999996,301.4583590908557
7319,,,,,
7321,307.6482600883217,1.0350025027705896,305.79141344,309.68453822000004,307.77728306
7322,,,,,
7323,305.7775466626583,1.3062508521847438,304.39002524,310.73728838,305.58405356000003
7325,,,,,
7326,,,,,
7327,,,,,
7330,299.7286073385213,1.4848157354806761,296.61061172,302.01450134000004,300.22687687999996
7332,305.60543635078346,0.8760958434361457,303.71325728,307.92425792,305.61025838
7334,306.7087619307321,0.32238409562644177,305.84951978000004,307.07658896,306.85516320127516
7335,312.64528015579197,1.9509106517455579,309.85543922,317.33406698,312.11816846
7336,,,,,
7337,,,,,
7339,303.89977166262133,0.29204020177182144,303.56286439999997,304.2635585,303.78845372
7340,300.5668146898635,0.41123979750665873,299.12627444,300.71907176,300.6062771
7341,,,,,
7342,303.06922272774034,0.8437210218319723,301.47103616,304.97792468,303.01769020999996
7343,302.2963299285923,0.34659886589421685,301.78891202,302.88267842,302.21958254000003
7344,307.25559619359865,1.5394458697198155,305.54873402,310.86375512,306.5845119427586
7346,,,,,
7348,,,,,
7349,,,,,
7351,,,,,
7352,,,,,
7353,308.7529994807077,0.5113484293302992,307.4935874,309.51705524,308.69673044
7354,,,,,
7355,,,,,
7357,,,,,
7362,,,,,
7364,301.25911892,0.0,301.25911892,301.25911892,301.25911892
7366,299.8350028914481,0.7419106557586205,299.1877988,302.79722791999995,299.62188734
7367,,,,,
7369,311.31283073958,0.7213601778313397,309.79391486,312.73341206,311.49608881999995
7370,,,,,
7373,301.74257261787795,1.3133005348637825,299.97736141999997,303.89099432,302.06918966
7374,,,,,
7380,,,,,
7383,,,,,
7384,,,,,
7386,,,,,
7390,,,,,
7391,308.983996262465,0.6271574755030609,307.91742188,310.31687192,308.94966392000003
7392,,,,,
7393,,,,,
7394,,,,,
7397,,,,,
7398,306.91842235309736,0.3418019999605219,306.6219923,307.3055963,306.6219923
7400,,,,,
7401,,,,,
7403,,,,,
7404,,,,,
7405,303.7496858225444,1.1339291009027916,302.0076653,305.5282259,303.55944638
7406,,,,,
7408,,,,,
7411,,,,,
7412,305.79190209773185,0.5797321483245682,305.00185081999996,307.20647371999996,305.68032779
7413,310.0239423032127,2.6011742524357757,302.7767198,313.26662318,310.53904322
7419,287.7803119547566,3.3360195819727094,284.53474706,296.89430738,286.37364182
7420,,,,,
7421,,,,,
7422,,,,,
7423,,,,,
7426,,,,,
7427,306.05060939622496,3.5039219001739292,300.27131113999997,312.65821561999996,304.64230253851
7433,,,,,
7435,303.5605533523864,0.9579085051822949,302.36997542,305.0838833,303.82263392
7439,,,,,
7445,,,,,
7446,302.26153843302507,0.3387895272986586,301.53597854,303.0843416,302.34149191999995
7449,,,,,
7450,,,,,
7451,284.8547414570971,3.4310699906316526,276.33491707999997,289.6002527,285.7549802
7452,,,,,
7453,,,,,
7457,,,,,
7461,305.76562968043487,0.3477273726036083,305.33339876,306.52628774,305.83926571999996
7462,302.2218672801295,0.36550232538683075,301.64193716,303.25866062,302.18882036
7464,290.99138684,0.0,290.99138684,290.99138684,290.99138684
7465,,,,,
7466,307.5200360313188,0.8379927648900104,305.7845774,309.48287503999995,307.64398028
7467,306.94451815129673,0.5535538964210658,306.08194514,308.82319717999997,306.98430242
7468,,,,,
7469,,,,,
7470,,,,,
7474,,,,,
7479,308.32276747409287,0.3287058201402332,307.75335692,308.963336,308.31562121
7480,,,,,
7484,,,,,
7486,304.9589041023779,0.07577368361685982,304.78993358,305.09071933999996,304.96083458
7487,307.71710995194894,0.6191785349869423,305.74697918,308.47114111999997,307.83880741999997
7488,,,,,
7489,,,,,
7490,,,,,
7496,307.83270459886836,0.277906191939212,307.32952244,308.57709974,307.7796941114523
7497,302.9441576942841,2.2737076076396314,295.07250272,305.57607817999997,303.64441688971374
7502,,,,,
7503,304.79308079327626,0.9582620256276583,303.41930756,306.7245329,304.56776228
7507,308.6806145582608,0.4019079947240674,308.46088706,309.52047326,308.46088706
7508,,,,,
7509,305.33569240178605,0.7179435025610005,304.4344595,307.94476604,305.0838833
7513,293.5347706680455,2.1237928985853447,291.11785358,297.51980504,292.39619306
7516,,,,,
7522,309.36277483175826,0.4904717120782603,308.94282788,310.40915845999996,309.07954868
7524,,,,,
7525,,,,,
7526,,,,,
7527,304.62774896814165,1.080340281592729,302.67759722,307.6303082,304.59168841999997
7528,,,,,
7529,,,,,
7532,,,,,
7534,,,,,
7535,307.24921515572913,0.9151031497044422,305.87002789999997,311.16454088,307.14158488600526
7538,,,,,
7541,,,,,
7547,,,,,
7553,,,,,
7554,,,,,
7560,,,,,
7562,306.0184327686801,0.6400838950176289,304.30115672,306.85099964,306.0694124
7563,,,,,
7570,,,,,
7573,297.0506446426087,0.48514156197955327,296.17652318,297.7351403,297.02419213999997
7574,,,,,
7575,304.35913742189354,1.589252188627082,300.93440702,309.00093422,304.21741523
7576,301.5845478403966,1.094209849394946,299.10576632,303.44665172,301.62826508
7578,,,,,
7579,,,,,
7580,306.92791527033296,0.603158741936124,305.95889642,308.71040252,306.94328618
7584,,,,,
7585,,,,,
7587,309.407432591551,2.772501619920035,304.08240344,312.91798514,310.13913488000003
7588,310.03870988190806,1.341740310239446,307.57220186,312.11475043999997,310.32199895
7589,,,,,
7590,,,,,
7594,,,,,
7595,,,,,
7598,,,,,
7599,300.8352981416241,0.8380343250916225,298.74345619999997,301.95981301999996,301.0335296
7602,,,,,
7604,292.28329807761554,1.8461467072110682,287.26916306,295.03832252,292.59785624
7605,,,,,
7606,,,,,
7607,,,,,
7608,,,,,
7609,,,,,
7611,301.3288666774092,0.39331437763630356,300.62336719999996,302.16831224,301.3240613
7614,307.10038857004844,0.5619573948704313,305.8016675,308.31733022000003,307.026498373494
7618,,,,,
7619,,,,,
7621,,,,,
7623,,,,,
7627,,,,,
7632,,,,,
7634,,,,,
7635,303.5195760555829,3.782641318018967,294.40940684,306.741623,305.47011956
7636,,,,,
7637,,,,,
7640,303.8591453041475,0.8604428214685856,301.65560924,305.30605460000004,304.01404304
7641,,,,,
7643,,,,,
7644,,,,,
7645,305.1418224588867,1.137320467553036,303.16637407999997,307.14836737999997,305.53506194
7646,,,,,
7648,,,,,
7649,,,,,
7652,,,,,
7654,298.8565526004189,0.24548215845059382,298.47343262,299.22539702,298.87334096
7657,303.72313761279224,1.3272714060789021,300.0423038,305.92471622,303.94226462
7658,312.67035755726766,1.516727160642013,309.33590018,316.36676732,312.8330212863453
7660,300.55490649961826,0.34618768379473164,299.89532894,301.6487732,300.58918700000004
7661,304.39675907811403,1.2421584704343906,301.57357676,306.26651821999997,304.39472501750004
7665,302.9722834974323,1.250545278883701,299.58428912,304.75575338,303.24098082964855
7666,,,,,
7671,292.52739189815543,0.5026994806691852,292.08857126,293.56173788,292.2833984
7676,304.5357203344466,2.951185467699029,300.15851648,308.56000964,304.91981834
7677,,,,,
7679,304.1074243987212,0.7007052709718675,302.59898276,305.03261299999997,304.09607552
7680,312.37089181056854,0.7056800410297188,310.23483944,314.24417689999996,312.349910216
7681,,,,,
7682,,,,,
7684,,,,,
7691,311.04142153224586,1.6393387890129913,308.58735379999996,314.38773374,311.46874465999997
7692,301.9086280048463,0.6859405636694983,300.63020324,303.52526618,301.90284601999997
7693,,,,,
7696,310.86844072882116,1.2495789529445211,308.05414268,313.84085054,311.0825084
7698,295.29629518972797,0.34677923666689553,295.01097835999997,296.44654676,295.24682174
7700,,,,,
7701,,,,,
7702,,,,,
7703,,,,,
7708,,,,,
7709,,,,,
7710,309.88125167124343,2.8826376487008716,305.8187576,314.33646344,309.66744812
7712,292.8739829872432,0.38261203199687616,292.5397499,293.58566401999997,292.67305267999996
7719,,,,,
7722,,,,,
7725,,,,,
7726,,,,,
7729,,,,,
7730,,,,,
7732,,,,,
7733,,,,,
7734,303.0813214866195,0.4011959365635578,302.31186908,304.01404304,303.0745359003748
7735,,,,,
7737,,,,,
7740,,,,,
7742,308.5084683408229,1.7184095919079472,307.33294046000003,313.19826278,307.81146326
7743,306.09571107867276,0.23725599504076145,305.72305303999997,306.45792733999997,306.17081366
7744,302.98910748611416,0.9082930016051963,300.760088,304.47889376,303.02110823
7745,,,,,
7749,,,,,
7750,308.11867494890396,3.4358338130824833,302.62974494,313.4238521,308.39594467999996
7755,,,,,
7756,299.5864198337663,0.15959709452005988,299.44073228,299.83038655999997,299.60821526
7759,315.5354901145787,6.928004597201843,307.58587394,331.54961216000004,314.3808977
7761,,,,,
7763,303.32134051542664,0.7105500678500165,302.5887287,305.49746372,303.1009029455249
7765,,,,,
7769,,,,,
7770,,,,,
7771,,,,,
7775,,,,,
7778,,,,,
7779,,,,,
7781,,,,,
7782,,,,,
7785,297.33930799454544,0.36994346988462,296.83620104,298.03934408,297.3078878
7786,302.7764579933034,1.8435873488094783,297.21560125999997,305.0497031,303.266351165
7788,304.768610015418,0.6318379949683988,303.5799545,305.40517718,305.05312112
7789,301.2921232424611,0.0945477908972649,301.08138188,301.48812626,301.30013515999997
7790,305.6665690246584,1.6946255051559933,303.03307129999996,310.13913488000003,305.48377374460733
7796,,,,,
7797,286.6608068131677,1.609767232652148,283.08550658,289.00893524,287.14953235999997
7802,,,,,
7804,307.5180038915691,2.600221002465264,303.51843013999996,312.79835444,307.23039986000003
7809,,,,,
7810,300.6346745529403,1.1525020245572641,299.15020058,302.21616452,301.24886486
7813,309.94409830392885,0.9296670202559676,308.67622231999997,311.52343298,309.7149192967247
7815,304.97608913154494,0.2298983730698877,304.3660991,305.44619342,304.9813427
7818,,,,,
7819,,,,,
7820,292.0246849538928,1.1461239482465024,289.40200754,294.68284844,292.10907938
7821,,,,,
7822,303.8473021427686,0.6648216284128976,302.90318654,305.21376806,303.72692936
7823,299.23649171892646,0.27949148113207006,298.58622728,299.75519012,299.25445018999994
7824,,,,,
7827,306.0776128194216,0.31245483806584495,305.47011956,306.93303212,306.0962021218182
7828,301.4781300851311,0.4929045292123694,300.50031848000003,302.70494138000004,301.51888843999996
7829,,,,,
7830,298.3329259486506,0.7242650102014204,297.96072962,300.37726976,298.13333963
7832,,,,,
7834,,,,,
7835,305.51222682895695,0.7578366100348591,303.36461924,306.8441636,305.68032779
7839,308.637209513505,0.44000632262796807,308.22504368,309.53414534,308.22504368
7840,308.9573319913877,1.1047432075567023,307.5619478,311.42431039999997,308.41987082
7841,,,,,
7842,,,,,
7843,280.8279790578418,3.2022805546642954,265.78178033,289.82242399999996,280.8004162933684
7844,301.6492393403449,1.182338179421441,299.74493606,304.82069576000004,301.59440283534883
7845,,,,,
7850,307.06311695296336,2.548709028076657,299.07158612,310.21774933999995,307.42764555433035
7851,301.1147835628607,0.5750360413637001,299.72100992000003,302.1785663,301.10189
7852,,,,,
7855,,,,,
7856,304.74247060744534,2.353651245749135,298.7263661,306.43741922000004,305.67189265558096
7864,311.4417483033972,1.2720594569738386,309.12056492,313.69045766,311.46093672293927
7866,296.8450741422037,0.8122732160764475,295.31176412,298.23417122,296.94557768
7867,302.42808176,0.017090100473791742,302.41440968,302.44858988,302.41440968
7869,302.31783979705455,0.8843983897596743,301.45052804,305.24453024,302.1004401285714
7870,,,,,
7872,307.02132934802427,0.6624979741831255,305.48037362,308.67964034,306.92713361085123
7873,308.67073663426333,1.908465016831984,306.4169111,313.83059648,307.94476604
7879,304.46695947773634,0.9374376877989996,302.0076653,306.03409286,304.3907596905785
7881,,,,,
7882,,,,,
7884,,,,,
7885,,,,,
7886,293.9609126650089,1.8162472966904932,290.87517416000003,299.36553584,293.73434789
7887,,,,,
7888,,,,,
7890,305.2612142546323,0.1018116239230318,305.12489954,305.4769556,305.23085816
7894,,,,,
7895,,,,,
7899,,,,,
7900,,,,,
7903,,,,,
7904,,,,,
7907,,,,,
7909,,,,,
7910,304.4571115493474,0.060266670690825384,304.29090266000003,304.50281989999996,304.46522168
7913,,,,,
7915,,,,,
7918,,,,,
7920,307.67379384746164,0.35195677479057164,306.82365547999996,308.17377338,307.731994295
7922,,,,,
7923,,,,,
7926,307.54299476266635,0.6440948061397298,306.13663346,309.39742454,307.64056226
7927,302.63639565855186,0.19177524714755936,302.30845106000004,303.36120122,302.63525982070564
7930,,,,,
7932,,,,,
7934,,,,,
7936,301.71122811220295,0.6293230174554116,300.36017966,302.85533426,301.6205322327723
7940,,,,,
7941,,,,,
7942,,,,,
7943,,,,,
7944,,,,,
7945,304.97676894661873,0.032185094034659203,304.95058052,305.02919498,304.98476072
7948,,,,,
7951,304.26697651999996,0.0,304.26697651999996,304.26697651999996,304.26697651999996
7952,306.5094186299074,0.26635632243447477,305.8529378,306.95012222,306.56626736737707
7955,,,,,
7956,,,,,
7959,301.036183056161,1.0695022474428655,299.71417388,302.91685861999997,300.55158878
7960,,,,,
7966,,,,,
7968,,,,,
7972,,,,,
7974,304.6920550394808,1.0110154967272929,301.76156786,305.91104414,304.91640032
7981,304.9451758297617,0.5959667175902013,303.6483149,306.29044436000004,304.96254359
7982,,,,,
7983,282.56368172940154,1.1541087914496135,279.85547768000004,284.47664072,282.64287299
7985,309.413321902343,1.3710828596905722,307.3055963,312.35401184,309.33248216
7988,311.91014348974045,1.9848725135608511,308.0062904,314.95170704,312.47706056
7991,295.27284468132274,0.2660261066510172,294.73411874,295.73901662000003,295.35619838
7995,,,,,
7996,,,,,
7999,,,,,
8005,,,,,
8006,,,,,
8009,,,,,
8010,,,,,
8011,311.5416801640231,1.4117377866938963,309.51705524,315.20805854,311.201580566406
8012,309.3317391447067,1.1810221002539047,306.94328618,311.93701339999996,309.52730929999996
8017,,,,,
8018,,,,,
8020,308.80421378911683,0.23215355703716004,308.3139122,309.65719406,308.79414400999997
8022,301.4546226801196,1.0286126509014781,299.89874696,303.94568264,301.29244461499997
8023,308.99722416751837,1.2852524063227846,307.51409551999996,312.57276512,308.577954245
8025,302.7088359068097,0.1486951878793156,302.53404037999996,303.06041546,302.68785128
8029,306.82991040525894,1.6249182847990529,305.00526884,315.65240114,306.39482874996844
8030,,,,,
8031,302.9802853982425,2.0151181266849036,297.47537078,306.22208395999996,303.39538142000004
8033,306.79297504828696,0.4431066347645562,305.93497028,307.62347216,306.70516412
8035,,,,,
8036,298.4664913432172,1.6343793809231488,294.75804488,300.84895652,298.72978412
8037,307.28397378254886,0.8720847375900012,305.7333071,308.9462459,307.25774402
8041,,,,,
8042,303.74096602880013,2.2264378222746033,300.13117232,308.48139518,303.33727508
8043,,,,,
8046,,,,,
8047,309.3854290187512,1.067288198045334,308.30707616,312.2788154,308.94575761142863
8048,,,,,
8050,315.02491335961463,1.224351993342878,313.87503074,317.02302715999997,315.457574
8051,,,,,
8052,,,,,
8053,,,,,
8054,306.1972979294643,1.0402040607757068,304.05505928,309.17867126,306.48527149999995
8055,,,,,
8056,308.02594911995305,0.27264745888331504,307.24407194,308.63520608,308.0745342765909
8059,304.0076847137873,0.8503632199913238,302.42124572,305.7333071,304.06873136
8061,,,,,
8062,306.2829819448805,2.944933311146551,301.89145262,312.26856134,307.25974224707693
8063,,,,,
8067,,,,,
8069,,,,,
8070,316.2951820344544,1.476952040073659,312.19678292000003,320.28723626,316.41461960000004
8073,308.4770152086948,1.644414587107703,304.94374447999996,312.5180768,308.7297792396516
8074,,,,,
8075,313.1874443551779,1.4361649529412392,309.22652354,314.56888879999997,313.67336756
8077,,,,,
8080,308.74591860179765,0.6661275715278788,307.42180898000004,309.80416892,308.94282788
8081,307.7346619601939,1.062436688195215,305.05653914,308.57368171999997,307.80462722
8084,292.03809316319024,0.6355981401224337,290.0787755,294.03000662,292.11705476
8085,,,,,
8086,310.50985898697036,0.3900640311639819,309.89303744,311.17137692,310.51511708
8088,,,,,
8089,301.08572164570165,0.8082002688039359,299.86456676,302.97154694,300.94637009
8090,,,,,
8095,294.06883517195314,0.7134223627192169,291.98603066,294.79222508,294.16672742000003
8096,302.7609555455745,0.13842232607817406,302.55796652000004,303.14586596000004,302.7425396
8097,311.4915985745741,1.939583601858902,307.2372359,315.77203183999995,311.93701339999996
8098,,,,,
8099,,,,,
8101,,,,,
8102,299.0163574015811,0.003418019839313699,299.01006176,299.01689780000004,299.01689780000004
8105,,,,,
8106,297.47721856096376,1.311455542108707,294.70335656,300.43195807999996,297.37966622
8107,290.2746429700558,1.5064881178329104,287.41613792,292.50215168,290.60515058
8108,,,,,
8109,,,,,
8110,,,,,
8112,302.7608704412598,0.6184233910731971,302.04868153999996,305.29580053999996,302.56822058
8115,,,,,
8116,,,,,
8117,,,,,
8119,,,,,
8122,,,,,
8125,,,,,
8127,,,,,
8128,,,,,
8131,304.065874630145,1.251572637656918,301.44027398000003,305.85977384,304.67258156
8134,302.8650211077771,2.4976658275077086,297.18483907999996,305.72647106,303.7622489
8135,,,,,
8139,,,,,
8141,,,,,
8142,305.1001740424458,0.5057521260132095,304.0242971,306.07510909999996,305.1555746366879
8143,306.5396787084043,1.3466912335981966,303.15612002,311.24657335999996,306.71427884
8144,,,,,
8146,,,,,
8151,295.3147702349247,0.7567221084175031,293.84543354,297.4958789,295.08731414
8153,307.42450195573,1.8363429933790194,305.76065126000003,312.52149482,306.463396172
8154,,,,,
8155,306.44728576198236,0.3939742719150183,305.887118,307.33635848,306.3656408
8158,310.8913533761299,1.4784818360440297,308.02679852,314.31595532,310.64500183999996
8163,,,,,
8164,307.4834606677025,0.16152138132325403,306.98088440000004,307.8353894,307.49700542
8166,305.8492809351142,0.1784229691428348,305.4598655,306.14005148,305.83926571999996
8170,,,,,
8174,,,,,
8176,,,,,
8179,306.632944281433,1.427430826540448,302.18540234,308.2626419,307.20476471
8183,,,,,
8187,292.53281741980317,1.1349954121047185,290.56071632,294.58372585999996,292.72432298
8189,304.7305522694464,0.6344024296260038,304.26014048,307.4081369,304.52674604000003
8193,308.96221604938137,0.6092663944283089,307.84906148,310.48435489999997,308.91548372
8196,302.1475563812911,0.3321754442870871,301.3924217,302.58189266,302.25376273999996
8198,,,,,
8207,,,,,
8209,303.8193069123668,1.1090889707540335,303.0672515,305.82559363999997,303.25866062
8214,287.60754704,0.0,287.60754704,287.60754704,287.60754704
8215,,,,,
8217,302.423899748481,0.9700441643389677,300.87288265999996,304.68397496,302.36666453712843
8219,306.0062723711994,0.7851438790091341,304.99159676,307.53118562,305.72647106
8227,,,,,
8230,288.8093187838846,0.47661803683882115,288.04847162,289.55581844,288.69105937999996
8233,,,,,
8234,,,,,
8236,,,,,
8237,,,,,
8238,,,,,
8239,,,,,
8240,,,,,
8242,302.44274118484515,0.616457269723774,301.34456941999997,304.06873136,302.2754102
8244,306.09123450722166,1.8083233993982117,302.29136096,309.44527682,306.3656408
8245,,,,,
8246,,,,,
8248,,,,,
8257,,,,,
8258,,,,,
8261,291.63052363631635,0.4012426653056816,290.81706782000003,292.2833984,291.69891698000004
8262,,,,,
8263,,,,,
8265,,,,,
8266,,,,,
8268,,,,,
8270,304.83241192371753,0.711423388260682,303.2894228,306.29044436000004,304.71131912
8273,,,,,
8274,309.0373922481707,1.4792088695061236,304.52674604000003,313.03761584,308.77760833426237
8277,304.37699756090325,0.5807430098920217,302.64683504,305.35390687999995,304.41395137999996
8279,,,,,
8281,306.5868093353478,0.20039751324511187,306.02042078,307.2372359,306.589179308
8284,,,,,
8285,,,,,
8288,300.9096840866667,0.4545966600118082,300.44221214000004,301.35140546,301.35140546
8289,,,,,
8295,308.8331518615219,0.7607411617862757,307.55169374,310.99363988,308.75597612
8296,,,,,
8299,306.29845436811877,0.8185452364536338,304.75233535999996,308.67964034,306.13534015513517
8301,,,,,
8302,,,,,
8304,,,,,
8305,298.84788070250727,0.902606221873952,296.95241372,301.13948822,298.79814452
8306,,,,,
8309,305.6935991174991,0.7855461257129899,302.70152336,307.08000698,305.80679453
8310,300.5345517640035,0.09697690624115388,300.4011959,300.71907176,300.56867888
8311,305.18044341124727,0.47265946597350805,304.50281989999996,306.31778852,305.1522437
8312,,,,,
8313,307.0076448885925,2.6936385523640527,303.70983925999997,312.52149482,305.9055389460851
8316,307.06775645693295,1.44576862455381,304.39686128,310.38865034,307.392414008
8317,,,,,
8321,305.46788866798335,0.6901072487072528,304.28748464,306.63224635999995,305.41884926
8322,,,,,
8323,306.52174155913326,0.4783223493540433,305.84951978000004,307.23039986000003,306.60832022
8325,,,,,
8326,304.1570544228038,0.7336910469062286,302.7938099,306.44425526,304.1667146
8328,,,,,
8329,,,,,
8335,,,,,
8339,,,,,
8340,305.8915041556994,0.4790444439297121,304.80018764,306.79972934,305.93045039828945
8341,,,,,
8342,,,,,
8344,,,,,
8345,,,,,
8347,,,,,
8350,,,,,
8351,303.42953760730745,1.5186104610718643,301.67611736000003,306.93645014000003,302.6768980795454
8352,,,,,
8355,,,,,
8358,305.44110654876533,0.44131063060934406,304.68739298,306.08194514,305.54873402
8360,300.7735190673937,0.24464872801948626,300.18586064,301.12239811999996,300.85579256
8362,,,,,
8364,,,,,
8367,299.76360200807574,1.558581171019772,297.3249779,302.35288532,299.76544418000003
8368,304.2130127033846,0.6892280578456008,302.53062236,305.41201322,304.3148288
8370,,,,,
8373,302.36384195931714,0.14752862133646286,301.89145262,302.64341702,302.36313938
8375,,,,,
8377,,,,,
8381,301.5006782157552,0.8921318412469431,298.8630869,302.27085284,301.90854272
8383,305.5217485378126,0.9361276557114082,304.51991,309.31881008,305.33852578999995
8384,,,,,
8389,305.34428620274025,0.5143592515596356,304.31824682,306.14005148,305.47011956
8392,311.3347751715228,3.051300082416933,304.89931021999996,314.75346188000003,312.279669905
8394,,,,,
8396,304.8955447779372,0.2963186296837382,304.63270466,305.43935738,304.85145794
8399,,,,,
8402,,,,,
8406,,,,,
8409,,,,,
8410,,,,,
8418,304.0451352357242,0.6511328099956859,302.84166217999996,304.14392780000003,304.14392780000003
8419,,,,,
8420,,,,,
8422,305.7747633061072,0.563900621529932,304.55067218,306.59464814,305.81533958
8425,,,,,
8427,,,,,
8433,310.27439840703397,1.0016915206976598,308.40278072,313.39992596,310.16647904
8434,,,,,
8438,,,,,
8441,,,,,
8443,,,,,
8446,,,,,
8447,310.7616032045721,0.2604414245603006,310.18356914000003,311.10985256000004,310.7577965
8453,,,,,
8455,308.61374506650645,0.3960953899590365,306.67668061999996,309.26412175999997,308.63110445599995
8457,,,,,
8458,,,,,
8463,,,,,
8468,305.1398985188891,2.5983211753659683,300.9993494,309.37691642,305.64443858
8470,,,,,
8471,,,,,
8472,,,,,
8473,298.3389607363427,0.21275498242405033,297.98465576,298.87675898,298.33671182
8477,307.37845262933286,0.2685419652266211,307.02531866,308.06781476000003,307.33635848
8478,,,,,
8479,,,,,
8480,,,,,
8482,307.14148643358095,0.20440595877084813,306.71427884,307.77728306,307.14494936
8484,304.6579875850157,0.35923801552880735,304.18152602,305.25136627999996,304.62586862
8486,298.00901004826363,1.5309284845514095,293.60617214,300.25763906,298.24442528
8487,,,,,
8488,307.3273542658595,0.48236745606319503,306.42716515999996,308.67964034,307.2758344004716
8490,308.5934338218038,2.4387966581421674,304.60877852,312.78126434,308.6088773317894
8493,310.2266531569489,1.8930565962189292,308.03363456,314.44584008,310.42112153
8494,301.4560685642442,0.7442488218179052,300.18927866,302.95103882,301.31038922
8495,,,,,
8501,,,,,
8502,,,,,
8504,292.2497831478458,1.7427684219953554,288.77650988,295.58520572,292.03730096000004
8505,289.7778124972885,1.5550921039932135,286.51378064,293.42501708,289.52505626
8508,,,,,
8509,315.15094552735695,3.052004162725264,310.82957492,336.2049554,315.17661275600005
8510,,,,,
8511,,,,,
8514,306.52095199640917,0.6906474829951456,304.43787752000003,307.40130086,306.7908913565232
8516,,,,,
8521,307.4091584153274,1.3352158123819498,304.4173694,312.83595266,307.482649736
8523,,,,,
8525,,,,,
8530,,,,,
8532,,,,,
8535,,,,,
8542,,,,,
8544,307.724328487288,0.6906059897961121,306.22892,308.87446748,307.71114178715266
8550,,,,,
8553,,,,,
8557,304.8232304714607,1.2322376901185796,302.99205506,306.11954335999997,305.85977384
8560,,,,,
8561,,,,,
8564,,,,,
8567,,,,,
8568,303.06303471033704,0.6974326884475752,301.04378366000003,304.67372090000003,303.10143170000003
8569,,,,,
8576,306.13934421603454,0.6404709998561294,304.73182724000003,307.38079274,306.18448574
8581,,,,,
8587,,,,,
8589,303.3857956455618,0.5537767846309517,302.1102059,304.74891734,303.3335762367606
8590,,,,,
8591,305.3921040479004,1.093564049529131,301.85727241999996,307.05949885999996,305.53677095
8594,,,,,
8595,,,,,
8597,304.60416234456676,0.7679095291895994,303.10484972,306.5365418,304.57231964
8600,,,,,
8601,,,,,
8602,,,,,
8604,,,,,
8606,300.3411364057143,0.03418019967036026,300.30207332,300.37043372,300.37043372
8608,,,,,
8610,305.3212687206334,0.32303759960932615,304.4515496,305.99991266,305.3715588463014
8611,,,,,
8612,,,,,
8613,302.3323772,0.0,302.3323772,302.3323772,302.3323772
8614,,,,,
8615,304.4371372176085,0.3715492800798746,302.84166217999996,304.861712,304.49354679641255
8616,,,,,
8617,,,,,
8618,,,,,
8620,,,,,
8623,,,,,
8624,305.27792089236203,0.19834268399167312,304.95058052,305.71963502,305.21035004
8626,,,,,
8627,,,,,
8632,307.1499584790982,0.9232454015956708,305.42226728,310.32028994,307.29192422
8638,312.7423887699187,2.5355535807479153,309.17183522,317.28279668,312.14647505523726
8641,302.6906050952748,1.3954037888008863,300.10382816000003,305.0838833,302.49302414
8643,305.02180163028123,0.9581387886220696,302.99205506,307.44573512,305.10983119681225
8645,,,,,
8647,,,,,
8648,,,,,
8649,,,,,
8652,303.8568449908454,0.7869344118966357,302.14096808,304.48914781999997,304.03113314
8653,307.1514134185767,0.27185417157567165,306.57414001999996,308.26605992,307.12307403200003
8656,,,,,
8659,,,,,
8661,,,,,
8662,,,,,
8664,304.7978732862266,1.5086599409204497,302.28452491999997,309.7153004,304.86342100999997
8665,,,,,
8669,300.01557128568425,0.0119630700457995,300.01154162,300.03546775999996,300.01154162
8675,304.97113448580956,0.7217446261018633,303.17662814,306.06485504,305.12831756
8681,294.6685957183075,2.1005574972018732,290.69060107999996,298.83916076,294.42080024
8683,,,,,
8684,,,,,
8687,299.26214088215085,0.47612699394365515,298.26835142,300.06281192,299.29375742
8688,300.6034930369517,0.288675102209948,300.07990201999996,301.56674072,300.59602304
8689,302.65508112564265,0.7474216301440288,301.614593,304.83094982,302.4634013
8690,,,,,
8692,,,,,
8693,,,,,
8694,,,,,
8698,,,,,
8705,294.8689358963166,1.7360554477276144,292.88838794000003,299.66973962,294.33193172
8706,301.1906741785527,0.4669221892589046,300.52082659999996,303.23815249999996,301.1325956228345
8708,,,,,
8711,302.4161264739525,0.40222996333825944,301.89145262,303.13902992,302.5374584
8712,301.84255639285385,1.5152785103935171,299.05107799999996,303.04674338,302.72544949999997
8714,,,,,
8715,,,,,
8718,,,,,
8719,310.17620650230583,1.3395024180637933,307.6986686,313.18800871999997,309.88278338
8721,310.39993356206577,1.274379832086118,308.23871576,314.6543393,310.1399308963439
8722,,,,,
8726,313.297795864844,1.3435297790268608,309.42818672,315.24223874,313.51158921965157
8727,,,,,
8730,301.6251427196994,0.05624788643573753,301.443692,301.6829534,301.64535518
8732,,,,,
8733,304.215642546495,0.8299809506180419,302.61949088,305.65469264,304.47547574
8735,,,,,
8736,,,,,
8740,,,,,
8744,,,,,
8745,,,,,
8748,306.6953743939852,0.5382092443409273,306.05118296,308.7069845,306.56979069925825
8749,,,,,
8751,303.8973948455176,3.219045503951321,299.61163328,310.0741925,303.7439794050781
8752,,,,,
8753,297.83885207416074,0.561093086054719,296.62086578000003,298.85966887999996,298.025672
8754,311.6537376318358,1.7619770665519008,309.41793266,316.36676732,311.32974518
8755,,,,,
8757,,,,,
8758,,,,,
8759,,,,,
8760,,,,,
8761,306.8927948979238,1.9215577007386921,303.93884660000003,309.82467704,306.74504102000003
8762,,,,,
8767,,,,,
8771,310.3772434693387,0.9398838869097905,308.7411647,312.35059382,310.6210757
8772,,,,,
8776,,,,,
8781,302.1162407664525,1.69327518293728,298.35380192,305.96231444,302.27051621681824
8783,,,,,
8784,,,,,
8786,,,,,
8787,304.353225042492,1.8530487524539971,298.23417122,306.52628774,305.09413736
8791,302.71737564090483,4.44335702995041,298.69560392,315.80108501,301.0510469525
8792,,,,,
8794,,,,,
8795,,,,,
8796,,,,,
8797,309.9430872503245,1.278426495410775,306.91594202,311.48241673999996,310.2989162367157
8798,,,,,
8800,297.0602453944545,0.8216673557046256,295.5305174,298.22391716,297.11647868
8801,,,,,
8805,,,,,
8807,,,,,
8809,,,,,
8813,,,,,
8816,,,,,
8817,,,,,
8820,,,,,
8826,312.15497457486015,2.0236239351526453,305.74697918,314.64408524,312.6427747744056
8828,,,,,
8830,,,,,
8838,303.75999592047054,1.00108772299866,302.6570891,307.91400386,303.54705440787643
8843,301.58829810557245,1.587260102032371,298.81865264,303.77136362,301.5752787370371
8845,,,,,
8847,,,,,
8849,,,,,
8850,,,,,
8852,,,,,
8854,301.54180425554637,0.3016980187557444,300.9480791,302.29477898,301.4892656
8855,309.1557534428445,0.9384842864074654,307.08684302,311.14061474,309.05106517999997
8856,281.37436767515777,10.834794888053832,235.05890756,288.14075816,285.3998480272022
8862,,,,,
8863,,,,,
8864,296.29555756555555,0.7812318731819556,294.91869182,297.74881238,296.38160438
8865,,,,,
8868,305.08773073830844,1.7944898645829432,302.09311579999996,309.75973466,305.19838697
8869,303.13294641744085,1.4396726536399975,301.8709445,306.92619607999995,302.60923682
8873,,,,,
8874,,,,,
8876,,,,,
8877,302.72704443196204,0.7365396217500889,301.20101258,303.67907707999996,302.94420277999996
8878,306.37318974742544,0.8143544134607578,304.54725415999997,308.01996248,306.24259208
8879,,,,,
8884,,,,,
8887,311.3000781532927,1.2889497430597288,309.3393182,314.26468502,311.24657335999996
8888,,,,,
8891,292.40162016814185,1.4890038431294796,288.80727206,295.07592074,292.85249873
8893,304.91968018950297,1.370414473581809,301.65560924,307.07658896,304.95399854
8895,,,,,
8899,,,,,
8900,,,,,
8902,313.9280763167547,1.5006963258687118,308.78218094,315.46441003999996,314.24417689999996
8903,,,,,
8904,,,,,
8905,289.60672128595263,1.4599448672709001,285.32089166000003,291.64764668,289.57461755
8906,,,,,
8908,288.68373945593584,2.6965843248000874,283.91266742,293.9582282,288.4780545881818
8910,302.16563646822186,1.1085768698240515,299.16387266000004,303.68933114000004,302.3323772
8911,,,,,
8912,,,,,
8914,,,,,
8915,,,,,
8918,,,,,
8919,,,,,
8921,,,,,
8925,309.69464741509614,1.4274226967369328,307.44231709999997,314.08011194,309.4869062687369
8929,,,,,
8932,307.33886538974735,0.6871931716731445,306.23575603999996,309.4418588,307.24065392
8933,304.6222830213998,0.358654665625018,304.14734582,305.40517718,304.59510644
8939,304.7639042213207,0.6405991623901377,303.11510378,305.54531599999996,304.9457098415
8940,,,,,
8944,289.7173528866861,1.2191073285170648,287.4981704,291.26824646,289.96939885999996
8950,,,,,
8951,306.6041811407254,2.231523585148967,305.45302946,317.55965630000003,306.38273089999996
8952,,,,,
8953,,,,,
8955,301.80338539406597,0.18465408194685684,301.66928132,302.08969778,301.73422370000003
8956,,,,,
8960,306.9236190143598,0.2820079247660788,305.97598652,307.43889908,306.9467042
8961,304.19519809999997,0.0,304.19519809999997,304.19519809999997,304.19519809999997
8963,,,,,
8964,,,,,
8965,,,,,
8967,305.9691399952761,0.1770638466189283,305.80850354,306.23917406,305.97940454
8968,,,,,
8969,,,,,
8973,310.854328052638,1.161686911895077,308.26947794,312.99659959999997,310.7748866
8975,,,,,
8979,291.8527721490528,2.8625994148949454,286.80431234,296.97633986,291.56903222
8983,309.2611219250189,1.3259043387641747,306.70402478,311.89257914,309.22652354
8985,,,,,
8986,312.9239256510523,1.190072135421397,311.01072998,315.50542628,312.72657602
8987,,,,,
8988,298.9619357680673,0.588953112769095,298.49394073999997,300.58235096,298.76738234
8989,294.9996376908973,2.126798706437484,292.50215168,297.97781971999996,293.32931252000003
8992,297.8536891573151,0.15736801516161436,297.46511671999997,298.05643418,297.8718611
8994,310.01681592402997,1.0794615102929412,307.81829930000004,312.45997046,310.27414667000005
8995,,,,,
8998,,,,,
8999,302.801565627143,1.1475864976528403,300.54133472,306.15372356,302.85761294
9000,,,,,
9001,,,,,
9002,,,,,
9004,304.01058924973836,0.9114794522732398,302.48960611999996,306.16739564,303.91833848
9005,295.2569441656962,3.102452665419998,291.89716214,303.2723327,293.88303176
9006,,,,,
9009,,,,,
9010,,,,,
9011,306.72254126246213,1.7273886622494525,303.50134004,310.42624856,306.99455648
9013,,,,,
9016,305.05410108028263,0.11075930966515642,304.85487595999996,305.2547843,305.05312112
9017,,,,,
9019,,,,,
9023,,,,,
9024,,,,,
9025,,,,,
9028,,,,,
9029,,,,,
9030,309.012024223921,0.5449715254639281,307.72601276,310.19724122,308.95649996
9031,,,,,
9032,288.8838660035311,0.7552108011288426,287.3956298,290.29752878,289.0362794
9034,,,,,
9035,,,,,
9036,,,,,
9039,,,,,
9041,,,,,
9045,306.96599898115136,0.32405086907503694,305.70254492000004,307.6644884,307.03728173
9047,,,,,
9048,,,,,
9049,,,,,
9053,304.75036971269463,2.7906550837621533,298.51957589,311.75244032,304.95912556999997
9055,307.38990756691993,1.292598048703254,305.13173558,309.82809506,307.80462722
9058,,,,,
9061,,,,,
9065,306.20217717321566,0.16931303545671475,305.83926571999996,306.6390824,306.18106772
9068,295.35994805999286,2.4572009615389105,290.7965597,299.18438077999997,295.58007869000005
9069,320.46742819374464,3.2154998405437683,312.49415066,324.33758996,321.01869253999996
9070,,,,,
9072,,,,,
9073,286.4359412853343,1.5977192170122159,282.25834574,289.09096772,286.62999332
9076,306.0217662322965,0.32694823664885336,305.4940457,307.0321547,305.97256849999997
9078,,,,,
9079,,,,,
9080,,,,,
9083,,,,,
9087,,,,,
9088,,,,,
9091,303.2536055066967,0.456067750044033,301.9393049,303.97644482,303.35170822467506
9092,,,,,
9093,,,,,
9096,,,,,
9097,304.55067218,0.0,304.55067218,304.55067218,304.55067218
9098,,,,,
9103,,,,,
9107,,,,,
9111,302.7844237851753,0.6265797138210871,301.26595496,303.61071668,302.92916349199993
9113,,,,,
9116,,,,,
9117,,,,,
9118,,,,,
9119,,,,,
9122,305.2895534968737,0.14297784688662601,304.83094982,305.76748729999997,305.29921856
9123,,,,,
9124,304.0722643339106,1.8483033522107781,298.47343262,305.72647106,304.709848603567
9129,,,,,
9130,,,,,
9132,,,,,
9136,304.96948902315205,0.44129987249327635,304.44813158,306.24259208,304.82069576000004
9140,,,,,
9141,,,,,
9142,,,,,
9143,303.3912754716958,0.3662125143426539,302.74595762,304.33875494,303.3748733
9145,,,,,
9147,,,,,
9150,302.240983764842,0.2944683600038344,301.78207598,303.0672515,302.15976719
9151,,,,,
9152,,,,,
9155,295.4951398342719,0.7057621476549064,293.75998304,297.60525554000003,295.50551309261743
9156,,,,,
9158,305.9731188686808,1.5660225633620666,303.12535784,309.28804790000004,306.09561722
9161,,,,,
9163,309.8296268527688,1.21233199545132,307.43206304,312.6547976,309.75973466
9164,,,,,
9165,,,,,
9168,306.17243592147713,0.15058772501323345,305.92471622,306.55704992,306.14688752
9171,303.77836615258457,0.3955249175568752,302.6570891,304.4515496,303.89441234000003
9175,301.948574524379,1.2820328259450517,298.91777522,303.43297964,302.3905029421949
9177,,,,,
9178,,,,,
9179,,,,,
9180,309.4869223781441,0.7897845052217474,306.9296141,311.07909038,309.34273622
9185,,,,,
9187,302.85404137675897,0.6793582932990073,300.99251336,304.49256584,302.91002258000003
9189,,,,,
9190,306.8135544385587,0.302805143641263,306.01358474,307.26458005999996,306.87036842
9192,,,,,
9195,303.9809614472852,0.5676248435578009,302.92027664,305.42226728,303.8672530441426
9196,,,,,
9197,306.3105617300816,0.7372119006829384,304.4515496,307.4594072,306.44425526
9198,,,,,
9199,,,,,
9200,,,,,
9201,,,,,
9202,,,,,
9204,,,,,
9206,,,,,
9207,277.1035866986397,3.5003005286721702,272.390522,282.96587588,277.31930683999997
9208,295.7521619199022,1.3434074139709606,291.86298194,298.32987578,295.9520885964865
9210,301.76401246682593,0.18637178186329845,301.46078209999996,302.19907442,301.74447776
9213,,,,,
9214,,,,,
9215,311.013062622167,2.0383837506007603,309.25728572,316.33600514,309.991305515
9216,302.30064310132474,0.09712235278262873,302.06577164,302.49302414,302.3221231400001
9223,302.51909444392413,0.82939156788926,301.12239811999996,303.77819966,302.47935206
9225,312.2273691347915,1.2118890399891673,307.85247949999996,314.97563318,312.503037512
9226,300.2044491752674,1.9353697946276878,296.87892629,302.58531068,300.59545337000003
9228,,,,,
9232,,,,,
9233,305.1611129026158,0.8035255378824798,303.19713626,306.4340012,305.03944904
9234,304.6072452346031,0.6044791900551764,303.39538142000004,305.76748729999997,304.73695426999996
9235,307.76706941059274,1.3914052470553901,305.07021122000003,309.8007509,307.94476604
9236,311.5845645931187,2.325766391782849,306.65959052,314.8081502,312.48464889148323
9237,,,,,
9238,303.04543105574874,0.4611015214417071,302.35288532,304.54383614,303.00230912
9239,,,,,
9241,308.1155348614335,0.7599256866511278,305.98282256,309.30171998000003,308.27887749499996
9246,,,,,
9247,,,,,
9249,,,,,
9251,,,,,
9254,,,,,
9258,,,,,
9259,,,,,
9267,,,,,
9268,,,,,
9270,303.33264372762113,1.497596074950652,302.09653382,308.5360835,302.80408256990927
9274,311.18268280171117,1.2117786373486115,307.95160208,313.65627745999996,311.2947271336146
9275,310.98167355087554,1.4805799594915026,309.29830196,314.79447812,310.42539405499997
9276,,,,,
9278,,,,,
9287,311.59132009764505,1.0922362305230262,307.92425792,314.40824186,311.66698981999997
9290,,,,,
9295,,,,,
9297,,,,,
9301,,,,,
9303,306.8080025250147,0.2979905483024266,306.36222278,307.99603634,306.75529508
9309,,,,,
9310,,,,,
9312,313.06170630788455,1.0328233358505976,311.85498092,314.72611772,313.27687724
9313,,,,,
9316,310.73816521357867,0.698618872398243,309.2538677,312.12842251999996,310.83982898
9317,,,,,
9322,,,,,
9324,,,,,
9325,304.10291156,0.0,304.10291156,304.10291156,304.10291156
9330,,,,,
9331,,,,,
9332,,,,,
9333,,,,,
9337,,,,,
9338,,,,,
9341,,,,,
9346,,,,,
9349,310.16990294262655,1.5673679698644152,307.99945435999996,313.80325231999996,309.50338316
9350,298.56571916,0.22558932000597823,298.5554651,299.00664373999996,298.5554651
9352,,,,,
9353,,,,,
9355,,,,,
9359,,,,,
9362,305.1281826127919,1.2000566690352308,302.42808176,308.26605992,305.3273604805274
9364,309.77198281818653,1.1732999318313306,307.6815785,313.5434828,309.6127598
9367,,,,,
9369,,,,,
9371,305.5201958382681,0.41681586532702203,304.49940188,306.24942812,305.61709442
9372,,,,,
9373,307.86574232222915,0.8346123172160648,306.22208395999996,309.51705524,307.68841454
9375,309.0540355563084,1.6769377288645562,305.89053602,314.35697156000003,308.91353056571427
9377,300.15198774863353,1.0513509239975187,299.2048889,302.27085284,299.67999368
9378,311.27786483488626,2.5447042852201136,307.77044702,315.42681182,309.90670952
9381,,,,,
9384,298.8546711091436,0.37454370971214607,297.7351403,299.55352694,298.8776438481218
9385,286.51378064,0.0,286.51378064,286.51378064,286.51378064
9386,304.40485261406076,0.40757758937512417,302.71177742,304.99159676,304.35242702
9389,307.18254758,0.0,307.18254758,307.18254758,307.18254758
9390,,,,,
9391,,,,,
9394,304.8326502247129,0.2933706475376599,304.44813158,305.3573249,304.73866327999997
9395,,,,,
9396,,,,,
9398,302.42857521699136,1.1322068169459998,300.79768622,304.65321278,302.59556474
9400,,,,,
9401,,,,,
9402,,,,,
9403,,,,,
9406,299.7628994103608,0.36055699655833007,299.29375742,300.61994918,299.63897743999996
9407,274.25380282213644,0.9784994451763291,271.67615581999996,276.12299984,274.26163645688956
9409,306.42877225655957,0.11662637367467266,306.31095247999997,306.7245329,306.37589486
9414,,,,,
9417,,,,,
9418,,,,,
9419,310.59902189000286,0.7111917111848631,308.78559896,313.2187709,310.4776708884969
9420,306.6329310764903,0.5136224609025716,305.37783302,307.4081369,306.61721231948354
9421,,,,,
9425,,,,,
9426,312.9734533885031,1.2588499517015104,310.82273888,314.74662584,313.05812396
9428,,,,,
9429,,,,,
9430,,,,,
9431,,,,,
9432,289.4653248104565,0.9955128795136924,287.99720132,292.4372093,289.16787316999995
9438,,,,,
9442,,,,,
9444,,,,,
9445,305.94629612582037,0.6041427460441714,304.56776228,306.61857427999996,306.18790376
9447,,,,,
9449,,,,,
9450,,,,,
9452,308.3642291805074,0.2188871946419817,307.40130086,308.65229618,308.41184570073665
9453,302.49302414,0.0,302.49302414,302.49302414,302.49302414
9454,,,,,
9455,,,,,
9462,304.8403094639066,0.8681742001480038,303.29625884,306.4681814,304.71473714
9463,309.5780213594932,0.515358220203901,307.4935874,310.7236163,309.6070631
9465,,,,,
9467,,,,,
9475,,,,,
9476,306.1216640346662,1.5486009688204894,304.4515496,309.59225168,305.2928188629787
9477,310.11862676,0.0,310.11862676,310.11862676,310.11862676
9478,312.0258290966499,1.212333911718809,309.11714689999997,314.18265254,312.07715222
9479,307.261610566206,1.2060721742461258,305.99307662,310.58689549999997,306.80118516333334
9483,,,,,
9485,304.6405748303544,1.3926740631901044,302.3152871,309.30342899,304.32450564470196
9490,,,,,
9491,,,,,
9493,,,,,
9499,,,,,
9500,,,,,
9505,299.5042259453693,1.064055949525387,298.0769423,301.69662547999997,299.16387266
9509,300.4194302959775,1.8213658614751755,295.60229582,303.67565906,300.6474674326995
9510,,,,,
9511,,,,,
9516,324.1166816409967,1.7918532580488618,318.28769456,326.53879484000004,324.26581153999996
9517,,,,,
9520,306.23448782167435,2.3513582352295166,302.30845106000004,311.72509616,306.33658763
9521,,,,,
9523,295.3176974521538,0.8508049284532656,290.7452894,296.16626912000004,295.43481284
9525,,,,,
9527,,,,,
9531,,,,,
9532,,,,,
9535,320.20234780341883,1.4317071363533984,316.26764474000004,322.27652390000003,320.60511212
9537,287.5222411120099,1.8324331083017187,285.86777486,292.044137,286.77696818
9539,,,,,
9541,,,,,
9543,,,,,
9546,,,,,
9547,,,,,
9548,307.41206676849504,0.4638538440691877,306.59464814,308.88472154,307.36712065999996
9550,305.20453355608805,1.4246615350796596,302.0076653,307.16203945999996,305.13173558
9551,,,,,
9556,,,,,
9557,304.1576654457925,0.2429437770481385,303.66198698,304.66688486,304.14734582
9558,301.22813465436457,0.24312831629757026,300.37043372,301.8196742,301.23956901415386
9560,293.61034604841086,0.7954069950054885,292.16718572,294.81956923999996,293.55148382
9566,,,,,
9569,,,,,
9571,,,,,
9573,,,,,
9580,316.141542620165,0.5891209955949054,314.62357712,317.29305074,316.1628171349687
9583,,,,,
9584,,,,,
9585,304.2788390734609,0.155137477644958,304.02771512,304.65321278,304.2635585
9586,,,,,
9592,310.041127977248,2.3921018558439147,303.8021258,313.40676199999996,310.85656191144597
9594,,,,,
9595,291.458837727578,1.1278674586354318,289.33022912,294.83665934,291.35654531
9596,,,,,
9600,,,,,
9601,305.5356662871195,0.6666673153819126,304.4173694,306.47843546,305.43935738
9603,302.893948265745,0.23715530742691954,302.74937564,304.28406662,302.84166217999996
9605,,,,,
9606,,,,,
9607,,,,,
9608,301.62033202439903,0.3788930903646263,300.2302949,302.19223838,301.66586329999996
9609,302.3039107569485,1.3429486512230415,297.6667799,303.83630600000004,302.71348643
9613,305.3904669145063,0.7325760669010416,304.18152602,306.21524792,305.83242968
9622,305.9263330427386,0.042725250034978464,305.8529378,305.9383883,305.9383883
9624,,,,,
9627,,,,,
9629,,,,,
9631,,,,,
9632,,,,,
9633,304.49870114037054,0.6760084533276399,303.56970044,305.90762612000003,304.75233535999996
9637,306.8115272629908,0.26196954896617686,306.37589486,307.44231709999997,306.80314736
9641,,,,,
9642,294.7819025697589,2.1145517927885704,290.30778283999996,298.03592606,294.88451162
9643,304.30218573356007,0.7432743413011481,302.71861346000003,305.58975025999996,304.51649197999996
9650,299.2143179749793,1.2143366583099189,298.2307532,301.25570089999997,298.53153896000003
9652,309.11183759267504,1.0181988084002889,306.56388596,311.7832025,309.11885591
9656,,,,,
9660,,,,,
9661,312.41410024480365,1.3231539294008288,310.1767331,314.61674108,312.55909304
9662,,,,,
9663,,,,,
9672,,,,,
9674,,,,,
9676,,,,,
9677,,,,,
9678,301.27201977503677,0.8864318215274047,299.84747666,303.58679054000004,300.91081973543106
9681,,,,,
9685,,,,,
9688,,,,,
9692,,,,,
9693,307.270048892,0.5320292787346437,306.27677228,307.72259474,307.40130086
9694,,,,,
9695,,,,,
9697,303.91754785599124,1.3148634672684307,302.2127465,306.53312378,303.66996236
9700,301.2172314545659,1.4146743654462355,298.83061570999996,305.17275182000003,301.04207465
9706,,,,,
9707,301.7132409410952,1.2206546546334234,299.90216498,304.16785394,301.33312628073674
9711,,,,,
9714,,,,,
9720,,,,,
9722,,,,,
9730,,,,,
9731,308.4649257593633,1.559018171932206,306.1092893,311.6464817,308.13389648
9732,,,,,
9733,305.14557490910926,0.6544093657391028,303.80725283000004,307.59954602,305.098409885
9734,315.7404469699662,1.4783067940664314,312.66846968,317.88095018,315.82330214
9735,304.02771512,0.0,304.02771512,304.02771512,304.02771512
9736,,,,,
9740,,,,,
9741,,,,,
9745,299.80396044955995,0.32465578394956623,299.12285642,300.73957988,299.78595229999996
9748,302.9982318848727,0.7717271238648665,300.76692404,303.89099432,303.2210624
9749,308.7842691596528,1.0276829572693773,307.58245592000003,311.25682742000004,308.46430508
9754,,,,,
9755,293.3036149104479,0.6561293932080867,292.62178238,295.40405066,293.1379034
9756,,,,,
9759,,,,,
9763,,,,,
9765,,,,,
9768,310.22192085186384,1.9973169187029152,304.68055694,312.54200294,310.69798115
9771,,,,,
9774,,,,,
9779,,,,,
9780,,,,,
9782,310.1287858182486,3.192551838212914,306.76213112,317.89804028000003,309.52730929999996
9784,300.0278798819592,0.4588456351326173,298.65458767999996,300.95149712,300.0743861676191
9785,,,,,
9786,,,,,
9788,,,,,
9789,,,,,
9791,295.9403717731949,1.778073563234028,293.03878082,299.77911626,296.24488357999996
9792,,,,,
9795,299.47363031301904,0.15192856176053904,299.05791404,299.75860814,299.45440436
9796,,,,,
9798,,,,,
9800,,,,,
9801,293.42259944566143,3.7381121467238656,288.56459264,301.0847999,292.96016636
9805,,,,,
9808,,,,,
9810,,,,,
9815,,,,,
9818,,,,,
9822,,,,,
9823,,,,,
9825,,,,,
9828,,,,,
9831,,,,,
9833,,,,,
9835,,,,,
9836,,,,,
9838,,,,,
9840,301.61990780211295,0.8872105565095237,300.47297432,303.35094716000003,302.08286174
9842,,,,,
9846,,,,,
9848,,,,,
9849,306.8954339,0.0,306.8954339,306.8954339,306.8954339
9850,288.8432502937627,1.7910763018410367,284.30915774,292.53291386,288.97475504
9851,,,,,
9852,,,,,
9853,,,,,
9854,301.5794873566428,0.47487039840026835,300.24396698,302.31186908,301.66928132
9859,311.5487155959133,1.3987494408108618,308.23871576,313.77932618,311.71313309
9860,,,,,
9862,,,,,
9863,,,,,
9864,,,,,
9865,288.2347891098591,1.4630535716427362,285.91220912,291.31609874000003,288.42787183999997
9870,,,,,
9872,,,,,
9877,,,,,
9880,,,,,
9881,307.08681224531773,0.25527298353398936,306.42716515999996,307.59954602,307.0594988599999
9882,,,,,
9883,,,,,
9886,,,,,
9887,,,,,
9889,310.2630524693724,1.225707562791955,308.78218094,313.18800871999997,309.7323905
9890,,,,,
9891,300.94857221102376,1.6554006419141483,297.1198967,307.44915313999996,300.7314620825
9892,301.27893036334905,0.7784597140820034,300.79085018,303.36803726,300.94124306000003
9894,,,,,
9899,,,,,
9900,,,,,
9906,,,,,
9911,305.0474534631306,1.1050483471896353,300.9480791,306.72111487999996,305.4598655
9914,,,,,
9916,,,,,
9918,,,,,
9920,,,,,
9922,,,,,
9924,,,,,
9926,,,,,
9928,304.61916345109665,1.151030563310765,303.62097073999996,307.4935874,304.151618345
9930,,,,,
9931,,,,,
9934,,,,,
9935,,,,,
9937,303.8782676765962,0.17333908477019658,303.52526618,304.27723058000004,303.89441234000003
9939,,,,,
9946,,,,,
9949,301.5469074325912,2.0374172424854473,296.10132674,303.9046664,302.42808176
9950,307.3965498485098,0.6652789414521362,306.06143701999997,308.69673044,307.4878907
9951,275.53026737769784,2.3959170032832047,273.2792072,282.96245786,274.81048016
9952,,,,,
9956,,,,,
9960,,,,,
9963,307.82924161135645,1.2567818831324629,305.76406928,309.52047326,308.2113716
9964,,,,,
9965,,,,,
9969,,,,,
9972,296.3586116434335,1.3467683358368692,294.3513005,298.6921859,296.1628511
9974,304.5851847706808,0.3082962723309889,304.04822323999997,305.28212845999997,304.55750822
9975,,,,,
9976,,,,,
9979,294.806411939668,1.0702810649483856,293.06612498,297.20876522000003,294.40940684
9982,,,,,
9984,302.662463950562,3.87365434584909,289.72671944,305.01210488000004,304.28749643269657
9992,303.0592540176594,1.17046648772669,301.94614093999996,309.48629306,302.7117190803012
9993,,,,,
9994,300.5162815017749,0.24748255214145515,299.89191092,301.02669356,300.527026439197
9999,305.92048161342007,0.33820260528059054,304.66004882,306.14346950000004,305.97256849999997
10003,299.673897327998,0.7229019970896335,296.30298991999996,300.3841058,299.86018212793
10007,,,,,
10009,304.4515496,0.0,304.4515496,304.4515496,304.4515496
10011,306.7827522412235,0.42705980234656743,305.88028196,307.83880741999997,306.70060676
10014,310.65287048970976,0.9731980340451493,308.68305836,312.72657602,310.58518649
10020,,,,,
10021,301.59928077003536,1.1156364364952864,300.04913984,303.95935471999996,301.18050446
10022,,,,,
10026,312.0664405522753,0.7516449359703681,309.81100496,313.75881805999995,312.02588191999996
10029,297.3438975322449,0.974691224299069,295.67065621999996,300.42854006,297.17230634000003
10030,,,,,
10032,302.60435232120295,0.9683027741328041,300.99251336,304.9642526,302.50327819999995
10036,,,,,
10040,305.69395947202474,0.4149100973139562,305.21718608000003,306.6219923,305.74356116
10041,308.2614094237892,1.5201561595935686,305.34023479999996,312.31983163999996,308.50532132
10044,308.17086010293457,0.6076118736715692,307.38762878,309.46236692,308.0059783411127
10046,303.94265759098937,2.4273987664655787,299.81671448,309.41109661999997,303.49792202000003
10047,283.88390875494633,3.0480177977744756,279.07616912000003,289.52847427999995,283.59820958
10048,305.4435987345728,1.416800418438996,303.3748733,308.49506726,305.34365282
10049,,,,,
10052,,,,,
10053,,,,,
10057,,,,,
10058,305.64624215782163,0.6519002922198096,304.71473714,307.3568666,305.57095115000004
10059,,,,,
10062,,,,,
10064,,,,,
10065,,,,,
10068,,,,,
10069,,,,,
10072,,,,,
10073,,,,,
10076,305.3518584849224,0.639282061602851,304.29090266000003,307.73626681999997,305.26093459304076
10083,,,,,
10085,,,,,
10088,,,,,
10090,,,,,
10091,306.40242101402447,1.7201489883480021,301.78891202,309.95114378,306.59293913
10094,,,,,
10096,,,,,
10098,,,,,
10099,,,,,
10100,303.09375448535286,0.42091140735938004,301.80942014,304.00037096,303.038540132
10102,304.2460421461858,0.7735886612126738,303.59362658,305.90762612000003,303.83853347370786
10104,,,,,
10105,302.62828766291585,0.1114614876573169,302.33921324,302.93053069999996,302.6343023
10107,,,,,
10109,300.8980641426706,0.7756313975107932,299.70391982,302.10678787999996,300.7771781
10110,,,,,
10112,,,,,
10113,,,,,
10114,,,,,
10115,,,,,
10117,298.42106392946073,0.3905725496131477,297.62576365999996,299.17754474000003,298.37431003999995
10118,,,,,
10122,319.10840798165674,4.207142360353037,312.04297202,325.97140351999997,319.06016708
10126,304.8164649805085,0.4116841209284249,303.96619076,305.41884926,304.89247418
10128,,,,,
10137,,,,,
10142,,,,,
10143,305.16489580146776,0.23331172598933145,304.74549932,306.01358474,305.1981115666225
10144,308.3086056790369,0.9458980399614179,306.3314606,310.6381658,308.44721498
10146,305.5615267048554,0.8926488731646838,303.5799545,307.50725948,305.51968085
10153,,,,,
10154,299.86022779694895,1.9085089806816629,295.56811561999996,302.86900634,300.0252137
10155,,,,,
10156,,,,,
10159,,,,,
10163,,,,,
10165,,,,,
10167,,,,,
10169,285.09970120547985,1.1780930324775885,281.18166944,286.9512872,285.16024472000004
10170,305.35185713793163,1.2824277604657701,301.95297698,307.6986686,305.34023479999996
10173,303.70186720169096,3.0723066800071406,295.91333564,306.64250042000003,304.52674604000003
10178,,,,,
10181,300.02931030375663,0.6068694727869334,299.49200257999996,301.65560924,299.85089468
10182,310.26703576248804,2.3590089584214398,306.38614892,315.64898312,309.73922654
10184,,,,,
10185,292.0604445176639,1.0058671675248279,291.37078706,294.27610405999997,291.63739262
10187,290.9044745555598,3.0566269052358055,282.24809168,294.94603598000003,291.61498712216434
10188,,,,,
10189,291.51617409853213,2.2726921527234194,286.94786918,294.85033142,292.02191987
10192,279.6637839478268,2.28209412158815,276.92281651999997,285.39950611999996,278.85399781999996
10195,287.09386881100124,1.0222354522251242,284.79793459999996,289.69937528,287.0375765788258
10196,,,,,
10200,,,,,
10202,313.7221534945345,1.1121431849871526,311.36278604,316.74616754,313.26662318
10203,313.99303607360673,0.7980452782669508,311.89599716,316.85554418000004,313.85404345831773
10204,308.19816710251547,1.8149896481362606,305.75723324,311.32176979999997,307.56878384000004
10206,301.5027040725214,0.2763347006406894,301.0335296,302.22300056,301.4555291429474
10207,290.8864912374996,0.7021812731898631,289.74722756,293.64377035999996,290.85102660979754
10209,310.88092257973835,1.2412669830490097,307.79437315999996,313.22902496,310.72703432000003
10211,298.4816704226309,1.7565490866713362,294.51194744,301.60775695999996,298.76738234000004
10213,305.8334776266178,1.05713878337623,303.31334893999997,307.60638206,306.13967169999995
10215,,,,,
10216,306.9739922118275,0.7777917616987143,306.058019,308.30365814,306.9296141
10219,301.0719317906374,0.18553345805122973,300.56526085999997,301.38900368,301.07454584
10220,,,,,
10225,,,,,
10227,,,,,
10228,,,,,
10229,298.1236241537133,0.40376152133836035,297.01393808,298.84257878,298.07352428
10232,305.2696542053702,0.6993218431041471,303.73718342,305.69570888,305.64102056
10234,,,,,
10235,,,,,
10236,,,,,
10237,306.97609585415347,1.5413899193743463,301.73764172,309.01118828,307.23609656
10238,,,,,
10240,,,,,
10241,304.8031928835995,1.0629093981195572,303.74060144,308.78901698,304.3911495886842
10242,,,,,
10243,313.062527177141,1.1342494010379267,309.84518516,315.51568034,313.36574576
10248,306.7923317879907,0.8567770022032394,305.13515359999997,309.11031086,306.70744279999997
10249,309.2856054040401,0.9220597123259862,307.34661254,311.34569594,309.2300742986408
10251,,,,,
10252,309.4873417245265,1.4647383535038523,308.08832287999996,313.29396734,308.986407635
10254,,,,,
10256,,,,,
10258,,,,,
10259,,,,,
10260,,,,,
10262,,,,,
10264,,,,,
10266,308.43073596069155,1.2513195490964832,307.29534223999997,311.93701339999996,307.98749129
10268,,,,,
10269,300.70587245545954,0.4748483663461587,299.93292715999996,301.72738766,300.64729334000003
10271,,,,,
10272,303.9948341185613,0.5668005094870909,302.8450802,305.04286706,303.9704862418507
10273,311.0038134465807,3.0299851845816224,305.74014314,322.00650032,310.0356177028571
10276,,,,,
10279,299.23329392588175,1.5471227473534186,296.79176678,302.0247554,299.4099701
10282,311.94390280777765,2.2200983943224384,307.3568666,315.67632728,312.74366612
10283,,,,,
10285,,,,,
10286,,,,,
10289,,,,,
10292,,,,,
10294,,,,,
10298,,,,,
10305,,,,,
10308,,,,,
10313,,,,,
10315,,,,,
10319,309.10329724664365,2.3090708849443433,304.20887017999996,314.36038958,307.71923458249097
10321,,,,,
10322,,,,,
10324,,,,,
10326,304.45638329815665,1.4047688408121186,302.58531068,307.06975292,304.40027929999997
10327,303.67564153114427,2.526984943216698,300.59260502,308.73774668,303.5799545
10329,,,,,
10331,293.0640806108343,1.399277937174382,290.03775926000003,295.95435188,292.99434656
10335,,,,,
10339,,,,,
10343,,,,,
10344,,,,,
10345,302.2409727038284,1.2902736337094827,299.2903394,305.01552289999995,302.369120915
10351,300.60223519386784,5.588690188783468,296.07056456,316.7051513,298.57511321782704
10353,,,,,
10354,,,,,
10356,298.43237979718396,4.0757605983419865,290.84099396,306.15714158000003,298.09915943
10358,306.268369117537,0.3121051958347892,305.79141344,307.09367906,306.24942812
10361,,,,,
10363,,,,,
10366,,,,,
10368,,,,,
10369,308.4138718090394,0.543304499227133,306.30753446,309.305138,308.4677231
10372,,,,,
10377,305.10068479854266,0.32339224584372206,303.69274916,305.84951978000004,305.0838833
10378,,,,,
10379,,,,,
10381,,,,,
10382,,,,,
10383,,,,,
10385,,,,,
10387,,,,,
10388,312.39372958227256,1.8035892301318064,308.71382054000003,315.58062272,312.48047857999995
10394,,,,,
10397,296.37353800238526,1.5297326684432502,294.48460328,299.86456676,295.7723536479575
10398,,,,,
10399,,,,,
10403,,,,,
10405,289.4361377216564,1.0545815185677163,286.73253392000004,291.44940152000004,289.6686131
10412,303.8024089682721,1.0370220507180539,302.22300056,305.61367640000003,303.87390422
10413,,,,,
10414,302.60175362322144,0.7279404882113353,301.70346152,306.09903524000003,302.39271248073663
10417,311.73824301131873,2.080891553663073,307.05608084,315.97369502000004,311.36278604
10418,,,,,
10419,292.9646728517235,1.4861351200153297,289.63101488,294.92552786,293.38400084
10421,,,,,
10422,,,,,
10426,,,,,
10429,,,,,
10441,,,,,
10442,,,,,
10443,,,,,
10444,,,,,
10446,,,,,
10448,,,,,
10450,,,,,
10451,,,,,
10457,,,,,
10460,,,,,
10462,305.04297074001124,1.0392460214166508,302.7596297,306.98088440000004,304.96546544580644
10463,,,,,
10464,,,,,
10467,,,,,
10469,308.00307349660477,0.8797803945271593,307.27483412000004,311.08592641999996,307.70721364999997
10470,,,,,
10471,308.693504394354,0.7854137925681064,306.99113846,309.96823387999996,308.78388995
10472,,,,,
10474,,,,,
10475,286.7364559134598,1.0857740194310381,284.10749455999996,288.46888808,287.02648364000004
10477,309.9523597210356,0.8951646690921228,306.92277806,311.04491018,310.16989706
10480,301.5561881292769,1.1371351554430325,298.89384908,303.71325728,301.61630201
10481,,,,,
10483,301.248090358616,1.5713078405003442,297.06179036000003,303.22789844,301.60570614799997
10486,,,,,
10487,308.68992906703636,1.4173070926645839,307.19280163999997,312.57960116000004,307.9584381199999
10490,,,,,
10492,,,,,
10495,293.2829343932565,1.8271298483655658,289.48745804,297.13015076,293.45919728
10497,304.14236690954164,0.8091456351453874,302.59214671999996,306.11612534,304.19610561399503
10499,,,,,
10501,304.30371526601584,0.4695897163898473,303.323603,305.8016675,304.305429245
10502,308.64393239669056,1.4105715050835632,306.43058318,310.78514066,309.40084256
10504,303.6292369814584,0.8090856077483827,302.10336986,305.46670154000003,303.4774139
10505,,,,,
10506,307.1222096118633,1.5291889087667525,305.64443858,310.672346,306.4223718420118
10507,,,,,
10510,,,,,
10511,,,,,
10512,,,,,
10513,315.92232694639665,2.337589053586095,313.13673842000003,322.7550467,315.36186943999996
10515,,,,,
10516,315.4061813264444,0.6258931229546476,314.35355354,316.0899077,315.26274686
10518,,,,,
10520,,,,,
10521,,,,,
10522,,,,,
10523,,,,,
10528,,,,,
10529,,,,,
10535,,,,,
10536,,,,,
10538,304.72109602051285,0.49525951313725824,303.85681411999997,305.5965863,304.89247418
10539,,,,,
10540,,,,,
10541,308.28957320429237,2.4225231554754463,305.94864236,313.09230416,306.74504102000003
10543,,,,,
10544,,,,,
10545,294.5704830923863,1.2149086238607172,291.55536014,297.04128224,294.65550428
10546,,,,,
10549,,,,,
10553,,,,,
10554,301.75705437797654,0.22160016554203807,301.50863438,302.13413204,301.75473181999996
10558,,,,,
10559,311.37380955567596,1.754315245541177,307.77386504000003,314.51078246,310.92527948
10561,,,,,
10562,,,,,
10563,,,,,
10566,301.53396828548557,0.2919195965966565,300.75325196,302.53404037999996,301.5032022754246
10568,,,,,
10569,,,,,
10570,,,,,
10571,309.8378054921589,0.935489817056037,308.3993627,311.84130884,309.58883366
10573,296.23746098163207,2.903632534766409,291.54510608,300.76350602,296.4333651582063
10574,,,,,
10579,,,,,
10580,,,,,
10581,,,,,
10582,,,,,
10584,,,,,
10589,307.0995698354259,1.1015512228280295,305.02235894,309.36324434,307.48675135999997
10593,,,,,
10594,305.7103408845181,0.21717734117320223,305.22402212,306.04434692,305.753302517
10597,298.727322770562,0.22999368534340126,298.34354786,299.16729068,298.71611204
10599,,,,,
10600,,,,,
10601,,,,,
10604,,,,,
10610,306.1068793374371,1.178370694066346,304.43787752000003,308.58393578,305.8187576
10612,,,,,
10613,301.9058080036467,0.9536765091120626,300.59260502,304.61903258,302.21616452
10615,306.604128461068,0.792404736780186,305.56582412,307.91058583999995,306.6219923
10616,,,,,
10617,314.130071736578,5.276996886925417,302.78013782,327.14036636000003,314.33532410000004
10618,303.8900704701436,1.1130672625455127,301.56674072,305.98282256,303.91492045999996
10621,,,,,
10627,,,,,
10628,,,,,
10630,305.7968960142898,0.3979111148718677,305.31630866,306.83732756,305.62051243999997
10631,300.783398845112,1.8294774979169959,298.37431003999995,306.39640298,300.65925641
10633,,,,,
10634,,,,,
10635,,,,,
10636,,,,,
10641,,,,,
10642,304.39746446,0.10600491855639607,304.29432068,304.57801634,304.39686128
10643,,,,,
10645,306.1335884449944,0.8246629236857395,304.20545216,307.56878384000004,306.31949753000004
10652,302.860027065765,1.2282732801096312,298.7776364,304.9813427,302.981801
10655,288.44079320419183,0.5367670226950298,287.79895616,289.77457172,288.31165916
10657,,,,,
10658,,,,,
10664,,,,,
10665,312.6973843394142,1.1969635703063248,309.4076786,314.08011194,312.9811515386357
10674,312.51175908844414,1.0197273026511804,309.81100496,314.03567768,312.78810038
10675,295.5061819274889,6.347995712385866,267.77961302,298.36405598,297.43490719616887
10681,,,,,
10682,,,,,
10683,,,,,
10687,,,,,
10688,292.5933834689458,0.4311804712376061,292.06464512,293.56515590000004,292.49189762000003
10689,305.89931999659836,1.19536302983065,303.66540499999996,308.22504368,305.87686394
10691,299.6783549311432,1.0177224365773958,296.08081862,300.69514562,299.92495178
10692,306.881287496063,0.4020351696035497,306.11612534,308.05072466,306.87339442696924
10697,305.07670116551606,0.725365218222506,302.5203683,305.887118,305.28212845999997
10701,,,,,
10704,,,,,
10706,306.81213901689017,0.22139762197918597,306.03751088,307.17571154,306.8631623024087
10708,311.122771533235,1.9591860141727424,306.17764969999996,315.96685898,311.3453562609938
10709,305.66236265081835,1.2801743360631217,302.64683504,307.41155491999996,305.96231444
10712,300.96061183999996,0.13235101417774903,300.73957988,301.24886486,300.96858722
10713,,,,,
10715,311.6155398322478,1.6701831003239462,308.65571420000003,314.9961413,311.8800464
10716,,,,,
10718,,,,,
10719,,,,,
10721,302.4075043513941,1.099280071916708,301.03011158,304.4344595,302.45884394
10722,302.1037994290665,3.9564654558542562,297.73855832000004,312.74366612,300.5180816490069
10723,,,,,
10724,,,,,
10725,,,,,
10726,,,,,
10728,,,,,
10732,291.52054325,0.0905775298385669,291.40154924,291.5827043,291.5827043
10733,,,,,
10735,,,,,
10736,,,,,
10739,301.99843552358516,0.4927123900579925,301.0335296,302.82115406,301.94784995
10740,311.86083676434635,2.2524320506899156,305.70596294,315.19438646000003,312.23096311999996
10742,,,,,
10743,301.38408239849247,0.7467680590927962,300.20295074,302.53062236,301.2215207
10747,302.2083470804993,1.712928058739796,298.60844441,305.38466905999996,302.2001889917391
10748,,,,,
10749,304.8360306605406,1.04522274775211,303.94568264,306.17764969999996,304.0584773
10750,,,,,
10751,,,,,
10757,289.6298971227119,1.522316418350289,286.6607555,292.30732453999997,289.53360131
10758,,,,,
10760,,,,,
10762,292.8670320614271,1.0433138131825532,290.76921554,294.71702863999997,292.75166714
10764,301.1961719269615,0.9012269288276439,298.9998077,302.62632692,301.46420012
10768,305.3578013693963,0.4332794017381456,304.78993358,306.3143705,305.16591578
10770,305.5533863249999,0.4289964557779912,304.74549932,305.89053602,305.87686394
10771,,,,,
10773,308.71135525808717,0.25617766439479783,307.91058583999995,309.35982632,308.7069845
10774,294.24320976558255,1.1769152989121032,292.09540730000003,296.40894854,294.25559594000003
10777,,,,,
10780,307.438099677619,0.496461357811928,306.06827306,308.03021653999997,307.58245592000003
10782,,,,,
10787,301.527072616951,1.0566609327376428,296.68409915,304.89247418,301.54641201154783
10796,,,,,
10798,309.2991755081278,1.404425332114029,304.36951711999995,310.70310817999996,309.6811202
10799,,,,,
10802,307.76782990983946,0.9221450138118533,305.51455382,309.57516158,307.8669627690783
10804,296.43411378594897,1.0464105467635483,294.01975256000003,298.25467934,296.54225132
10807,,,,,
10808,,,,,
10810,293.33919730667304,1.0963384212848712,291.08367338,295.66382018,293.33273054
10811,301.06126006488927,0.7481491120578695,299.72784595999997,302.26059878,300.93098899999995
10812,,,,,
10815,304.39073439471156,0.7928981611353363,301.96664906,305.46328352,304.4908635058203
10816,299.0001140721242,0.7505697531171782,298.08377834,301.26253694,298.91093917999996
10818,,,,,
10819,,,,,
10820,,,,,
10825,311.5845795532219,1.5520924147403259,307.11076916,313.77249014,311.9144941494987
10826,,,,,
10828,,,,,
10830,,,,,
10832,305.1441493779121,0.46834947093978363,304.46522168,305.90079008,305.00526884
10834,297.15783606903193,2.357213509218552,294.31028426,300.81477631999996,296.64308291
10837,,,,,
10838,,,,,
10844,,,,,
10846,311.6898258123031,1.975566912785845,307.65423434,315.51568034,311.90625122
10847,307.35961935127244,0.5884256654944497,306.17764969999996,308.48481319999996,307.33977649999997
10848,,,,,
10849,300.84479700551907,1.2049008012221518,297.62234564,302.51011424,301.08252122000005
10850,,,,,
10851,,,,,
10853,,,,,
10854,,,,,
10855,,,,,
10857,297.2961187800838,0.6674068175795282,295.24682174,298.11454052,297.37966622
10859,,,,,
10861,301.6418300559766,1.6323214366632746,298.6238255,304.25672246,301.7970859007637
10863,,,,,
10866,292.1703276650366,3.659281299473865,282.56938556,297.96756566,292.83711764
10871,301.1033093545505,0.45996007653396104,300.46272025999997,302.12387798,301.01131247
10873,300.35353804419054,0.6586162004704699,298.08719636,301.02669356,300.52766264
10874,,,,,
10875,,,,,
10879,,,,,
10882,,,,,
10883,,,,,
10884,308.1168781631604,1.1733372690066377,306.59123012,310.47751886000003,308.72065657999997
10886,307.13457170042795,0.2556461495003059,306.42716515999996,307.60980008,307.12102322
10887,,,,,
10888,302.47204917653465,0.26862607591411675,301.80942014,303.17321012,302.46567998
10890,307.4779022661305,0.30101200165485315,306.81340142,308.20111754,307.44915314
10894,,,,,
10896,,,,,
10900,,,,,
10902,,,,,
10905,290.28184226111273,1.9306787980385125,286.47618242,293.12423132000004,290.4863294110526
10907,299.091881820678,0.13079901097419647,298.78447244,299.17754474000003,299.07158612
10908,302.3242450265028,0.4507252918818067,301.24886486,303.4774139,302.33678476055627
10909,299.495636872394,0.6855209456818023,297.48220682,300.6575474,299.47833049999997
10911,,,,,
10915,304.86767575008474,1.1805440196435137,300.62336719999996,306.2972804,305.00868686
10917,308.91655523917285,1.8700371462171197,306.81340142,314.06643986,308.3651825
10918,,,,,
10920,307.05262136859506,0.9639090007076885,304.67030288,309.02144234,307.297905755
10923,,,,,
10928,294.565562813275,1.138670360848468,291.63739262,297.00710204,294.76829894
10932,308.41969969103076,0.7565681423715811,306.71086082,310.00241408,308.45405102
10934,,,,,
10935,,,,,
10936,,,,,
10937,,,,,
10941,,,,,
10943,295.213386110093,2.0858843069230577,292.60469228,300.13459034,294.3991796935433
10944,,,,,
10945,,,,,
10947,296.82450266760225,0.4890791695663219,296.10816278,298.0427621,296.80543886
10948,299.98588803691825,1.1865632892026736,298.44267044000003,301.98032114,299.75860814
10950,,,,,
10951,295.4591896714522,1.5784809933303288,292.86787982,298.9827176,295.16790009703277
10958,303.0371386343649,0.34266498601123274,302.40073759999996,303.30993092,303.2552426
10959,,,,,
10963,,,,,
10967,281.49090229082594,3.0203166215825292,276.77925968,291.52459796,280.97920898512706
10969,,,,,
10973,,,,,
10974,,,,,
10975,,,,,
10976,300.71420249390496,1.220262090457996,299.09551225999996,303.5799545,300.13459034
10977,,,,,
10978,304.8930043795864,1.5848530192187604,302.78013782,306.76213112,304.09949354
10979,,,,,
10981,315.61900019213283,1.3968616018616822,312.1250045,317.34773906,316.073672105
10983,304.31651237600977,1.6497281309268808,299.21514296,306.58439408000004,304.68397496
10984,,,,,
10986,,,,,
10989,,,,,
10990,,,,,
10992,,,,,
10994,306.17423168,0.0,306.17423168,306.17423168,306.17423168
10999,,,,,
11000,,,,,
11001,,,,,
11004,,,,,
11009,,,,,
11010,304.2851574566063,1.4357031315251574,299.78595229999996,306.66642656,304.6041385135751
11015,304.50149020444906,0.9932833163223944,303.21422636,306.51261566,304.1268377
11018,,,,,
11019,,,,,
11020,314.4273418189617,1.2985560024782117,310.6381658,316.50348812,314.50736444
11023,,,,,
11024,306.72496253332446,1.0888286685917856,304.67372090000003,308.2455518,306.9979745
11030,,,,,
11033,,,,,
11034,,,,,
11037,,,,,
11038,302.4687166736646,0.4057499279479259,302.07260768000003,303.50817608,302.42466374
11044,,,,,
11046,311.9794501630406,1.3894310649511705,310.61765768,316.23346454,311.42785137035975
11049,300.7745022022141,0.5303402485928164,300.03888578,302.10336986,300.6696025723353
11050,301.96753140950426,0.3530906547630236,300.94466108,302.59556474,301.94955896
11052,,,,,
11053,,,,,
11056,,,,,
11057,306.3471312230703,0.27073566779164193,305.85977384,307.12785926000004,306.34513268
11060,305.0080951564002,1.4163710836050045,303.12193981999997,308.62837004,305.53506194
11063,,,,,
11065,,,,,
11066,,,,,
11069,305.8075927591074,0.682277696591421,304.24305038,306.5023616,305.9042081
11071,304.7914346152381,0.10774559241008445,304.62586862,304.88905616,304.73866327999997
11074,303.3666609851803,0.8795413500535376,302.15805818,305.80850354,303.35151683
11076,312.297308931088,2.157955533493257,307.18596560000003,316.59919268,312.324389
11081,,,,,
11087,,,,,
11088,,,,,
11089,295.96545721660584,1.031618083869166,293.3429846,297.70779614,295.894878332
11090,,,,,
11091,,,,,
11095,,,,,
11096,,,,,
11098,,,,,
11105,,,,,
11108,288.680088638387,0.481009324110557,288.31165916,289.42251566,288.31165916
11109,,,,,
11113,,,,,
11115,,,,,
11122,310.52167872436814,1.6969402878325182,308.108831,314.2783571,310.42795757
11124,,,,,
11125,303.84167424162166,1.131425572478418,303.31676696,306.22892,303.45690578
11128,,,,,
11129,,,,,
11131,291.6134239418392,3.334776939682518,284.1997811,296.7951848,292.29365246
11133,,,,,
11134,,,,,
11135,300.968840523937,1.947459913957817,298.28544152,303.31163992999996,301.73935072999996
11137,307.1025019456779,0.18966552621519506,306.68693468000004,307.80804523999996,307.0980200758588
11139,,,,,
11140,,,,,
11141,,,,,
11143,307.086410353826,1.8232933064829893,304.81044169999996,312.45655244,307.03899074000003
11145,,,,,
11147,,,,,
11153,297.2704573737091,0.5686741554251075,296.22437546000003,297.98807378000004,297.24294541999996
11154,,,,,
11159,,,,,
11161,,,,,
11166,,,,,
11167,305.07129961112247,0.5828892765277541,304.0584773,306.29386238,305.18300588
11168,,,,,
11172,310.5860038426087,0.017090099622309587,310.58005946000003,310.61423966,310.58005946000003
11175,,,,,
11178,,,,,
11179,,,,,
11185,,,,,
11186,304.83081749781627,2.964648135626624,302.53404037999996,312.01220983999997,303.40905349999997
11188,293.03622360549764,0.7749755842143834,291.37078706,294.04026067999996,293.3088044
11191,,,,,
11192,276.90771348321425,0.21408486615973213,276.55367036,277.19967614,276.93990662
11193,308.33776314014665,0.9849310751206348,305.99307662,310.48435489999997,308.4231824424903
11195,,,,,
11197,,,,,
11198,308.59374996413067,1.1196115485696436,306.87492578,310.29978182,308.78901698
11199,304.30907413675675,0.7304939961548993,303.2723327,305.46328352,303.9559367
11201,306.58226871713947,0.4169700854830954,306.32804258,308.98726214,306.49107470352175
11202,,,,,
11205,,,,,
11207,300.28422600072713,1.9000924518971574,295.87915544,302.93394872,300.54681321045524
11208,,,,,
11212,307.849684346261,0.5083931639142041,306.74504102000003,309.19576136,307.77571341133046
11214,,,,,
11215,,,,,
11216,310.5052808797035,1.4750747898625305,305.91788018,313.42043408,310.28952776
11218,306.1341430876831,0.5977133035515262,304.56434426,307.05266282,306.24942812
11219,,,,,
11220,309.59020986110306,1.9011305889704093,306.41349307999997,313.3384016,309.99045101
11224,299.3129323335518,1.0061308659775616,294.98021617999996,301.01985751999996,299.330672036
11226,,,,,
11227,,,,,
11231,308.28748697291866,0.38043277111475615,307.64398028,309.5443994,308.22960104000003
11233,303.35436518,0.0,303.35436518,303.35436518,303.35436518
11237,305.39766491532987,0.5014264526755046,304.8275318,307.30217828,305.30434558999997
11238,,,,,
11243,,,,,
11247,,,,,
11248,,,,,
11250,,,,,
11251,,,,,
11253,,,,,
11256,,,,,
11257,,,,,
11259,,,,,
11261,303.670972678426,0.47306429698196145,302.41099166000004,304.29090266000003,303.74401946
11269,,,,,
11273,,,,,
11274,,,,,
11276,,,,,
11277,,,,,
11278,,,,,
11279,,,,,
11280,295.3197395,0.016112700846844227,295.3083461,295.34252630000003,295.3083461
11283,,,,,
11284,307.3629669461836,0.845035083223791,305.93497028,309.95456179999996,307.23381788
11286,,,,,
11289,,,,,
11291,309.02574975038675,0.7010127403462919,307.04240876,309.97506992,309.27266681
11292,,,,,
11295,,,,,
11298,,,,,
11301,,,,,
11303,,,,,
11308,305.0259316790337,0.9456451250782562,303.74743748000003,307.67816048,304.7249912
11309,,,,,
11311,310.1409013421515,0.8148632540993346,308.72749262,311.13719672,310.23825746
11312,,,,,
11314,304.2886091672229,0.13273559318702344,303.82946996,304.4857298,304.32166484
11315,306.4006103911946,1.0446531244110564,304.40369732,309.49312910000003,306.36700800799997
11316,,,,,
11320,305.48963435949906,1.5457371884667404,299.76202616,307.26116204,306.18448574
11321,300.41227960142305,0.9787138211210606,297.85818902,301.61801102,300.73616186000004
11322,,,,,
11323,308.55615232038036,1.5669047257146227,307.41839096,312.15576668,307.94134801999996
11324,,,,,
11327,306.83968961589676,1.2516166262453838,303.39538142000004,309.95114378,306.850316036
11328,,,,,
11329,,,,,
11331,,,,,
11332,288.84205643222083,1.4556619332750587,287.31017929999996,292.33808672,288.4381259
11335,297.2667920711628,0.5455596540926558,295.21264154,297.52664108,297.37624819999996
11336,301.42258812936086,1.835716823608941,298.71611204,304.63270466,300.70198166
11339,,,,,
11340,,,,,
11341,,,,,
11342,,,,,
11346,,,,,
11348,300.15164426143576,1.8185454022138643,298.11454052,306.16910465,299.774843735
11349,303.25181398263464,0.6775535505055947,302.29477898,305.07021122000003,303.118913448125
11355,,,,,
11356,,,,,
11360,,,,,
11362,307.3781173213974,0.6006073582770175,305.99991266,308.2455518,307.53802166
11363,,,,,
11365,,,,,
11366,307.4765018979933,0.7843200573025577,306.06485504,309.44527682,307.47649729999995
11368,289.2396368061765,0.6557401009473771,288.74916572,290.44792166,289.03969742000004
11369,,,,,
11374,,,,,
11379,303.35840995372416,0.84053232045828,302.30161502,305.37783302,303.01814039512794
11381,,,,,
11384,305.0444682214109,0.45063719155593374,304.33875494,305.94180631999996,304.94374447999996
11387,,,,,
11391,,,,,
11392,,,,,
11394,306.00810924251783,0.240728690316479,305.35390687999995,306.3143705,306.0067487
11397,308.5112767785563,1.7921574297415797,304.08923948,311.68749793999996,308.39252666
11399,,,,,
11402,305.0849115591588,2.4820579101927316,299.94659924,309.95456179999996,306.21291647957446
11406,,,,,
11407,305.1372598393514,0.8730804188473753,302.61265484,306.08194514,305.49746372
11408,,,,,
11409,296.3939912596161,1.7051682484246726,294.2829401,301.82992826,295.91333564
11410,307.7474035566694,0.5375564959334784,306.8270735,308.65913222,307.76019296
11411,,,,,
11412,,,,,
11413,,,,,
11416,,,,,
11418,289.64086595008115,0.5052698511953745,288.83461622,290.40690542,289.71646538
11423,,,,,
11424,,,,,
11425,299.4592107808108,0.1172392018104529,299.26299524,299.68341169999997,299.46807644
11427,,,,,
11428,,,,,
11430,,,,,
11431,307.7435253455174,0.4810831324832663,306.60832022,308.80610708,307.83538939999994
11437,,,,,
11438,288.4250327331512,1.1868436529631587,286.14463448000004,290.46159374,288.39710965999996
11441,309.9311239485714,0.16406495995926676,309.6811202,310.00925012,310.00925012
11443,,,,,
11445,289.48516923221615,0.5073291891810815,288.57484669999997,291.24432032,289.4432526014226
11446,293.1671925861775,2.849034676140911,288.57142868,297.62918168,292.81660952
11447,,,,,
11449,305.7677150639982,0.45530163031209964,304.77967952,306.43058318,305.91104414
11450,,,,,
11452,,,,,
11453,,,,,
11456,,,,,
11461,,,,,
11462,,,,,
11466,,,,,
11467,,,,,
11470,307.46019668765166,0.6509507115798865,305.04286706,308.5019033,307.46111621
11473,300.71792403689625,1.186790047826016,298.61015341999996,301.56674072,301.31380723999996
11475,,,,,
11477,,,,,
11478,300.5152599362731,2.358592825748638,294.84349538000004,303.88074026,300.97200524
11480,303.9042099603087,1.3177482351917402,301.73080568,307.48333334,304.03455116
11482,,,,,
11484,302.62502701478496,0.7695680584963019,300.53449867999996,303.95251868,302.55113048
11487,,,,,
11489,,,,,
11492,,,,,
11497,,,,,
11500,,,,,
11504,307.3238463755688,1.3479291722330373,305.33339876,310.0400123,306.88176182
11506,,,,,
11507,,,,,
11512,,,,,
11514,,,,,
11516,309.3933792849212,1.4009801783448874,307.07658896,312.47022452,308.8933002319291
11517,,,,,
11518,,,,,
11519,,,,,
11521,,,,,
11522,,,,,
11523,311.09188436437114,0.3223481483780944,310.72703432000003,311.73193219999996,311.07567236
11526,299.9313376749975,0.25133645499256035,299.4612404,300.4695563,299.90330432
11529,292.2985709277611,0.9351770260047615,289.89078440000003,293.45919728,292.54658594
11531,,,,,
11534,,,,,
11537,,,,,
11542,,,,,
11546,,,,,
11547,296.6751031071156,1.0227267625747563,294.6418322,298.83916076,296.71657034
11548,,,,,
11549,,,,,
11550,318.49096231939797,2.1678649624281943,313.82376044,324.18036104,318.1515568618863
11551,306.50154355810764,0.19811252007546792,306.34171466,306.89885191999997,306.60148418
11552,295.298139309292,1.345656225763696,292.03730096000004,296.92165153999997,295.69116434
11557,,,,,
11558,,,,,
11560,,,,,
11561,,,,,
11562,,,,,
11563,305.68938437666566,0.7343050676089188,304.37635316,307.50384146,305.5794962
11569,,,,,
11570,,,,,
11571,302.08606902059137,1.6605328972047662,300.08673806,305.63418451999996,301.05745574
11573,,,,,
11574,,,,,
11577,,,,,
11579,306.9248168280322,0.22239027783620857,306.35880476,307.18254758,306.95354024
11581,299.7932076653155,0.9353588279413322,298.09745042,301.6829534,299.77714041572494
11585,,,,,
11589,300.70012980449854,2.3637594052751556,294.48118525999996,303.82263392,301.4661862667568
11590,,,,,
11593,,,,,
11596,311.9143935001639,0.772334691112126,310.30661785999996,313.10255822,312.116174615
11597,,,,,
11598,298.5973489180946,0.6092879061084009,297.28737967999996,299.4441503,298.76396432
11599,,,,,
11600,297.24379992499996,0.27173258999767175,296.77467667999997,297.31814185999997,297.31814185999997
11601,288.32576021833654,2.3202425281296946,283.88532326,293.04561686,288.55092056
11602,,,,,
11604,,,,,
11605,,,,,
11616,,,,,
11617,,,,,
11629,312.0798549047861,1.0191421741203746,309.46920295999996,315.68999936,312.09595133000005
11630,,,,,
11632,305.99549687040695,0.8575950141192685,303.35436518,307.31243234,305.92471622
11635,308.1961598115948,0.3965656594897445,307.50042343999996,309.75973466,308.12136374
11637,306.5995960212524,1.0867099602802588,303.91150244,308.12250308,306.63566438
11642,,,,,
11643,,,,,
11645,,,,,
11646,,,,,
11648,304.90642793908154,3.762461984672439,301.43685596,311.77978448,303.0952996126307
11651,297.8672798032577,0.2622696360154408,297.2907977,298.37772806,297.83951275967235
11654,302.671062465934,1.887086981484285,298.28715053,305.1864239,302.99205506
11655,311.57646587925313,0.3498572594080186,310.90818937999995,312.18652886,311.63622764
11659,305.7561949649488,0.3987090019222626,303.87732224,306.29044436000004,305.69229085999996
11660,,,,,
11662,312.34228241329254,1.5521808012035816,309.58199762000004,315.4917542,312.04639004
11666,300.4875910105992,1.5215114888869414,297.40701038,302.79722791999995,300.61482215
11668,305.7225980246866,0.5464870134556483,304.37635316,306.49552556000003,305.887118
11670,298.717238763799,1.6490143420243675,297.95047556,302.0076653,298.13163062
11672,,,,,
11674,299.64177400181825,0.08126338051350793,299.58428912,299.79620636,299.58428912
11676,,,,,
11678,300.51342336876434,1.8633664600909783,294.73411874,302.56480256,301.11214406
11679,306.5002756881103,0.7999623715847227,304.21912424,307.87298762,306.51603367999996
11681,303.7327664906004,0.5533681185925833,302.20591046,304.64295872,303.82605193999996
11682,,,,,
11685,,,,,
11686,297.6647297124337,2.8940776616338377,290.80681375999995,301.16683237999996,298.53495698
11687,306.4827060075977,2.511712769328668,303.30309488,312.15576668,305.51113580000003
11691,303.40912647160724,0.9470348287128862,301.32577031,304.78309753999997,303.26891467999997
11693,,,,,
11696,305.393179867541,0.24048893762789197,304.85145794,305.60342234,305.3573249
11698,,,,,
11699,,,,,
11700,,,,,
11701,,,,,
11702,299.7014596522124,0.09360633290791609,299.62530535999997,299.93634518,299.72442794
11703,285.37940627803977,0.983336731450717,283.76569256,286.62315728,285.39267008
11705,,,,,
11706,,,,,
11707,,,,,
11709,301.6361881930368,1.977960908532107,299.46465842,305.98624057999996,300.70198166
11714,308.134767435848,1.4537149406681618,306.25968218,311.91308726,307.89007772
11721,,,,,
11722,,,,,
11724,,,,,
11725,304.53881529397677,0.4486216242063365,303.78845372,305.27871044,304.51991
11728,282.50352537833345,2.1616681512702023,278.49852374,286.08311012,282.31645208000003
11729,,,,,
11730,301.10141480293413,0.2850979988050963,300.40461392,301.71029755999996,301.14290624
11743,,,,,
11744,,,,,
11745,,,,,
11746,,,,,
11747,307.19713718670783,1.934707924622148,303.73718342,312.43262630000004,306.6512484841469
11755,306.6803536696997,0.44620464162186496,305.92471622,307.45257116,306.69718874
11757,306.659804686738,1.174896800929324,304.17468998,309.59225168,306.605756705
11758,308.9833763909473,0.577014901684513,308.5019033,309.72213644,308.63520608
11759,305.1141662949625,0.5065287342294749,304.02087908,306.41349307999997,305.08559231
11761,,,,,
11768,,,,,
11770,308.21872761276137,1.203253707964275,306.59123012,310.64841986,308.48823122
11772,,,,,
11773,307.84564523513376,0.7742795503233504,306.73478696,309.41451464,307.6132181
11774,306.2194049713514,0.1399172028701559,306.02725682,306.38956694,306.1605596
11775,305.06537672559165,0.42152538400867295,304.57118030000004,306.46134536,304.95855589999996
11776,298.8264385297684,0.4017773105881891,298.45634252,299.53301882,298.45634252
11777,304.03830250644035,0.2913497984627933,303.33727508,304.55067218,304.0445740193784
11778,,,,,
11779,,,,,
11782,,,,,
11791,,,,,
11792,,,,,
11795,,,,,
11796,299.5618423832023,0.8115970989809824,298.82548868000003,302.80406396,299.45916076132534
11797,,,,,
11798,,,,,
11802,302.8142318963246,1.0059986216645362,299.57745308,304.01404304,302.89179314
11804,321.71971737477696,4.406055202737534,316.01471126,331.72051316,320.90247985999997
11808,297.0857165,0.064942380196037,297.02077412,297.15065888000004,297.0857165
11809,,,,,
11815,307.81294221610443,2.1915269547752514,305.55898808,314.65092128000003,306.9037552575916
11818,,,,,
11819,,,,,
11820,,,,,
11824,,,,,
11825,,,,,
11827,298.22130756114126,1.0865049856675892,296.0603105,300.19269668,298.29797426000005
11828,297.4195282813819,0.9961422699619553,294.76488092,300.16535252,297.233374964
11829,,,,,
11837,301.9395572435029,0.6562743313918221,300.95491514,304.349009,301.77068258
11840,304.70371864211376,2.6652491576536628,297.59500148,308.2626419,305.5315358403162
11841,299.6942125758997,0.4546442964999589,298.94511938,300.79085018,299.73126398
11842,,,,,
11845,309.51592067815363,1.1778826265975557,306.38614892,311.52685099999997,309.7068741376906
11846,305.22805339589974,0.6716297477527685,304.11658364,306.49552556000003,305.2547843
11848,310.80085195036554,1.4857723963169782,309.82125901999996,314.40140582000004,310.22116736
11849,297.0367107105252,1.49819211124492,292.82344556,299.0339879,297.5140870439253
11850,,,,,
11853,307.212452405012,1.6795561302934805,304.99501478,311.26708148,307.03899074000003
11854,304.67241922383806,0.5387551419411192,303.66198698,305.41201322,304.80702368
11860,,,,,
11861,295.09089965966575,1.4651818793959512,291.90399818000003,298.39823618,294.87767557999996
11863,,,,,
11865,,,,,
11866,305.97688639405857,1.3997761001994575,303.45690578,308.56342766,306.75928276999997
11867,,,,,
11878,,,,,
11882,,,,,
11883,,,,,
11884,,,,,
11885,,,,,
11889,310.5844049080115,1.8733891286001547,306.5365418,313.18117268000003,311.08934444
11892,,,,,
11893,,,,,
11894,304.3876393375984,0.11487821636852284,304.20203414,304.66688486,304.36268107999996
11895,,,,,
11898,302.40916602450534,0.6323362141188269,301.41976586,304.05505928,302.38022948
11899,299.80039548061427,0.31515679241929767,299.09209424,301.23177476,299.78823098
11904,,,,,
11907,,,,,
11908,297.51638702,0.0,297.51638702,297.51638702,297.51638702
11910,,,,,
11911,290.35649815374114,1.2455720371522478,287.74768586,292.63545446,290.51799107
11912,310.8564348943094,1.4442078917999963,309.25728572,314.36722562,310.44761118499997
11913,,,,,
11915,,,,,
11916,,,,,
11917,304.99476674224184,0.849436613775933,303.14928398,306.29386238,305.21262872000005
11919,305.67333907587573,1.893420774709271,304.5370001,314.32620938,305.0280681602198
11920,306.67746100840714,0.40856397465843186,305.91788018,307.68499652,306.61259274500003
11923,305.3686470244625,0.8552898420850739,303.86365016,307.11760519999996,305.36416094000003
11924,,,,,
11926,,,,,
11928,305.58064371024017,0.6455444248740391,304.50965594,306.97404836,305.25991133
11929,,,,,
11930,,,,,
11931,292.8588595130168,1.0055556820661042,291.06316526,294.10178504,292.94307626
11932,,,,,
11934,291.25410755768263,0.8477223016071613,290.08561154,293.43185312,291.13494368
11935,,,,,
11936,,,,,
11938,,,,,
11939,307.13016939836734,0.5862300121469333,306.67668061999996,308.39594467999996,306.8270735
11944,,,,,
11947,,,,,
11951,,,,,
11954,295.98970679679985,1.817633059108565,293.52755768,301.11214406,295.55681449049297
11960,,,,,
11961,,,,,
11962,302.0962517185413,0.5951717044352116,301.3069712,303.27916874,302.04868153999996
11964,,,,,
11969,,,,,
11971,,,,,
11973,300.24645158914353,0.8439782385816617,297.43435453999996,301.05061969999997,300.36359768
11975,,,,,
11979,,,,,
11980,,,,,
11981,315.2988802295336,1.8150543697422967,311.48583476,318.23984228,316.02838334
11982,309.85207928120394,2.0742339429027568,304.17298096999997,313.27345922,310.404885935
11984,,,,,
11985,294.86045692312985,2.68991982012868,291.29217259999996,300.4353761,294.58714388
11990,,,,,
11992,310.4052932024403,1.6067893782424059,308.37543656,316.04205542,309.99216002000003
11995,310.7890934729714,0.8182615088950675,309.28462988,312.723158,310.73728838
12001,307.91129605294105,0.7652391444373243,306.08878117999996,308.98726214,308.1916256865505
12003,,,,,
12005,,,,,
12008,,,,,
12015,,,,,
12016,,,,,
12017,311.1881161441779,3.614037084036557,303.43639766,315.67632728,311.65331774000003
12021,,,,,
12022,306.31683899866624,0.6313018898728131,305.09071933999996,308.76509083999997,306.30411644
12024,303.03941906669183,0.6130421025541077,301.58724884000003,304.44129554,302.97496495999997
12028,,,,,
12029,,,,,
12033,,,,,
12039,,,,,
12040,310.97319113139935,2.099638422522539,308.3310023,316.7393315,309.89257744092936
12041,,,,,
12042,302.6548891535752,0.3748890906703651,301.63510112,303.46374182,302.67645788000004
12043,,,,,
12046,,,,,
12048,,,,,
12049,,,,,
12050,,,,,
12051,300.5992541228278,0.41168312255394857,300.0081236,301.41634783999996,300.52082659999996
12056,,,,,
12057,,,,,
12060,293.52530193668315,1.2543181907854346,290.39665135999996,295.92700772,293.67795056
12064,,,,,
12065,305.0791427247937,0.1304456304052665,304.83094982,305.33339876,305.08730132
12069,,,,,
12075,,,,,
12080,,,,,
12088,,,,,
12089,291.5226188664014,0.7945169687303059,290.35563512,293.25069806,291.49041776
12090,,,,,
12091,,,,,
12092,302.2178815535211,0.9379520107784123,301.1189801,304.4857298,301.95981301999996
12096,302.97267430375604,0.46713215713763656,302.3323772,303.96277274,302.87242435999997
12098,,,,,
12099,296.26053826573866,1.3737870438747315,292.46113544,298.30253161999997,296.4003409652439
12100,296.5699207304154,1.4703397526059938,293.2062638,299.49200257999996,296.54767813136436
12106,298.4129546210615,2.7708028023204974,293.95139215999995,302.05551758,298.85355950566924
12107,,,,,
12109,305.91221370746035,0.36676177322986625,304.58143436,306.57414001999996,305.87344592
12112,303.9588314022315,0.07724136067636694,303.82605193999996,304.09607552,303.92859253999995
12114,,,,,
12118,310.8989593533012,0.5668990969576717,310.08102854000003,311.72509616,310.99022186
12121,309.0874997602782,0.526928870501968,307.84222544,309.96139784,309.09663878000003
12124,303.98443617472213,1.201696647629346,301.36507754,306.82023746,304.197932516
12125,,,,,
12126,,,,,
12131,303.27595307037956,1.983113888571901,302.08969778,310.68943609999997,302.53290104
12135,,,,,
12138,,,,,
12140,309.7658943617575,0.5363998354358418,308.72065657999997,310.81248482,309.72213644
12141,,,,,
12142,,,,,
12144,307.8668337292046,0.6223942562826568,306.97063033999996,309.20943344,307.77215603
12151,,,,,
12153,306.87913871019776,0.47055829941866,306.30069842,307.84906148,306.69377072
12156,,,,,
12158,,,,,
12163,304.32322514976823,0.6319328122281948,302.23154561,305.0497031,304.5184923880184
12165,303.41904261959604,0.9437266716200385,301.39925774,306.89885191999997,303.51501211999994
12166,,,,,
12167,,,,,
12168,,,,,
12170,,,,,
12172,,,,,
12176,,,,,
12178,,,,,
12183,,,,,
12184,307.0008193223006,0.4384759993391616,305.87344592,307.9037498,307.1181095783095
12188,,,,,
12189,,,,,
12190,,,,,
12191,,,,,
12193,,,,,
12194,,,,,
12195,,,,,
12196,,,,,
12200,,,,,
12206,,,,,
12208,,,,,
12217,,,,,
12220,,,,,
12221,308.9330924434073,1.2134096859431436,305.00868686,310.97654978,309.1717502596558
12222,,,,,
12224,,,,,
12230,308.09136571885676,0.9510851797479905,306.79631132,309.83834912,307.86273356000004
12233,305.378056803424,0.4267593840090993,304.2635585,306.11612534,305.39321411000003
12234,,,,,
12235,,,,,
12236,293.81794651581436,1.342553071201028,289.31313902,295.90649959999996,294.08298593
12238,,,,,
12240,307.4278861958467,0.8808678405532665,306.34171466,309.61959584,307.20989174
12244,,,,,
12250,,,,,
12252,301.62559022677476,0.2556606845973162,301.23519278000003,302.60240078,301.58383082
12262,,,,,
12263,293.93657395328773,0.5318530111733507,293.27804222,295.1032649,293.84543354
12275,,,,,
12278,,,,,
12282,,,,,
12284,,,,,
12287,,,,,
12289,,,,,
12290,,,,,
12292,309.10554179868643,1.7324158811930017,305.80508552000003,312.6889778,308.95422128
12293,,,,,
12297,,,,,
12301,,,,,
12303,,,,,
12306,,,,,
12308,,,,,
12311,,,,,
12312,,,,,
12313,,,,,
12316,290.1099066805301,1.8045427595613697,287.42981,293.6335163,289.87027628
12317,309.30827352226265,1.2672347196623515,306.78263924,312.40870015999997,309.73068149
12318,,,,,
12320,,,,,
12321,,,,,
12324,,,,,
12325,292.44873350807103,1.2014383949055674,290.37272522,294.87767557999996,292.47822554
12329,307.46624324,0.0,307.46624324,307.46624324,307.46624324
12332,,,,,
12334,,,,,
12337,297.3980589873527,0.57747446927538,295.92017168,298.52128489999996,297.39675632
12339,,,,,
12340,,,,,
12343,,,,,
12346,292.9943300127311,1.4976788014006241,290.7452894,296.0261303,292.91915012
12349,,,,,
12350,,,,,
12351,,,,,
12354,,,,,
12355,,,,,
12357,,,,,
12359,,,,,
12364,,,,,
12365,,,,,
12368,305.8725281665337,1.4104576927383168,302.14780412,307.53118562,306.39640298
12371,,,,,
12373,,,,,
12376,,,,,
12377,,,,,
12378,308.8817706436989,0.5227072757821851,307.82855336,311.70458804,308.86763143999997
12381,,,,,
12386,,,,,
12388,,,,,
12389,,,,,
12391,,,,,
12392,307.4045983509467,0.8100831833712042,306.56046793999997,310.48093688,307.20989174
12394,,,,,
12395,,,,,
12396,300.8452048391953,0.9367852423024235,298.6067354,302.7596297,301.019003015
12397,307.00978945865575,0.733773334070327,306.11612534,309.86569327999996,307.00819243825623
12398,310.8268043766781,1.3779550994414942,307.72943078000003,315.62163896,310.95604166
12399,,,,,
12408,304.48049371400333,0.34947557758908976,303.39538142000004,305.06337518,304.50965594
12410,,,,,
12413,301.05134013403506,0.7667001867741093,299.79278834,302.51011424,301.14803327000004
12415,,,,,
12417,308.7980114710629,1.8229455372299226,304.52674604000003,313.2187709,308.83686925999996
12419,309.9009759047128,0.9096022767911451,309.44527682,311.77978448,309.85885724
12422,,,,,
12425,309.88398070832085,1.1460090227434923,308.15668328000004,312.01904588,310.20065924
12427,,,,,
12428,305.7719626377728,0.6558213146286229,304.85145794,306.94328618,305.72305303999997
12433,312.0093389767783,0.8536148267723844,310.15964299999996,314.32620938,312.0078709835617
12434,,,,,
12435,308.06095511208616,0.710986245103392,306.87150776,310.61765768,307.9950128871543
12440,,,,,
12444,,,,,
12446,,,,,
12452,,,,,
12453,299.3073943778639,1.1757049206976866,297.35744909,301.9393049,299.22710602999996
12455,299.39041666834487,2.323628275130522,296.94557768,303.66882302,298.58451827
12457,,,,,
12458,,,,,
12464,,,,,
12467,,,,,
12468,,,,,
12471,303.13928284985303,1.8524410950552885,301.43001992,307.92425792,302.21616452
12472,299.61602970367767,2.3589386421989174,295.74243464,306.28019029999996,299.7175919
12473,,,,,
12474,302.47790198664,1.1556155516947744,300.5720969,304.9129823,302.16945158000004
12475,,,,,
12476,,,,,
12477,,,,,
12479,299.4332830841559,1.4804167797713839,297.67019791999996,301.84018232,298.46545724
12480,309.2108866638321,1.9801963257245596,304.49256584,312.01220983999997,309.5873958213284
12483,,,,,
12484,,,,,
12487,,,,,
12488,,,,,
12492,,,,,
12496,302.1145671204555,0.7118967288917607,301.12239811999996,304.23279632000003,302.0270407040698
12497,,,,,
12498,,,,,
12499,,,,,
12500,,,,,
12502,286.0455119,0.0,286.0455119,286.0455119,286.0455119
12503,294.6664686047034,1.969030692845846,289.82926004,297.2053472,295.01690626497907
12504,306.7993945490817,0.20700491625618248,306.04434692,307.26799808,306.83390954000004
12505,,,,,
12506,307.01284271042186,1.0671209119367242,304.56776228,309.2025974,306.98430242
12507,,,,,
12510,303.41943870705035,0.3888222064312134,302.63316296,303.71325728,303.56286439999997
12511,299.25274118,0.0,299.25274118,299.25274118,299.25274118
12512,,,,,
12513,304.4311546798891,1.6157813794693192,302.21958254000003,307.95160208,304.6794176
12515,308.6057149558129,0.5707341074671819,306.18790376,309.64694,308.74059502999995
12517,,,,,
12518,291.46195819885753,1.2866296260765882,289.14907406,293.63009827999997,291.38104111999996
12519,,,,,
12521,,,,,
12524,,,,,
12527,,,,,
12533,301.6877016279895,0.3281653790909587,301.09505396,302.58531068,301.6755337956098
12537,,,,,
12539,,,,,
12542,,,,,
12543,,,,,
12545,306.7770973427315,0.5125156835562519,305.94522434,307.91058583999995,306.68693468000004
12546,307.23094668158626,0.6771853397965331,305.10780944,308.37543656,307.38079274
12547,,,,,
12551,,,,,
12554,301.5910260417627,0.25476174868433754,301.07796385999995,301.87436252,301.53597854
12555,304.90467385255977,0.5530842799865434,303.6995852,305.90762612000003,304.93349042
12558,,,,,
12560,,,,,
12562,,,,,
12563,,,,,
12568,309.38108851863916,0.9848918909812007,308.83686925999996,311.71826011999997,308.83686925999996
12569,302.5436914990835,0.5153828091682392,301.97006708000004,304.35584503999996,302.44517185999996
12570,,,,,
12571,,,,,
12572,287.9164924137021,0.4145184642755782,287.05724582,288.46888808,287.8912427
12574,307.6306139879284,0.761671050102115,306.91252399999996,313.17091862,307.48675135999997
12575,,,,,
12576,,,,,
12577,292.2715960079836,0.8689706058096639,290.97429674,294.20090762,292.1047707163165
12579,,,,,
12581,,,,,
12583,306.17402020669425,0.5219861563815069,305.1522437,307.3910468,306.21866594
12584,278.9798709779259,3.532349410242935,273.76114802,286.73595194,278.87450594
12591,,,,,
12593,,,,,
12594,,,,,
12595,309.61960469525053,1.6731360116300613,306.72111487999996,313.3213115,309.5134153773557
12597,,,,,
12598,,,,,
12599,,,,,
12601,,,,,
12602,,,,,
12603,,,,,
12606,,,,,
12619,,,,,
12620,,,,,
12621,308.1751939842623,1.1467465156767462,307.16545748,310.04684834,308.57709974
12622,305.778633477987,0.43220577037807467,304.690811,307.6132181,305.80508552
12625,,,,,
12626,,,,,
12628,302.0946012943905,0.41699331284030583,300.6575474,302.73228554,302.14780412000005
12630,,,,,
12631,299.5866468166682,1.3634918231234003,294.26755901,301.51547042,299.76654282928575
12633,,,,,
12634,,,,,
12635,294.699593349237,0.6781352743996287,293.60959016000004,295.98853208,294.48118525999996
12636,,,,,
12638,,,,,
12639,,,,,
12643,,,,,
12644,,,,,
12645,302.9116835622572,0.33658843088702023,302.54429444,304.31141077999996,302.8450802
12648,,,,,
12650,305.2802304624007,2.5876434071824175,295.7185085,307.03557272,306.0791039556604
12653,301.8512768531284,0.4090156752092764,301.06087376,303.323603,301.94601589048784
12654,,,,,
12656,,,,,
12659,,,,,
12663,,,,,
12665,308.7996041333153,1.6840139024676721,305.95889642,312.90089504,308.54975558
12666,,,,,
12667,,,,,
12669,,,,,
12670,,,,,
12672,,,,,
12673,,,,,
12675,299.1647464427655,2.7085025515189542,294.07444088,303.05699744000003,299.83989032292686
12679,,,,,
12680,309.1527150737174,1.6602853389444912,306.05118296,312.15576668,309.39742454
12682,,,,,
12686,305.63953180770784,0.7622994321067637,304.52332802,308.41987082,305.55898808
12688,,,,,
12692,306.22943908608164,0.9709467314978395,303.77819966,308.13617516,306.204310256
12693,290.96128448946564,0.4611817663782031,290.20524223999996,292.10907938,290.89226426
12694,,,,,
12695,,,,,
12699,,,,,
12704,,,,,
12705,,,,,
12707,,,,,
12708,,,,,
12710,299.34627693727276,0.52574860417398,297.66336188,299.95001726,299.50225664
12711,300.46533461835475,0.5953954518189276,298.72978412,301.66586329999996,300.44290333357657
12712,,,,,
12713,286.5584736934015,1.207200753142622,284.44929656,289.50454814,286.64195639
12716,306.5711954746824,1.8192029876262783,303.8021258,309.3393182,306.01016672000003
12719,306.2577658776819,0.42852620169186023,304.43104148,306.72795092,306.40665704
12720,,,,,
12721,,,,,
12727,297.068205848916,2.7529337324490224,294.07102285999997,301.72738766,296.68922618
12728,,,,,
12731,,,,,
12735,,,,,
12737,303.6944677211189,0.6936507326092071,302.26743482,305.89737206,303.59248724
12744,,,,,
12750,,,,,
12751,303.25984810213043,0.8858123804957978,301.23519278000003,305.36074292,303.09630467
12754,292.1885596625918,2.2282742923557772,288.18519242,296.19019526,292.37568494000004
12756,293.2102082395661,0.14281912080856335,293.1208133,293.56515590000004,293.23018994
12759,,,,,
12760,304.1535675117457,0.1902899724072831,303.85681411999997,304.70106506,304.10291155999994
12761,,,,,
12763,,,,,
12764,,,,,
12765,304.6515732572199,0.4054825172848367,303.91492045999996,305.19667796,304.73866327999997
12768,,,,,
12769,304.8132248031347,0.42342646037480874,303.9901169,305.9042081,304.75575338
12772,,,,,
12773,,,,,
12774,,,,,
12775,,,,,
12777,,,,,
12778,,,,,
12781,,,,,
12783,307.00862930278527,1.122416841785865,305.48379164,310.43308460000003,306.82365547999996
12786,,,,,
12787,,,,,
12789,,,,,
12792,,,,,
12793,,,,,
12794,300.6413623831776,0.15356548824813862,300.40461392,300.87630068,300.69343661
12797,,,,,
12798,,,,,
12806,,,,,
12807,,,,,
12809,,,,,
12810,,,,,
12813,,,,,
12814,,,,,
12816,,,,,
12818,,,,,
12825,304.27085105025094,0.3309065638914122,303.25182458,304.7420813,304.35584503999996
12826,304.4426194888996,0.4903731050488674,303.53893826,305.72305303999997,304.36951711999995
12829,,,,,
12830,,,,,
12836,312.0346178900864,1.143343893200111,310.90135334,315.32427122,311.93701339999996
12839,308.00500393684047,0.5771109911827049,307.24065392,312.4838966,308.01312644
12840,,,,,
12841,,,,,
12844,,,,,
12846,305.02888584235114,0.6733926899917652,304.22254225999995,307.14836737999997,304.74891734
12850,,,,,
12851,,,,,
12852,,,,,
12853,308.45159927569614,1.9953639880502143,305.24453024,311.868653,308.64204212
12854,,,,,
12855,291.85939478502735,2.0513375258113618,289.0704596,297.87869714,291.30584468
12857,,,,,
12858,,,,,
12859,288.68085896145755,2.6289293024063554,285.12606452,295.10668292,288.1988645
12861,,,,,
12862,288.9680165660169,1.4748509823775202,283.96393772,291.69208094,289.26927443
12864,,,,,
12865,,,,,
12870,311.7961049357726,1.2850643310917726,308.91206569999997,313.51272062,312.19678292000003
12871,,,,,
12872,,,,,
12873,,,,,
12874,,,,,
12875,308.11570158533095,1.7474803693688896,305.30605460000004,314.29886522,308.0928723003484
12876,,,,,
12878,,,,,
12884,297.8321230271428,0.0494373790006899,297.75223040000003,297.90604129999997,297.84109892000004
12885,,,,,
12890,,,,,
12891,304.7970939377232,0.7478693786343108,303.8875763,306.64591844,304.44129554
12892,,,,,
12894,301.71617123914365,1.0562553609130338,299.10405731,302.981801,302.05380857
12896,,,,,
12897,307.8581187785471,0.4187137057532252,307.19621966,310.03317626,307.7996696177155
12898,304.266964051975,0.46664973475413296,303.45006974,305.26845638,304.41395137999996
12899,307.1929799603228,0.4946164686993495,306.18448574,308.95308194,307.16477387599997
12903,317.0401145876677,1.1594516718264023,314.3296274,319.3199366,317.07885482
12908,305.5239792494276,3.105342872993645,301.0677098,311.7148421,305.12148152
12913,312.4422886946129,0.8313133386014007,311.32518782,313.9878254,312.26172529999997
12914,,,,,
12915,,,,,
12916,,,,,
12917,305.9587112376239,0.41587405715774084,304.97450666,306.76896716,306.02554781000003
12921,,,,,
12928,293.70901101674025,1.1190010949391838,290.17789808,295.90649959999996,293.64377035999996
12932,,,,,
12935,,,,,
12936,,,,,
12937,313.2080393994495,1.3101714698278542,309.66061207999996,315.87457244,313.3851479483518
12939,,,,,
12941,307.329965264539,0.35879782656482534,306.38614892,308.27631398,307.47307928
12950,303.15445344302253,0.3479302796737209,302.47935206,304.10291156,303.12080048
12951,,,,,
12952,,,,,
12955,,,,,
12956,,,,,
12958,304.96984654815617,0.9805702080551361,303.35094716000003,306.83049152,304.81385972
12959,,,,,
12966,300.78856568976875,0.6623986717967523,299.89191092,302.15805818,300.52571813649604
12968,,,,,
12969,,,,,
12970,301.8832621370555,1.2717346295594505,300.5720969,305.50771778,301.422329375
12971,,,,,
12973,302.9519958037978,1.2414085459042752,300.09015608,305.36074292,302.93394872
12974,308.7460474571834,1.902264208264066,306.90568796,312.56251106,307.69525058
12975,,,,,
12976,,,,,
12977,,,,,
12980,,,,,
12981,,,,,
12984,,,,,
12987,306.97168859883413,0.2513008199514876,306.399821,307.51751354,306.97063033999996
12988,,,,,
12993,,,,,
12997,,,,,
12999,,,,,
13000,,,,,
13005,,,,,
13010,,,,,
13011,,,,,
13013,275.785593018785,10.017912002410084,267.77961302,298.76738234,274.45500608
13014,306.5442421190119,0.33119487585086665,305.89053602,307.60980008,306.55875892999995
13015,,,,,
13016,297.45239671860554,0.8053851637975149,296.25855565999996,300.11750024,297.22927333999996
13018,,,,,
13019,296.56693032902047,1.9079431571699457,292.87129784,299.6663216,296.76555957644354
13020,,,,,
13021,,,,,
13023,,,,,
13024,305.1310136535318,3.192615107382349,300.41486798,311.54052307999996,303.86365016
13028,291.83017727941046,1.1790498062801096,288.66371522,294.05735078,291.92792432
13030,,,,,
13033,303.1671493869756,1.3973936827893139,302.12045996,305.91446215999997,302.88609643999996
13034,,,,,
13038,310.0699583889024,0.9353484156615322,307.56536582,312.34375778000003,310.04343031999997
13039,,,,,
13040,,,,,
13042,,,,,
13043,305.566142264107,2.022092080021474,301.88803459999997,308.54633756,306.6115025144828
13046,,,,,
13048,,,,,
13051,,,,,
13052,,,,,
13059,,,,,
13060,,,,,
13061,,,,,
13062,300.8203547058439,0.4651122920980172,299.95001726,301.98032114,300.91389890000005
13063,,,,,
13064,,,,,
13065,,,,,
13066,310.51565607339177,1.8469882574226864,306.56046793999997,313.58108102,310.4001361189189
13068,,,,,
13069,,,,,
13073,306.8064061873617,0.19928325205725783,306.32804258,307.06975292,306.89201588000003
13074,,,,,
13082,,,,,
13086,290.00651685877835,1.1650315832794993,287.20763869999996,292.01337481999997,290.13688184
13088,,,,,
13089,303.15283291927904,0.5121431517890461,302.67076118,304.4857298,303.09117763999996
13090,297.29482505541495,2.235692901925489,291.72626114,300.44563016,297.78299258
13092,306.21684236826445,0.4817290334022959,305.24453024,307.33294046000003,306.26993624
13093,,,,,
13094,,,,,
13095,,,,,
13096,,,,,
13097,308.39148905252443,0.26876265378916586,307.67474246,308.76509083999997,308.4724281006357
13106,,,,,
13110,305.749125279411,1.6972720875593046,302.9134406,309.95456179999996,305.76748729999997
13112,293.35441418042467,1.9713099526375748,289.68912122,299.60137922,293.96969463461545
13113,,,,,
13114,,,,,
13115,,,,,
13116,,,,,
13122,304.77435648275434,0.6789740486161119,303.13561189999996,305.58975025999996,304.93178141
13123,302.4307641569408,0.27272735582509006,302.19907442,303.08092358,302.44858988
13126,,,,,
13127,,,,,
13129,306.48527149999995,0.13337579482239031,306.30753446,306.62882834,306.5194517
13130,,,,,
13133,308.6958815835923,1.4083100947652547,306.33487862,310.81932086,309.0658766
13135,,,,,
13139,,,,,
13140,305.29720321301033,0.100020309673966,305.0667932,305.45302946,305.30947262
13141,,,,,
13142,301.4846357096391,0.8621001796772313,299.3074295,302.5545485,301.7000435
13143,297.812729354,0.003418017710607541,297.80691872,297.81375476,297.81375476
13145,,,,,
13146,316.65169748505866,3.1664954225012463,309.93063566,321.87319754,316.66185638
13152,295.63923501314554,1.3985039557740466,291.46307360000003,297.11647868,296.00391317000003
13154,,,,,
13156,294.58320734050227,1.5299682358581206,291.38445914,296.52516122,294.92552786
13157,,,,,
13158,293.55919596187675,2.604917274919381,288.80385404000003,298.17606488,293.70529472
13161,307.0990352524621,1.1883271138580038,304.6224506,308.963336,307.25774402
13162,,,,,
13163,305.13108192236655,0.6616561574541024,303.45006974,306.66984458,305.25649331
13164,,,,,
13167,302.83976359674733,0.057581774657350815,302.75279366,302.95103882,302.84849822
13175,,,,,
13178,301.22098882242807,0.6433652668429203,299.77911626,302.32895917999997,301.2386108
13182,,,,,
13183,,,,,
13185,295.07885047142855,0.08264924167204839,294.9323639,295.17504332,295.08959282
13186,,,,,
13189,,,,,
13191,,,,,
13193,,,,,
13199,307.44110076553915,1.9375640125371905,304.41395137999996,311.5610312,307.78753712
13200,,,,,
13202,306.21843534023037,1.2986012960858908,303.31676696,308.11566704,306.62882834
13205,,,,,
13206,,,,,
13218,,,,,
13219,,,,,
13221,311.80151204789723,0.6117343071564219,310.69285412,313.67678558,311.78832952999994
13225,,,,,
13227,305.06942136839166,0.5971323977075377,304.01404304,306.18106772,304.98020336
13229,,,,,
13230,,,,,
13233,300.1444343146114,0.5079731284202578,299.22197900000003,301.17708644,300.09699212
13235,,,,,
13238,303.83404744968215,0.7375500817555584,302.5716386,305.62734848,303.64489688000003
13245,306.6546839346645,1.0775120999506969,304.61903258,308.8949756,306.4340012
13246,303.2152619521523,0.9979751420303608,302.17173026,305.11122746,303.10484972
13253,,,,,
13257,,,,,
13258,,,,,
13259,,,,,
13261,,,,,
13262,,,,,
13264,,,,,
13265,,,,,
13266,,,,,
13270,,,,,
13272,,,,,
13277,293.1420408387694,1.0071823805111468,291.03923912,294.82298726,293.07637904
13279,299.7949011634509,1.3092731930893327,298.19999101999997,302.32212314000003,299.113285964
13281,,,,,
13283,304.74333052070205,0.4807406311780371,303.06041546,305.54873402,304.64295872
13284,308.6091692652903,1.7567813785836106,306.78947528000003,313.45119625999996,307.796936675
13287,299.6453012257833,0.6847347092873284,298.57939124,302.22300056,299.58599813
13290,,,,,
13292,,,,,
13295,309.99719215855055,1.5790382214535714,306.55704992,312.63428948,310.09811864
13297,,,,,
13298,312.6606398459923,1.0840887769671697,310.67918204,316.1582681,312.51807679999996
13299,300.609698966835,1.1314531654780295,298.69560392,301.85043638,301.16113568
13301,,,,,
13302,310.99717015551266,1.3541138643682804,308.5702637,314.82865832,310.92120588738095
13305,,,,,
13306,,,,,
13309,306.1243069687669,0.4524997358503589,305.1693338,307.65081632,306.19679997643834
13310,,,,,
13314,297.76873430027194,0.33570308102489144,297.36257611999997,299.63897743999996,297.7568700599548
13319,305.224447063027,0.10254971443207753,305.09071933999996,305.36416094000003,305.17958785999997
13322,,,,,
13323,307.8782626929911,0.31472219235086046,307.10735114,308.49848527999995,307.9104751348988
13324,,,,,
13326,,,,,
13327,293.49458668619843,1.7124216229124012,290.03434124,296.87038124000003,293.45463992000003
13328,296.31592454535667,1.9597009244147798,292.96358438,299.86456676,296.39527646
13331,,,,,
13334,,,,,
13338,306.4417265322401,2.703709463936574,302.57505662,311.55419516,305.9212982
13340,,,,,
13342,,,,,
13347,,,,,
13348,296.45344087211686,2.6630137059451147,290.85466604,300.42512204,296.5559234
13351,,,,,
13352,,,,,
13353,,,,,
13354,304.8863858971243,0.5189920336426073,303.55261034,305.77774136,304.95058052
13355,,,,,
13356,,,,,
13357,,,,,
13358,,,,,
13360,,,,,
13361,,,,,
13362,,,,,
13363,302.4643306507298,2.527780928839062,299.48516654,307.46282522,301.93588688
13368,,,,,
13370,,,,,
13374,311.35400509847886,1.4582796022399607,309.1684172,315.34819736,311.13719672
13376,,,,,
13377,296.212399503968,0.6825908387966253,295.05541261999997,297.02761016,296.2824818
13380,307.1274120814509,0.23567360150452002,306.43741922000004,307.63372621999997,307.1517854
13381,,,,,
13382,,,,,
13383,306.2442393378789,1.5746970974549708,303.98328086000004,308.36860052,307.1688755
13385,,,,,
13389,,,,,
13390,,,,,
13391,306.31896413160536,0.9142492165504681,304.76258942,307.78070108,306.02725682
13393,309.31194345895403,0.524916841608188,307.77728306,310.76805056,309.35299028
13395,,,,,
13397,,,,,
13398,,,,,
13401,306.630421098819,0.262343244429497,306.12979742,307.45257116,306.62085296
13402,,,,,
13403,,,,,
13409,,,,,
13410,,,,,
13411,,,,,
13415,305.0034426162978,0.7446589921666747,303.6995852,306.59464814,304.94032646
13416,293.33761257184517,1.7608332428706122,288.31165916,296.52857924,293.39890660678674
13417,301.3850783626277,0.017090100473791742,301.38216764000003,301.41634783999996,301.38216764000003
13418,306.1343058263521,1.471812906911388,305.02235894,310.89109928,305.60812539565217
13419,,,,,
13423,,,,,
13424,308.3867807489552,1.292189301107684,306.32462455999996,310.48093688,308.47114111999997
13425,,,,,
13429,,,,,
13432,295.7851833128168,0.7936203943551973,294.32053831999997,297.55740326,295.79883197000004
13434,,,,,
13437,,,,,
13439,,,,,
13443,,,,,
13450,,,,,
13451,,,,,
13452,290.4529005133275,0.6406194343853873,288.46205204,291.46990963999997,290.4889379
13453,,,,,
13459,,,,,
13460,,,,,
13469,290.32593221394234,0.3927974633826598,289.38833546,290.99480486,290.40006938
13471,,,,,
13472,,,,,
13475,309.9263015854108,0.6196145831805266,308.44037893999996,311.46874465999997,309.83749461499997
13477,286.251629111401,2.241202795420572,280.21436977999997,289.79507983999997,286.6094852
13478,,,,,
13482,309.7346584456727,0.9382907037398457,308.30024012,311.74560428,309.64010396000003
13490,,,,,
13493,300.65258291400573,1.0937185620265535,298.90068512,302.50327819999995,300.62678522
13495,,,,,
13496,,,,,
13500,305.85983028272955,1.0520221007856,303.83288798,307.43548106000003,306.14005148
13504,,,,,
13505,,,,,
13509,,,,,
13511,,,,,
13513,,,,,
13514,,,,,
13515,,,,,
13516,,,,,
13518,303.8637350090384,0.7044355385301396,302.26059878,305.14882567999996,303.87390422
13525,301.85831256010243,0.6788119411476956,299.88849289999996,303.03648932,301.94955896
13527,300.9827245230696,0.2926556599297931,300.3670157,301.86069044,300.95491514
13530,,,,,
13533,300.81254282948925,0.7115804925345168,300.16877053999997,302.2127465,300.59602304
13537,290.4059972753776,1.3193740135315013,288.54408451999996,293.58566401999997,290.47868384000003
13543,,,,,
13545,309.2893419950447,1.4307344979718668,306.36222278,311.80371062,309.6982103
13546,305.12799499698946,1.040838221179462,303.58679054000004,307.18254758,304.9408726674794
13549,,,,,
13550,301.4683226076138,0.6060316628285028,300.7088177,302.90318654,301.22493871999995
13552,,,,,
13557,,,,,
13558,,,,,
13559,,,,,
13563,,,,,
13565,,,,,
13566,,,,,
13573,308.2090643194978,1.3387148727150813,305.61025838,310.5527153,308.0062904
13575,,,,,
13577,,,,,
13578,308.73339858653065,0.21704426998738768,308.72749262,309.16158115999997,308.72749262
13580,,,,,
13581,,,,,
13582,297.3122140241202,2.0314730938320484,293.96848226,300.1277543,297.80008268
13583,302.31290402088194,2.2480107487451786,296.56617746,305.25820232,303.20964862345426
13585,,,,,
13586,304.28018046592877,0.376191452365464,303.70300322,304.74891734,304.27723058000004
13587,291.2611427692224,1.3009889175579814,288.01429142,293.37032876,291.49041776
13588,305.52324120455444,0.38358667156244036,305.15566172,306.02042078,305.21035004
13590,,,,,
13593,,,,,
13594,297.88319625393416,0.35001721062660984,296.23804754,298.5554651,297.9463061710245
13595,,,,,
13597,311.781557736087,2.1183605799025464,306.3143705,314.24417689999996,312.55225699999994
13599,307.68256539610854,0.25134575699338363,307.24065392,308.32074824,307.70550463999996
13600,301.7528794503362,0.7902462240243319,299.99786954,303.33043904,301.60092092
13603,305.9684359875606,1.7511589957475702,304.36951711999995,311.80371062,305.36416094000003
13604,,,,,
13610,,,,,
13611,,,,,
13612,293.95225983343255,0.9581519069654219,292.27998038,295.80395899999996,294.02317058
13613,302.53706157287445,0.6435069734364329,301.86410846,306.35196872,302.394110984826
13616,,,,,
13620,,,,,
13622,300.79106311179095,0.4067652207791736,299.8201325,301.50863438,300.70539968
13627,306.3279103553594,1.2435121019535524,304.36951711999995,309.41451464,306.26480921
13628,,,,,
13632,,,,,
13634,,,,,
13636,,,,,
13637,,,,,
13639,,,,,
13643,324.6207393488957,5.550541994311415,314.74662584,332.73908312000003,325.19551298
13644,300.2997968143129,0.108262782120889,300.20636876000003,300.49006442,300.25080302000003
13645,,,,,
13647,,,,,
13652,305.66753883423576,1.0655618722322655,303.74743748000003,310.40574044,305.68545482
13659,,,,,
13663,304.750854218,0.07519643985147823,304.62928664000003,304.77967952,304.77967952
13664,,,,,
13669,,,,,
13671,,,,,
13673,305.17697069894615,0.8523073073219718,304.32850088,307.12785926000004,304.85145794
13674,,,,,
13675,297.8102000192,0.1486838700079592,297.78641059999995,298.08377834,297.78641059999995
13676,305.27967576315797,0.8190523628448239,304.01062502,307.64739829999996,305.22402212
13677,,,,,
13680,304.37136639478075,0.7557596971243266,302.78697386,306.06827306,304.36268108
13681,,,,,
13682,304.1347038282192,0.10766763000672781,304.05505928,304.27039454,304.05505928
13685,295.70546409528936,2.5296420544863234,292.70723288,300.97542325999996,294.7259729914019
13688,302.2565017406393,1.4248853048118728,297.9744017,304.67372090000003,302.45086856
13689,,,,,
13690,,,,,
13691,306.5151452280682,0.5455047062684661,304.75233535999996,307.19280163999997,306.64677294500007
13692,,,,,
13698,296.8191733806156,1.2715281819674167,294.46409516,299.29375742,296.88405332
13705,,,,,
13709,,,,,
13714,,,,,
13715,308.33902625817063,0.4074523087030469,307.95843812,309.92379961999995,308.2221399906286
13716,308.5642240152941,0.5078333043622224,307.58929195999997,309.59225168,308.45746904
13718,,,,,
13720,,,,,
13721,,,,,
13723,308.38203835582783,0.9270033773937618,307.01164658,310.7236163,308.28315002
13724,307.8149461163536,0.8025829956405647,304.19519809999997,309.26753978,307.82855336
13725,,,,,
13726,,,,,
13727,,,,,
13729,,,,,
13730,,,,,
13731,294.77122205056656,0.3444499247853941,294.19065356,295.68091028000003,294.76829894
13733,,,,,
13734,,,,,
13736,,,,,
13737,,,,,
13738,311.9053915873289,1.428677266953452,308.41303478,314.97905119999996,312.1990616
13747,,,,,
13748,311.3814736077673,1.6564682602632146,308.90181164,314.5859789,310.7685542682105
13749,,,,,
13750,,,,,
13752,,,,,
13756,302.6483355146461,0.4948627963512912,301.34798744,303.3748733,302.73912157999996
13763,,,,,
13764,,,,,
13768,303.58995649362834,0.581207475122224,302.70494138000004,304.22254225999995,303.30651290000003
13770,,,,,
13771,,,,,
13773,309.1483504356692,0.5460925038895431,307.99945435999996,310.21433132,309.22994156
13776,,,,,
13778,,,,,
13779,,,,,
13780,305.45699551290437,0.3148676791526589,304.84120387999997,306.21524792,305.4962461186262
13781,,,,,
13782,305.16268413527774,0.5869233471429492,303.37829132,306.0409289,305.25649331
13783,,,,,
13786,,,,,
13791,,,,,
13793,,,,,
13794,,,,,
13799,309.3695396999511,2.651890523172508,304.65321278,316.67780714,309.403576976
13801,307.74471593382555,0.5324785865937751,307.08000698,309.59566970000003,307.64740367002355
13802,295.0840039691928,0.7202771145004104,292.67305267999996,296.32691606000003,295.16137124
13803,,,,,
13804,302.422591593745,0.21415907002394047,302.01791936,302.72203148,302.4861881
13806,290.9890925526027,0.20485855177289525,290.60515058,291.10076347999996,291.10076347999996
13807,,,,,
13808,,,,,
13811,,,,,
13813,,,,,
13814,,,,,
13818,295.8592817698415,1.956321319630567,291.67157282,297.3078878,296.40894854
13820,303.01854446938205,0.5581480864660061,302.27768888,304.21912424,302.99889110000004
13823,301.94341649700266,0.5657735875019745,301.29671714,302.94420277999996,301.8025841
13824,,,,,
13826,291.71276764284596,2.1662605781661246,288.27747896,297.64285376,291.4844754224771
13831,,,,,
13832,304.1473405141634,0.5590921608428319,303.67224104,305.59316828,304.22596028
13835,,,,,
13838,,,,,
13840,307.5108289244926,0.39731584533953923,306.22892,308.23529773999996,307.4604996886355
13841,297.50575087686406,2.908049642095718,293.52072164000003,303.24840656000003,297.39504731
13842,303.83527775990956,1.7833925442986,299.02886087,306.40665704,304.20545216
13845,,,,,
13848,,,,,
13849,,,,,
13852,,,,,
13853,,,,,
13854,,,,,
13855,,,,,
13860,,,,,
13862,,,,,
13863,,,,,
13864,,,,,
13865,,,,,
13866,,,,,
13869,305.2769252156463,0.5896944721852031,304.45838563999996,306.3656408,305.41543124
13871,,,,,
13874,,,,,
13875,,,,,
13876,,,,,
13878,301.0417197178078,0.3314982849032854,300.4524662,301.8538544,300.97542325999996
13879,,,,,
13880,293.378409682018,2.3487581679236604,288.4381259,297.8376809,293.5584939682574
13882,309.2647519806073,2.465424097829919,305.15566172,315.2354027,308.5949151377636
13883,,,,,
13887,,,,,
13890,291.87031704155567,1.633943936931224,288.1817744,294.83665934,291.84930986
13892,,,,,
13894,,,,,
13897,291.3616280594907,0.6455160938071025,290.61198662000004,293.7360569,291.22723022
13899,,,,,
13900,,,,,
13903,311.33529237432947,1.1883924362701401,309.55123544,313.58791706,311.10643454
13905,,,,,
13907,,,,,
13908,,,,,
13909,,,,,
13910,,,,,
13911,307.7663226582303,0.9325426389733366,305.97256849999997,309.89645545999997,307.72601276
13912,,,,,
13926,,,,,
13927,,,,,
13928,299.97196520527467,0.18153354890529452,299.78253428,300.22687687999996,299.94659923999995
13930,307.2905556849878,0.3675037304950526,306.49894358,308.13275713999997,307.30217828
13931,,,,,
13935,,,,,
13937,,,,,
13938,,,,,
13940,,,,,
13941,307.3837239790162,1.0981682178329881,305.5282259,311.01072998,307.46966126
13943,301.32058665788713,0.6325243292751331,299.99445152,302.97154694,301.24202882
13945,302.41028884498985,0.31790415843489955,302.04526352,303.1185218,302.31186908
13947,,,,,
13953,298.8492534836359,1.2905564088104375,297.24636344,302.04526352,298.554610595
13955,,,,,
13958,,,,,
13961,,,,,
13962,,,,,
13963,288.7159918160509,3.8963856407348914,282.09086276,295.12377302,288.35381473999996
13964,,,,,
13965,,,,,
13966,307.1745804680696,0.7999416278916389,305.95206038000003,308.54975558,307.17229352
13968,300.3711105190497,1.6841915358194097,295.16820728,302.52720434,300.764360525
13970,310.63775580442126,1.0695284814027308,307.84564346,312.98634554,310.66209194
13971,308.2577218250252,0.5767684221644491,307.24065392,309.59225168,308.27517464
13972,,,,,
13974,304.39052680599144,0.5562608153445235,302.35630333999995,305.53847996,304.46666471824506
13975,305.6775395403454,0.21952086038881347,305.18984192,306.19815782,305.76406928
13978,306.6185907570263,0.7415877545257229,305.21035004,308.17719139999997,306.56730398
13985,,,,,
13986,,,,,
13990,,,,,
13992,,,,,
13995,,,,,
13996,,,,,
13998,,,,,
14001,311.15332708039415,1.2532838696635071,309.48629306,314.10745610000004,311.35253198
14003,300.5137140513168,1.2415927815210417,297.2907977,303.04332536,300.27131113999997
14004,305.9030233261962,0.7634676638553693,304.94032646,308.74458272,305.67520076
14005,308.1830546666316,2.2471238140419145,304.55067218,311.5610312,308.69673044
14010,,,,,
14011,307.7018053932932,1.823941004168476,305.80850354,315.27983696,307.35318610909405
14012,310.4223276321019,1.145566163800689,308.68647638,313.09914019999997,310.55955134
14013,,,,,
14015,300.21386054200076,1.6208629599219477,297.76590248,303.65515094,300.02008667
14020,304.7927552882553,0.4934832466627014,303.90808442,305.48379164,305.01210488000004
14025,,,,,
14026,301.06718710316466,0.5384975615815962,300.17560658,302.51353226000003,300.97200524
14028,299.259800771968,0.6754111259049799,298.44267044000003,300.73616186000004,299.09551225999996
14031,286.7854800441053,1.1973016113877746,282.78813884,288.72523958,286.92394304
14035,,,,,
14036,300.65236532010726,0.24990645961963592,300.08673806,301.19417654,300.6575474
14037,,,,,
14038,,,,,
14045,299.620974451204,0.2607200497022694,298.95879146,300.10724618,299.6357433208905
14046,292.2207347000001,0.12988475999994406,291.98261263999996,292.24238216000003,292.24238216000003
14047,308.0796911813958,1.2221485382143,304.70106506,309.9374717,308.4185866303225
14049,307.11654886111154,1.4219532217567128,305.62734848,311.82763676,306.6050672947033
14051,306.40313142569295,2.4263404045707,301.06429177999996,310.11862676,306.52742708
14053,307.7278190926964,0.544136265081794,306.82365547999996,309.59566970000003,307.69183255999997
14054,,,,,
14055,,,,,
14056,292.8781965010908,1.5704137390163633,289.39858952,295.39037858,293.0182727
14063,310.23598204575416,1.2322973254361866,308.67964034,313.3384016,309.75289862
14067,,,,,
14069,308.36027255720575,2.072875902302481,304.91640032,311.28075356,308.68989439999996
14070,299.0672718668681,0.7904913135844871,298.64091559999997,301.60092092,298.86650492
14071,303.0544090220704,0.3163919503074901,302.7083594,303.77478164,302.93736674
14076,,,,,
14077,,,,,
14078,,,,,
14080,,,,,
14081,,,,,
14083,305.120755619968,1.2981376323029097,303.89441234000003,308.50873934000003,304.6716175030769
14084,,,,,
14088,,,,,
14089,305.66314920046545,0.6541868538972714,304.22254225999995,306.62541032,305.74697918
14090,,,,,
14091,299.094649872852,1.0189666831152877,297.46511671999997,301.90854272,298.87675898
14092,299.50809323892685,2.2536656102327552,293.60959016000004,302.52378632,299.966252855
14093,,,,,
14094,286.1015166463555,1.0671922784546282,283.83063494,288.64662512,286.02500378
14099,,,,,
14100,,,,,
14103,,,,,
14105,,,,,
14107,,,,,
14109,,,,,
14110,,,,,
14111,,,,,
14116,306.8714399979246,0.914208653534247,304.56776228,308.43696092,306.82365547999996
14117,307.52358385716894,0.3192872103078052,306.89201588000003,308.31733022000003,307.51409551999996
14118,,,,,
14119,304.96726511216195,0.5229112889442222,303.84997808,306.06143701999997,305.00868686
14123,287.93567696,0.0,287.93567696,287.93567696,287.93567696
14124,,,,,
14131,,,,,
14132,,,,,
14134,,,,,
14137,305.9765916485602,0.2821835661729996,305.20693201999995,306.70402478,305.98282256
14138,304.0712057069354,0.3846556672602598,303.60388064,305.7333071,303.99060737820633
14140,300.28884486104766,1.5377492420733407,296.5217432,302.83482614,300.45075719
14141,301.0423621649827,0.7204748312756639,296.41065755,302.41099166000004,300.99080434999996
14142,289.09091862459184,3.1601378527340587,283.01372816,294.68284844,288.98500909999996
14144,,,,,
14147,310.4755564533625,2.1778732098466373,304.55067218,312.60010927999997,311.43456446
14148,302.41421345542284,0.9579889910723888,301.58383082,304.58485238000003,302.47593403999997
14154,,,,,
14158,308.31681626423284,1.0603229103851561,306.33829664,310.69285412,308.6096879158036
14160,312.81899895183597,2.442661917845177,307.8353894,315.96002294,312.88380494
14161,,,,,
14162,,,,,
14163,,,,,
14165,,,,,
14166,,,,,
14169,,,,,
14174,,,,,
14175,,,,,
14176,,,,,
14181,,,,,
14184,,,,,
14189,,,,,
14190,,,,,
14192,,,,,
14193,,,,,
14196,305.6484410177568,0.3275373490856777,304.95741655999996,306.52628774,305.6307665
14197,314.9638213270313,2.060534246601485,311.35936802000003,318.09628544,315.7651958
14202,301.79717449884924,0.39338672596890956,301.01985751999996,302.48277008,301.85537550837694
14204,299.6546943147375,0.5803735781761987,298.73662016000003,300.51399056,299.69708377999996
14206,,,,,
14207,,,,,
14208,291.3519929234931,1.2467487131496866,288.67396928,294.4196609,291.40154924
14209,,,,,
14213,,,,,
14215,,,,,
14217,305.35392379930056,0.2690677115163493,304.96767062000004,305.9896586,305.28212845999997
14219,302.6050680048887,0.7884338810441572,300.97542325999996,304.17127196,302.63658097999996
14221,,,,,
14222,,,,,
14223,,,,,
14224,302.1692870709162,0.09762213835630529,302.07260768000003,302.40757364,302.13071402
14228,,,,,
14229,,,,,
14230,,,,,
14231,,,,,
14232,,,,,
14234,,,,,
14237,289.98651946465657,1.3916633317584552,287.4981704,292.78242932,290.14029986
14244,,,,,
14245,284.66804984,0.0,284.66804984,284.66804984,284.66804984
14247,300.96470744121444,0.20535645990093587,300.57893293999996,301.61117498,300.95833316
14251,,,,,
14252,302.439968040627,0.24496018026754882,302.0076653,302.86900634,302.37339344
14253,308.3363994660792,0.4947754201499243,307.04240876,309.28462988,308.42670685999997
14254,,,,,
14258,299.80987844000003,0.0,299.80987844000003,299.80987844000003,299.80987844000003
14264,,,,,
14271,,,,,
14274,,,,,
14275,,,,,
14276,,,,,
14280,,,,,
14282,,,,,
14283,,,,,
14284,281.6987910548039,3.302628989616615,277.09371752,287.60412901999996,281.3115542
14285,302.90730695095004,0.326886657962447,302.7596297,304.97108864,302.86812287605466
14288,,,,,
14290,,,,,
14291,,,,,
14292,,,,,
14293,,,,,
14297,300.67990831664093,0.30654140598657414,300.3499256,301.7684039,300.59602304
14298,,,,,
14299,306.3164250773523,0.4371561738838173,305.51455382,307.44231709999997,306.26247575403846
14300,304.18373731833617,0.3590905979464857,303.50988509,305.05995716,304.17552056755727
14308,300.7828103009706,1.8424816357857003,295.81079504,303.62780678,301.05061969999997
14309,,,,,
14312,294.2950269067805,2.2745807162216387,287.59387496,298.8118166,294.53131621999995
14314,305.2377258572458,0.4910786575500415,304.19178008,306.46134536,305.2889645
14316,295.7309190194184,0.39021175696927807,294.9836342,296.55250537999996,295.7185085
14319,,,,,
14321,304.9173575812742,1.1746641260769128,301.54281458,306.73478696,305.48720965999996
14322,305.9386678092304,0.27220435901633283,305.24453024,306.64933646,305.94522434
14325,,,,,
14330,303.40624768358225,0.5655869006980416,302.50669622,305.28212845999997,303.3063636822101
14332,,,,,
14333,,,,,
14335,,,,,
14336,,,,,
14339,,,,,
14340,289.518048815499,3.875459260970665,281.12014508,295.31176412,289.8438572730512
14341,,,,,
14347,,,,,
14349,,,,,
14352,306.8330743522674,1.8234885818798476,303.63464281999995,309.77682475999995,306.8441636
14356,305.3033273039117,0.6453226563330601,304.11658364,306.80314736,305.2889645
14357,299.57539274041807,0.1787039445658012,299.33819168,299.78595229999996,299.55694496
14358,,,,,
14361,,,,,
14365,,,,,
14371,,,,,
14372,304.90279307078333,2.8044602513444308,298.85966887999996,310.66892798000003,304.97108864
14374,,,,,
14375,,,,,
14376,,,,,
14378,,,,,
14380,307.74488764798184,0.5066480669720582,306.62541032,308.81977916,307.67474246
14385,289.68622204097846,1.347510850082039,287.34777752,293.6335163,289.70621131999997
14387,,,,,
14388,304.2193077256154,0.9792920933558918,302.35630333999995,305.95889642,304.27723058000004
14392,,,,,
14394,,,,,
14395,310.37954028257036,1.9822768188404378,306.80656538,315.34136132000003,310.24072197160854
14396,310.35415749864023,0.8785402299489627,309.30171998000003,313.99466143999996,309.98361496999996
14402,304.45925760989417,0.11629186996824145,304.00378897999997,304.59168841999997,304.48231178000003
14403,292.9614587443417,1.3493752647135187,290.34196304,295.43481284,293.19520477152173
14406,,,,,
14407,300.3439828580334,0.6227163093997353,299.08867622,301.67611736000003,300.22858589
14411,312.2657384693472,2.0981864415925253,308.19769952,316.13775998,311.92334131999996
14412,,,,,
14415,,,,,
14416,,,,,
14420,,,,,
14421,,,,,
14422,308.58861534709195,1.0298062116672178,306.8954339,312.20361896,308.4677231
14424,,,,,
14427,,,,,
14429,,,,,
14434,305.251553930605,0.9801904339997934,303.8021258,308.58393578,305.1180635
14440,302.8969965915566,0.9195996661475175,301.57015874,304.65321278,302.67076118
14441,304.40531700036723,1.5983683272106601,293.90353988,306.47159941999996,304.6708326731
14443,,,,,
14444,298.8128835198897,1.8651211482805554,295.15795321999997,301.23519278000003,299.00322572
14445,,,,,
14446,305.3725948538335,0.2598087130823996,305.23769419999996,306.13321543999996,305.35048886
14451,,,,,
14453,297.2795382455257,1.0871031344807256,294.25901396,299.00322572,297.42548334305343
14454,,,,,
14457,,,,,
14458,311.61997674956444,1.0876518176798422,309.14449106,313.27345922,311.85839894000003
14463,,,,,
14465,,,,,
14467,,,,,
14470,308.2887832392798,0.8356267900855349,306.58097606,309.84176714,308.24782651017415
14471,,,,,
14472,299.2324372778757,1.1497577310268803,297.80008268,301.41292982,299.58087109999997
14475,301.76971387354916,0.8706513663641907,299.80646042,303.24157052,301.81283815999996
14478,,,,,
14480,,,,,
14481,303.14258682447394,1.2982577498205459,300.3328355,304.76600744,303.22789844
14482,,,,,
14483,298.2032569152838,0.7893876345628112,297.45144464,301.19417654,298.02175065270455
14486,304.71725379014146,0.6912305334996716,303.13902992,305.87686394,304.85829398
14487,302.6064272298717,0.14226107099772328,302.33579522,302.89293248,302.58189266
14502,,,,,
14503,,,,,
14505,296.96255222378215,2.0722600584085864,293.07637904,300.59944106,297.01735610000003
14510,301.52462893883825,0.5646477495326427,299.75860814,304.44471355999997,301.5463833063492
14511,288.7301510865364,0.7901578441173088,287.50500644,289.90445648,288.87563246
14512,,,,,
14513,,,,,
14515,307.5189014735685,0.9970743452200538,305.77090532,309.92721764,307.41155491999996
14517,302.7897089400886,0.2357266605016418,302.14780412,303.33043904,302.77796010763063
14518,,,,,
14520,301.140706214169,0.8053265427378835,298.42558034,301.91879678,301.32406130000004
14522,287.6942084247622,0.7103077211236112,285.81308654,288.26038886000003,287.9937833
14524,308.5241463872116,1.338368053621366,305.43252134,312.29932352000003,308.7054069523077
14528,,,,,
14532,,,,,
14535,303.805434422848,1.0444855229962262,301.46078209999996,305.51797184,303.91662947
14536,312.5009635717835,1.3010543062206859,309.84860318,315.10209992,312.77101028
14537,,,,,
14538,309.906474531125,2.4442804474819764,307.08342500000003,313.34865565999996,311.20213909999995
14539,298.69936494013746,1.3383627654539962,296.75758658,301.65731825,298.29450079576424
14542,290.84534498283466,3.0326072578480483,287.73059576,297.65994386,289.91812856
14543,,,,,
14548,,,,,
14549,306.29591130955856,0.6405621713265167,304.7249912,307.51751354,306.3656408
14550,,,,,
14553,,,,,
14555,,,,,
14556,306.51416165518805,0.43982039490632996,305.24453024,306.9296141,306.6219923
14558,,,,,
14560,300.5441680584601,0.6303203736666442,299.96710736,302.61949088,300.3841058
14561,303.4252050746898,0.8469864761378214,301.8709445,305.32656271999997,303.35265617
14565,,,,,
14567,,,,,
14568,,,,,
14569,,,,,
14570,,,,,
14573,284.3825902444186,1.1768031238311156,282.55229546,287.85022646,284.3308052
14575,,,,,
14576,304.812576873126,0.8684592699623157,303.66198698,307.0663349,304.44471355999997
14577,,,,,
14580,,,,,
14581,,,,,
14583,,,,,
14584,,,,,
14590,,,,,
14592,,,,,
14593,,,,,
14594,,,,,
14597,300.48319950750573,1.345618750223782,299.16729068,304.05505928,299.8556256347111
14598,298.5132035121757,2.0620317504646546,293.91379394,302.4861881,298.49277945124345
14601,,,,,
14604,,,,,
14605,302.50095267143456,1.662027957426689,296.03296634000003,304.29090266000003,302.54225543277863
14611,,,,,
14612,,,,,
14617,302.0515198357415,0.36709110771426773,300.94124306000003,302.56822058,302.1102059
14619,308.5842858223226,1.8616504720910814,306.52970575999996,313.3384016,307.94818406
14620,,,,,
14630,,,,,
14631,,,,,
14632,303.94262538313853,0.5116425632460029,303.07066952,305.45302946,303.944315432
14633,,,,,
14634,,,,,
14636,310.11862676,0.0,310.11862676,310.11862676,310.11862676
14639,302.98040754193704,0.4234547875798556,301.75473181999996,303.6824951,303.06041546
14643,,,,,
14644,,,,,
14645,,,,,
14647,312.01562786,0.0,312.01562786,312.01562786,312.01562786
14648,,,,,
14649,301.35140546,0.0,301.35140546,301.35140546,301.35140546
14650,,,,,
14656,308.6578379622393,1.0364915253072247,305.76065126000003,310.08102854000003,308.66255024
14659,,,,,
14661,,,,,
14662,,,,,
14664,301.3883886077293,0.69897161631783,300.44221214000004,302.95103882,301.49154427999997
14665,,,,,
14666,308.41635396259386,0.4782696574370825,307.62347216,309.57516158,308.3310023
14667,,,,,
14672,,,,,
14673,,,,,
14674,300.15421670991304,0.09873713951657682,299.95001726,300.26105708,300.13117232
14677,304.456208111161,0.8097853651046714,303.42272558,305.30947262,305.13515359999997
14679,,,,,
14681,310.92333745231997,0.7269713216951608,310.20407725999996,312.98634554,310.63474778
14682,298.48328382092444,1.0683909900135036,295.52880839,300.17047955,298.76567332999997
14685,303.0936424226478,0.610780564181947,302.05551758,304.41395137999996,302.92786497148325
14687,287.7649208176082,0.867890476899287,285.79941446,290.0787755,287.94820969999995
14690,,,,,
14691,,,,,
14692,303.77592461767114,1.112024134893179,302.66392514,308.86079540000003,303.61185602
14693,,,,,
14695,306.55875656338713,0.516545231738229,305.05995715999995,307.20647371999996,306.70690846933
14697,309.67705247108637,0.6235698199513536,308.52241142,311.94384944,309.82467704
14699,,,,,
14702,,,,,
14704,,,,,
14707,306.3403432203489,0.5860347440073518,305.13857162,307.57561988,306.36222278
14709,,,,,
14710,,,,,
14711,,,,,
14719,,,,,
14726,302.06564290678904,1.1913618197177391,299.39971604,304.50281989999996,302.03159144
14729,299.8735933419343,0.5696839412335759,298.43241638,300.88313672000004,299.88849289999996
14730,,,,,
14732,300.01581716445224,0.25209797967672315,299.3074295,300.38752381999996,300.076484
14734,,,,,
14738,304.10908898424753,0.6100364384367528,302.84849822,305.55557006000004,304.08354278
14739,303.4607758079888,5.210429616281514,294.45725912,307.95843812,306.59806616000003
14740,301.82735297979127,0.2727916587433924,301.19075852000003,302.32212314000003,301.8705633967247
14742,,,,,
14744,,,,,
14750,303.4867404322889,0.7873898401214834,301.73422370000003,305.79824948,303.33556607
14752,295.87947436166405,1.381509606529794,293.48995946,298.0769423,295.72534454000004
14755,292.83243281934506,1.0384103640359206,290.23942244,294.2145797,292.93282220000003
14757,,,,,
14758,,,,,
14767,,,,,
14768,,,,,
14770,308.1605978833943,0.8237365394247402,306.92619607999995,309.91012753999996,308.00287238
14771,,,,,
14772,310.72764863476107,1.5263588281601042,307.8012092,313.32814754000003,311.08681807739123
14775,,,,,
14777,,,,,
14783,,,,,
14785,307.84158787081697,0.5060238704574099,306.63224635999995,308.69331242,307.88438102000003
14786,306.0562228937549,0.2458779710363114,305.42226728,306.39298496000004,306.11270732
14789,,,,,
14792,304.18109577972024,0.0821747740025138,304.04822323999997,304.22254225999995,304.22254225999995
14796,,,,,
14797,,,,,
14799,,,,,
14800,,,,,
14801,,,,,
14802,,,,,
14803,302.5183053175172,0.9264084581783344,300.61311314,304.17127196,302.49302414
14806,,,,,
14808,,,,,
14810,,,,,
14812,305.4682720452155,0.8541492504089743,303.96448175,307.37737472000003,305.34536183
14813,,,,,
14814,,,,,
14815,,,,,
14816,,,,,
14817,279.6797191204564,2.5920973874011923,274.67034134,285.21835106000003,279.9095612733846
14819,,,,,
14820,,,,,
14822,,,,,
14825,297.3184764575916,2.202826485262057,291.49383578,300.00128756000004,298.3457242132171
14830,,,,,
14837,304.5799389128406,0.8206443859274282,303.05699744000003,305.77432334,304.69764704
14838,,,,,
14842,303.91977585120446,0.4124932401062121,302.66734316,304.35926306,304.09607552
14843,,,,,
14845,,,,,
14849,,,,,
14850,306.72218046659043,0.5642295320112092,304.8275318,307.49016938,306.88176182
14851,,,,,
14852,,,,,
14854,,,,,
14855,,,,,
14856,,,,,
14858,,,,,
14859,,,,,
14861,,,,,
14862,296.4588992843103,0.27071212803057415,296.20044931999996,297.32839592,296.41236656
14863,312.98823889948994,1.991532434692023,309.77682475999995,317.93222047999996,313.13673842000003
14867,302.40635092583733,2.2491649474699806,299.57061704,307.56878384000004,301.8949403955102
14868,,,,,
14869,,,,,
14875,,,,,
14878,310.04940771922253,2.1595564638904876,306.7758032,313.62551528,310.04134381783126
14884,305.1458129250024,0.274173054219616,304.82069576000004,306.6219923,305.10053438825685
14888,,,,,
14889,302.3680729531093,0.7634405576879445,300.45930224,303.30309488,302.38706551999996
14891,,,,,
14893,,,,,
14894,,,,,
14897,,,,,
14898,302.5394671871639,1.6630618778568529,299.10576632,304.31824682,303.30993092
14899,,,,,
14900,296.0409040457514,1.7558839551922865,291.99628472,299.30401148,296.07056456
14901,300.6378455723943,0.2381488779644186,300.16193450000003,301.05403772,300.55158878
14902,,,,,
14904,,,,,
14908,,,,,
14911,,,,,
14912,,,,,
14913,302.7023427064758,0.7229958858802097,300.97884128,303.72692936,302.81773604
14914,308.6148327258143,3.552678131472483,300.14655341,317.40242738,308.6643998647469
14915,,,,,
14918,303.98328086000004,0.0,303.98328086000004,303.98328086000004,303.98328086000004
14919,,,,,
14920,,,,,
14922,311.00414025977506,0.7845168656250437,309.4418588,312.37451996,311.00731196000004
14927,312.8643223644935,0.6143053026421449,311.67382585999997,313.90579291999995,312.84962473999997
14931,,,,,
14934,,,,,
14936,,,,,
14937,,,,,
14938,,,,,
14939,302.2835981189573,1.092565387312312,299.14336454,303.9901169,302.16707197660617
14943,303.1771656658484,0.6630178990717663,301.43685596,304.21570622,303.05768318695925
14945,301.68900932820736,0.47295821442406943,300.82503038,302.71177742,301.5975029
14947,,,,,
14950,,,,,
14951,299.5858160670695,0.7212007341890037,297.98123774,300.40461392,299.8663996113043
14954,,,,,
14957,303.4729212247429,0.776112374893117,302.45884394,305.06337518,303.23473448
14962,302.74886719272587,0.6373267972462429,301.84018232,303.73376540000004,302.46226196
14963,310.8125499481158,0.7040604464853057,309.40084256,312.3300857,310.51169905999996
14964,306.59159644350933,0.26368191878810926,306.01016672000003,307.46624324,306.59123012
14965,,,,,
14972,302.5904753765453,0.6978433969959859,300.88655474,303.46032379999997,302.82115405999997
14973,306.4084382568009,0.41155364405376904,305.79141344,307.67474246,306.39298496000004
14974,309.6951525160482,0.7612924167823445,308.19086347999996,310.70994422,309.92379961999995
14978,300.165746576418,0.4678684713569989,299.18438077999997,301.08821792000003,300.15509846
14981,299.5597486122806,0.9252754227627857,298.9656275,301.5120524,299.15020058
14983,,,,,
14994,308.24660133809493,1.1246290743160656,306.23917406,309.38033443999996,308.6386241
14995,304.4625552673319,0.49371177622543444,303.58337252,305.49233669,304.4485310278002
14996,301.9664689053595,1.9452984013435832,297.43777256,306.83561855,301.3990519260593
14998,297.82755348000364,0.3163191102366119,297.17800304,298.32987578,297.95389358
14999,,,,,
15000,280.16993551999997,0.0,280.16993551999997,280.16993551999997,280.16993551999997
15001,,,,,
15002,310.52707908166855,1.2800571499667832,308.46430508000003,314.19974263999995,310.3819335332558
15003,298.8152588741777,0.7148489356764847,297.28737967999996,299.71075586,298.91777522
15004,300.3864491832593,1.2438340015709628,298.00858189999997,302.81431802,300.0081236
15006,300.41022087794687,0.34852046055414193,299.60137922,300.87630068,300.51093359845066
15007,299.70066033763055,1.5697725040719286,295.3596164,302.50327819999995,299.79962437999995
15008,316.6303726179999,1.5365404839039336,312.25488926,318.52695596,317.12556775999997
15009,305.5453863159969,0.6827862189994215,304.42420544000004,307.22698184,305.4792283148691
15012,,,,,
15013,,,,,
15015,,,,,
15019,302.30959040000005,0.16064693996615032,302.20249244,302.52378632,302.20249244
15020,,,,,
15024,307.9374510302042,0.16536116861228392,307.66107037999996,308.35834646,307.92083990000003
15025,,,,,
15028,305.4259498487291,0.4769606662076717,303.9217565,306.4681814,305.40859520000004
15030,316.7062617082819,2.353523854346288,313.00685366,322.59098173999996,315.97026299172137
15034,,,,,
15035,,,,,
15036,,,,,
15038,,,,,
15040,,,,,
15042,,,,,
15051,,,,,
15054,,,,,
15055,,,,,
15057,306.73136391051,0.7228825123814063,305.87002789999997,308.90181164,306.5365418
15061,,,,,
15062,,,,,
15066,300.9041457015449,1.0856662274275446,298.6580057,302.6570891,300.75325196
15067,,,,,
15068,,,,,
15070,,,,,
15071,,,,,
15072,,,,,
15073,,,,,
15075,,,,,
15078,313.00752281202654,1.3039989017628968,308.84712332000004,315.18755042,313.39195058
15079,,,,,
15082,,,,,
15084,301.9817573412479,1.6454410322749087,300.09357409999996,305.45302946,301.24886486
15085,304.2394321171127,0.5566592539346913,302.63316296,305.78799542,304.1612620442857
15088,,,,,
15090,,,,,
15092,,,,,
15093,304.32481198391935,1.5114751116907315,302.03159144,310.1938232,303.922611005
15095,,,,,
15096,,,,,
15101,303.4238264679701,0.6244545840669546,301.99057519999997,305.15566172,303.50134004
15109,,,,,
15111,,,,,
15112,307.43943540546064,0.4587378553106203,306.24601010000003,308.23529773999996,307.4166919833268
15118,,,,,
15121,,,,,
15126,308.38456244440493,1.0796593845169042,306.81340142,310.70994422,308.39252666
15129,305.59651183484027,0.8703329605082716,302.56138454,306.53995982000004,305.62051243999997
15130,299.2062129926503,0.3601299125086695,298.38456410000003,299.86798478000003,299.27666732000006
15133,,,,,
15134,,,,,
15135,297.3807923200713,0.6805831464680716,295.00756034,298.15555675999997,297.52322305999996
15137,,,,,
15138,,,,,
15141,,,,,
15142,,,,,
15143,307.3042317832282,0.4643754100956504,306.11954335999997,307.99603634,307.43548106000003
15144,305.477868326607,0.3821932519736179,304.81044169999996,306.48868952,305.43593936
15145,300.13150370807523,2.845839338206972,294.1803995,303.24157052,301.16569304
15149,304.7452630000181,1.6991791013142674,302.1443861,308.75483678,304.5540902
15150,,,,,
15152,,,,,
15154,,,,,
15157,302.554112457176,0.8292175107173365,301.32064328,304.71131912,302.39048354
15159,,,,,
15160,304.44392371464704,0.9872757164891485,302.90318654,305.93497028,304.30115672
15161,,,,,
15164,,,,,
15166,305.68110619649343,0.6415728916321334,304.51991,307.6132181,305.56921884288215
15167,,,,,
15169,,,,,
15170,,,,,
15172,,,,,
15175,,,,,
15177,307.37053868,0.0,307.37053868,307.37053868,307.37053868
15181,,,,,
15187,296.4090109137169,0.5386373394032635,295.62280394,297.84793496,296.33375209999997
15189,,,,,
15190,301.20740678550345,0.7003791697830833,299.99445152,302.39731958,301.26595496
15191,,,,,
15192,,,,,
15193,,,,,
15194,304.65212543939793,0.17755850387677188,304.32166484,305.0155229,304.63270466
15197,301.9428879278621,0.3988432686868349,301.53597854,303.32702101999996,301.85043638
15198,,,,,
15199,,,,,
15201,314.8517324051576,2.0227996984070393,311.99170172000004,319.87023782,314.60990504
15202,294.47121109174486,1.190605403068434,293.04219883999997,298.74687422,294.14356604246575
15207,,,,,
15208,,,,,
15210,302.5713427748686,1.6514784835721648,299.42535119,306.28531733,302.866442825
15212,,,,,
15213,,,,,
15214,,,,,
15215,,,,,
15217,311.52990493191453,2.2965813189257887,308.02338050000003,318.01083494,311.60546546
15218,300.70405351759206,0.3030495649833726,300.18586064,302.0247554,300.70539968
15219,,,,,
15220,,,,,
15221,,,,,
15222,,,,,
15227,,,,,
15229,,,,,
15232,300.42652165903854,0.9477610293826074,299.55694496,302.88267842,300.14826242
15236,,,,,
15241,298.4994150628812,0.9127629859946825,296.6242838,301.41976586,298.25612940909093
15242,306.9724216417704,0.27047267628054045,306.15714158000003,307.99945435999996,306.98312934449535
15243,306.8678208250105,1.6816626121779084,303.33043904,310.69969016,306.7045114263453
15245,306.4039166583352,1.4918054088872357,303.43297964,309.1513271,306.44083724
15246,,,,,
15248,,,,,
15249,,,,,
15253,,,,,
15255,,,,,
15258,299.44981895470767,1.2382177911779872,298.45634252,301.4778722,299.2903394
15261,296.37707632159186,1.7892353697485512,291.6510647,299.97736141999997,296.52851880349704
15263,,,,,
15264,,,,,
15269,,,,,
15275,310.56332408845464,1.4212095546388919,308.1601013,314.04934976,310.32199895
15278,,,,,
15280,,,,,
15281,,,,,
15282,,,,,
15284,299.5659536948837,0.9903947548960431,298.2307532,301.04720168,299.8030424
15287,,,,,
15288,300.5277333429014,1.7959092377064385,296.99342995999996,304.5540902,300.93440702
15290,,,,,
15291,,,,,
15293,302.016962520034,0.5820043966458871,301.09847198,303.71325728,301.8025841
15297,,,,,
15299,304.693284465787,0.6326946000403239,303.62438876,306.30069842,304.55409019999996
15302,300.6026728002117,1.1643084217532882,297.26345354,302.39390156,300.7654824261224
15304,307.020071256113,0.28351286869154463,306.26651821999997,307.48333334,307.05949885999996
15307,,,,,
15309,,,,,
15311,,,,,
15312,,,,,
15315,,,,,
15316,304.349009,0.0,304.349009,304.349009,304.349009
15317,309.4549386615287,0.9832439684091981,306.8612537,311.77294844,309.57730007942405
15318,304.2107813448661,0.1482514849697173,303.91492045999996,304.51649197999996,304.19861612
15322,303.5025528402581,1.2418610172165927,300.77376008,306.93645014000003,303.57226395500004
15324,,,,,
15327,,,,,
15328,305.6586091012119,0.442517760041572,304.87880210000003,306.80656538,305.66836472
15329,,,,,
15331,307.0325626461847,0.881864931007641,305.79824948,309.16499918,306.7897122959854
15337,301.632410160489,0.01953561157958837,301.62484706,301.66928132,301.62484706
15341,293.47140878286234,0.6555598337778418,292.52607781999995,295.16820728,293.30683662143093
15342,309.36609363591026,2.119421144998175,305.38808708,312.7573382,309.06245858
15347,,,,,
15349,,,,,
15350,,,,,
15351,,,,,
15353,,,,,
15354,302.1036050144765,0.9132519603568322,299.05107799999996,303.19030022,302.2324135929968
15361,304.84071929031876,1.4921328116858887,301.44711001999997,307.64056226,304.64295872
15362,,,,,
15364,304.3921977203496,2.1826111863357167,302.60240078,309.73580852,303.12535784
15367,305.03296308998483,0.4148463927335669,304.349009,306.1263794,304.99159676
15368,304.75853320040386,1.6760409905847997,300.82503038,306.86467172,305.20693201999995
15369,290.2727912707483,2.236185458173542,286.51719865999996,295.58520572,290.49121657999996
15371,,,,,
15372,,,,,
15373,305.43926433045374,0.013531850336581705,305.42226728,305.46328352,305.43593936
15375,,,,,
15383,,,,,
15385,305.025120783104,0.3023565827853539,304.40882435000003,305.62563947,305.050877756469
15387,,,,,
15392,,,,,
15393,,,,,
15394,,,,,
15396,298.0626795048662,0.37491205878170725,297.48220682,300.07990201999996,298.11112249999996
15397,,,,,
15398,,,,,
15399,,,,,
15400,,,,,
15401,306.49894358,0.0,306.49894358,306.49894358,306.49894358
15404,,,,,
15405,,,,,
15407,,,,,
15408,,,,,
15410,297.3704351054534,0.5348913893058863,296.20044931999996,298.34696587999997,297.46055936
15412,307.59184670865307,0.5212092378913925,307.19621966,309.85202119999997,307.48139892100716
15417,,,,,
15419,306.20423190889755,1.1098843810143872,304.17468998,309.27779383999996,306.1133197975723
15426,306.39903784039853,1.2848915749472798,305.05653914,310.50486302,305.8564954124154
15427,297.89129861830736,1.9982479823039727,294.06418682000003,301.62142904,297.8889512
15436,303.38631604809655,1.1068424090921094,299.80987844,305.19667796,303.5745833257143
15438,291.53860166448516,1.8193948822037187,288.92348474,296.37135032000003,291.10247248999997
15441,,,,,
15443,,,,,
15444,,,,,
15445,,,,,
15449,298.2383497981075,0.9572633670386297,296.60377568,300.03888578,298.3007779075252
15452,,,,,
15453,299.27612537334386,0.8070299085667669,298.59648133999997,300.61653116,298.73662016000003
15454,304.87300217335957,0.8263892389906137,302.47935206,306.71769686,304.89216345090915
15458,,,,,
15459,297.8559223730219,2.593838314742585,295.69116434,303.90124837999997,296.28793422327914
15460,308.184303442492,0.7263374252054347,307.17229352,309.76998872,307.9973065501351
15461,,,,,
15463,,,,,
15470,,,,,
15471,,,,,
15476,299.069176393369,1.2125355897032626,297.73172228,301.53256052,298.52128489999996
15479,,,,,
15480,,,,,
15481,,,,,
15483,,,,,
15487,,,,,
15488,290.9239207423054,3.625266373811127,283.44439868,296.14063396999995,290.07991483999996
15491,,,,,
15492,,,,,
15493,,,,,
15494,309.02608044323557,0.4946837544688371,307.85247949999996,309.77682475999995,309.05904055999997
15495,307.39916180517486,1.880710652448393,302.80406396,309.78707882000003,308.1071053976699
15497,,,,,
15505,,,,,
15510,290.99138684,0.0,290.99138684,290.99138684,290.99138684
15512,,,,,
15514,,,,,
15521,,,,,
15524,307.5071588855338,1.061601164581619,305.79483145999995,310.56638738000004,307.26670598812717
15528,,,,,
15532,293.64781865394974,1.0534782396875613,291.70575302,295.56127958,293.55831986
15533,,,,,
15535,304.94083683727075,0.4644178570408991,304.1610179,305.99991266,304.95570754999994
15536,,,,,
15538,,,,,
15541,,,,,
15542,,,,,
15544,,,,,
15547,309.26258627736007,0.31621313868929307,309.09322076,310.81248482,309.22310552
15548,,,,,
15549,292.0677182974758,1.0320319996449856,287.98694725999997,293.64035234,292.2972652595272
15552,,,,,
15553,299.05535560719954,1.7959229996264616,297.0515363,303.33043904,298.49735876
15554,,,,,
15555,,,,,
15557,,,,,
15558,302.6653632577227,0.8853667532556868,300.89680880000003,304.29090266000003,302.63088428
15559,,,,,
15560,306.3840001297461,0.3101009226637563,305.87344592,307.16203945999996,306.34057531999997
15561,,,,,
15562,,,,,
15565,,,,,
15566,,,,,
15568,,,,,
15574,,,,,
15577,304.82664226762637,1.039158801581066,302.75279366,305.41543124,305.00868686
15579,297.4657068277925,2.1496369305519267,292.24238216000003,300.73616186000004,297.63715706
15580,302.67454972810765,0.25362603555403423,302.15464016,303.41588953999997,302.68443326
15581,,,,,
15582,,,,,
15584,291.21859227678647,1.2288841829347654,288.35951144,293.06270696,291.43914745999996
15586,,,,,
15587,302.2571181816666,0.3527529176234821,301.62826508,302.89976852,302.20789728935955
15591,,,,,
15592,306.09406384528125,1.1780301944741816,301.13265218000004,308.09515892,306.38358540499996
15593,306.78677646614756,0.40614344961750937,306.11270732,307.84222544,306.72831827728976
15594,,,,,
15595,,,,,
15596,,,,,
15599,,,,,
15600,,,,,
15605,,,,,
15610,,,,,
15618,,,,,
15623,,,,,
15624,309.33897315619316,2.2012171784165306,305.67520076,313.57766300000003,309.32735513
15625,,,,,
15627,300.83645076275246,0.3446918178462367,300.07306598,301.43685596,300.8626286
15628,,,,,
15631,302.7251211175027,1.1617222248082997,299.95514428999996,305.71450799,302.71006840999996
15633,306.05846469842214,1.7172629923363816,304.68739298,312.69239582,305.5219364664372
15634,301.8988378336533,0.33523600579811225,300.62678522,302.35288532,301.98032114
15635,,,,,
15639,298.784204375921,2.708253287323523,292.89180596,301.84701836,299.90729201
15640,303.2622378811294,3.24806893875652,299.82696854,311.30809772,301.89487064
15641,,,,,
15643,,,,,
15644,295.35109603874804,1.1500029858536938,293.36349271999995,297.72830425999996,295.07250272
15645,,,,,
15647,,,,,
15649,307.56802323584157,1.298477011113445,305.29580053999996,309.86569327999996,307.5790379
15653,,,,,
15654,304.74970585002285,0.9992361593338827,302.75621168,306.92619607999995,304.57638482014835
15655,290.86344554308664,1.277766770163091,288.69789542,293.1720836,290.79314168
15657,,,,,
15658,,,,,
15660,,,,,
15663,,,,,
15665,303.7250155635971,0.9614753255415853,302.05551758,305.22402212,304.09911375999997
15668,,,,,
15670,,,,,
15673,302.86546322304184,0.3189701209857149,302.05209956,303.54919232,302.83824416
15674,,,,,
15678,,,,,
15681,295.2267417440274,0.5912022272862606,293.71554878,296.28931783999997,295.30151006000006
15682,,,,,
15683,307.0508537701296,0.7075866189844136,305.19667796,308.60786192,307.01024762261244
15684,,,,,
15686,299.8257626923771,0.6770284178729647,298.47343262,301.00276742,299.86114874
15687,,,,,
15691,301.54052815108815,1.0549036693610407,300.52082659999996,304.44129554,301.26595496
15692,305.8523801515623,0.11443512335109866,305.79141344,306.29044436000004,305.82217562
15694,305.4817427302843,0.3941213384595069,304.95741655999996,306.47159941999996,305.36074292
15697,310.8871857847921,0.8695406769809068,309.20601541999997,312.53858492,310.58005946000003
15700,,,,,
15703,307.79948188512174,1.111870085237561,306.91936004,310.0229222,308.3310023
15704,304.3191813172371,0.6250461829731232,302.36313938,305.80850354,304.20636559637927
15705,302.49745112722746,0.5474081972839645,301.25228288,303.88415828,302.49815117
15706,,,,,
15712,305.4890775483095,0.4904805036687744,303.29625884,306.18448574,305.523633223531
15715,,,,,
15716,,,,,
15718,301.68952154692516,0.29743973640282023,300.51057254,302.06235361999995,301.72396964
15719,,,,,
15722,,,,,
15724,,,,,
15725,,,,,
15726,,,,,
15727,305.8991510578962,0.9176690497944756,303.54235628000004,307.68499652,306.01358474
15728,,,,,
15731,290.91547856390423,0.8611313424337707,289.09780376000003,293.60959016000004,290.93100182
15732,302.5242475346712,0.1574928287553614,302.20249244,302.72886752,302.5545485
15735,311.155499249736,0.8757951766540949,310.08102854000003,312.1933649,311.73193219999996
15736,307.3626551822581,0.06323337001899756,307.29534223999997,307.42180898000004,307.42180898000004
15737,,,,,
15740,,,,,
15743,,,,,
15744,,,,,
15745,,,,,
15747,304.10192604124245,2.142644267430342,299.78253428,307.87298762,304.70106506
15748,316.7632314756936,1.6886350906783383,311.18846701999996,318.59531635999997,317.2365520280508
15750,,,,,
15751,,,,,
15752,,,,,
15756,,,,,
15757,,,,,
15758,,,,,
15759,312.84012968134266,2.0426204415590847,309.17867126,316.3804394,313.0478699
15761,310.1541310395556,1.9288397600106537,308.03705258,315.56695063999996,309.76855556133575
15763,,,,,
15765,,,,,
15767,,,,,
15768,,,,,
15772,,,,,
15773,,,,,
15776,,,,,
15778,,,,,
15779,,,,,
15781,,,,,
15783,303.5849455622521,0.379655100200209,302.59214671999996,303.92517452,303.57311846
15785,,,,,
15786,,,,,
15789,,,,,
15790,301.20456609627576,1.8442604184534248,297.30105176,304.30115672,301.45052804
15791,,,,,
15793,,,,,
15796,305.97740994759283,0.42488113542689715,304.9300724,306.91936004,305.9099107729489
15797,311.06064259958185,0.2743509901860085,310.72703432000003,311.49608881999995,311.08934444
15805,,,,,
15808,297.3776624707252,0.13486455150153048,297.1369868,297.71121416,297.37624819999996
15810,301.22822725738513,0.23774489651745825,300.9480791,302.04868153999996,301.17551453701685
15811,,,,,
15814,309.1964485619158,1.2879356917107594,306.92277806,311.22606524,309.11031086
15817,,,,,
15819,,,,,
15820,,,,,
15821,302.89857147475203,0.18604167031797159,302.36997542,303.25866062,302.88182391500004
15823,,,,,
15825,,,,,
15827,305.4703441118336,1.2432547839673753,302.59214671999996,307.50042343999996,305.73672511999996
15828,,,,,
15830,313.7507028109908,2.1005674011696933,308.91548372,318.58164428,313.57804476837697
15831,,,,,
15832,307.24653979168664,1.5984977609684077,304.14734582,310.27585568,307.8866597
15833,,,,,
15837,,,,,
15838,303.0336165140838,0.5777419980858416,302.40073759999996,304.40711534,302.8213113308589
15839,,,,,
15840,301.19925574093105,0.14393416260579986,300.90706286,301.62826508,301.19759455999997
15842,304.24856123552127,0.8693856221809539,302.47935206,306.23575603999996,304.398513149848
15843,307.71763192092527,0.46927255639035936,306.62541032,307.767029,307.767029
15846,,,,,
15851,,,,,
15852,304.9409170610568,1.2212274650529062,302.30503304,307.93109396,304.9456028917271
15853,,,,,
15854,,,,,
15855,,,,,
15861,,,,,
15862,307.8350912832776,3.3947708653931645,300.57722393,315.86431838,307.22758566917895
15864,,,,,
15869,,,,,
15872,310.3597950418653,1.8853089252805733,307.59270998,313.29396734,310.26901964
15873,,,,,
15879,304.3002029433924,0.6038836721504661,302.97154694,305.05653914,304.42078742
15881,307.00202157779273,0.25847667481361036,306.52286972,307.32952244,307.0321547
15884,290.5447970514792,1.280319043536207,287.96302112,292.88838794000003,290.40690542
15885,,,,,
15887,308.4609506794167,1.5181684820251633,306.81340142,312.9624194,308.11737604999996
15889,,,,,
15890,313.0546172781249,1.1808238081697504,310.83641095999997,314.84574842,313.23244298
15891,,,,,
15893,,,,,
15894,302.8797122926838,0.6371748693549721,301.72055162000004,303.9559367,302.89517584353104
15896,,,,,
15897,,,,,
15899,,,,,
15900,,,,,
15903,,,,,
15907,,,,,
15908,,,,,
15909,,,,,
15911,,,,,
15912,,,,,
15913,305.1136186528969,0.6064211215044761,302.92027664,305.78115937999996,305.2899232129268
15916,,,,,
15918,,,,,
15919,307.3902580507977,0.9666767927368094,306.19815782,310.60056757999996,307.2050579878471
15921,,,,,
15924,311.15016129945013,3.7842927125760024,305.49746372,318.83799578,311.43456446
15926,,,,,
15927,,,,,
15931,309.66402593324653,1.375444888715923,308.11224902000004,313.66994954,309.0807741833623
15934,301.3339905117214,0.6819623404713233,300.25422104,302.61949088,301.18311402616763
15935,,,,,
15938,304.06219470617134,0.27210983158425883,303.14928398,304.47889376,304.15759988
15939,,,,,
15940,,,,,
15941,301.1389808890771,1.0761256800353223,298.24100726,303.01256318000003,301.33431536
15942,,,,,
15943,305.96008003773585,0.885602381062749,302.19907442,307.19621966,306.1659307742857
15946,312.92239120822506,1.2893252914188458,309.90670952,315.00297734000003,312.92311216999997
15949,,,,,
15951,,,,,
15952,,,,,
15953,,,,,
15955,,,,,
15957,,,,,
15959,299.97234248599466,0.662576456285811,298.75029224,301.0677098,300.0016911638377
15960,,,,,
15963,,,,,
15964,,,,,
15965,,,,,
15967,,,,,
15970,305.33329690237593,0.8820151567677964,304.29090266000003,307.5106775,304.9289650041122
15972,314.2128174324439,1.8286064147688865,312.30615955999997,320.18469566,313.91262896
15976,300.920874191479,0.30227933828722003,300.5720969,302.20249244,300.83186642
15977,295.37800472063674,2.0827384047718493,292.42695524,300.58235096,294.60808183148896
15978,,,,,
15981,,,,,
15982,306.0979565031914,0.722675424820062,305.00526884,307.41839096,305.88369997999996
15983,,,,,
15984,307.6364898028758,0.28934729102023876,306.3314606,308.05072466,307.653095
15991,,,,,
15994,,,,,
15998,308.6686603704898,1.3195159226366533,306.5878121,311.55077714000004,308.28998606
15999,312.38127798985147,1.0170765788111038,309.9716519,314.99272328,312.23438114
16000,,,,,
16001,,,,,
16002,,,,,
16005,,,,,
16006,300.5891632637499,0.10488118237614444,300.37726976,300.6062771,300.59260502
16007,310.29861025099046,0.31140646638822034,309.86569327999996,311.70117002,310.26243398983723
16012,,,,,
16014,307.47613599546304,0.4891517160201513,306.55021388,308.3651825,307.53460364
16015,305.19176625605144,0.6453115280771428,304.71473714,307.46966126,304.92665438
16016,308.3279553554962,2.2572756632480737,306.18790376,315.59087678000003,307.7127716737653
16019,299.89599522729475,0.7687348370540393,298.42899836000004,300.91048088,300.05939390000003
16021,302.32227954862947,2.180347598275281,296.36451428,304.85829398,303.09630467
16022,,,,,
16025,311.17082775171326,2.67914995757709,308.74458272,318.50302982,309.837494615
16026,301.1798639825517,1.5417834745190302,298.41874429999996,303.5970446,300.93440702
16030,,,,,
16033,,,,,
16034,294.9660013362378,0.9333494098717,293.28829628,296.93532361999996,294.65208626000003
16035,307.2530631278436,0.6059162659480226,305.49062768,308.10199495999996,307.39788283999997
16036,305.27902971338943,1.082812004050899,303.33385706,306.90568796,305.53847996
16037,,,,,
16046,303.85366075881655,1.2914503912025201,302.11704194000004,306.01700275999997,303.97302679999996
16047,,,,,
16049,284.95725620531914,1.5407602982461557,282.13871503999997,287.75793992,284.7808445
16052,301.85978429980776,0.5737948787619157,301.32577031,304.63270466,301.7535957872279
16055,,,,,
16056,,,,,
16060,,,,,
16062,,,,,
16063,,,,,
16064,299.76894078289246,0.259390618131874,299.21172493999995,300.2302949,299.77569824
16066,,,,,
16070,,,,,
16073,282.6564452177304,0.9450714799206491,281.27053795999996,284.83895084,282.56254952
16075,294.2989462653812,2.7887580155490346,287.7545219,301.64193716,294.40598882
16076,,,,,
16077,304.73240325942044,1.941226988017849,301.46761814,307.75677494,305.1180635
16079,289.8518494841347,2.116019610228252,284.3706821,292.75166714,290.1471359
16084,315.309125406025,6.13150277908863,306.79972934,329.43043976,314.35355354
16086,,,,,
16090,,,,,
16091,,,,,
16092,305.9337633188662,0.7046740484710651,304.19519809999997,307.22698184,306.05915834
16093,,,,,
16095,,,,,
16096,,,,,
16109,,,,,
16110,306.72108196818715,0.6266628700127057,305.63418451999996,308.03363456,306.6786210293964
16112,,,,,
16115,,,,,
16117,303.05408082663496,0.8077804667190093,301.45394606,304.86513002000004,303.01256318000003
16118,,,,,
16125,,,,,
16126,,,,,
16127,304.296994933559,0.141293090084279,304.14734582,304.51649197999996,304.28406662
16128,306.57252171882743,1.029342352626058,305.13857162,308.58393578,306.32120654
16131,,,,,
16134,297.44076112345556,1.3406315230994086,293.45919728,299.6663216,297.63943574
16135,,,,,
16136,308.3497746491308,0.3478845604830729,307.18254758,309.42818672,308.32074824
16138,,,,,
16139,306.6728963102019,1.5262014528146446,304.77284348,310.47068282,306.39542202358746
16140,,,,,
16141,,,,,
16143,,,,,
16144,,,,,
16145,,,,,
16146,,,,,
16147,,,,,
16149,,,,,
16150,300.72208301678705,0.5514042225021554,300.076484,302.61265484,300.64843268000004
16151,,,,,
16153,,,,,
16154,,,,,
16155,,,,,
16161,303.61274136700627,0.1771787630487704,303.21422636,303.66540499999996,303.66198698
16163,307.6581651074705,0.3958914133443528,306.55021388,308.30024012,307.6303082
16168,,,,,
16172,,,,,
16178,,,,,
16179,,,,,
16181,,,,,
16183,,,,,
16185,,,,,
16186,297.82155680049516,1.3101440237140547,295.55444353999997,299.9397632,297.71121416
16193,309.58692124693414,0.6609393337384732,308.19769952,310.55613331999996,309.6811413860744
16195,,,,,
16197,,,,,
16198,,,,,
16200,,,,,
16204,306.835649582122,0.5444771907439819,305.24453024,307.80462722,306.962939795
16205,,,,,
16207,,,,,
16208,,,,,
16209,306.2577448172841,0.6904413172797127,305.70596294,308.95991798,306.08507751810197
16210,,,,,
16212,,,,,
16213,,,,,
16214,291.2367646051288,1.836946063032415,287.64856327999996,294.90501974,291.32293477999997
16217,,,,,
16221,,,,,
16226,,,,,
16227,313.0357454368161,1.6082727831777055,309.04195046,315.34136132000003,313.31789348
16229,304.09388233052385,0.9600778987313466,303.10826774,305.99307662,303.54406529000005
16230,,,,,
16234,,,,,
16236,,,,,
16237,304.46317136510083,0.6229951255388437,302.83140812,305.35048886,304.60877852
16238,,,,,
16243,,,,,
16245,286.69314306249396,7.010249831875475,257.53238906,293.26778816,289.3873546552505
2,,,,,
3,,,,,
5,,,,,
7,,,,,
10,302.8592327819352,0.6078913521164854,301.1360702,304.90443725,302.8026053034486
12,,,,,
15,,,,,
16,,,,,
17,302.3621252351465,0.26825350474428783,301.75473181999996,303.02281724,302.3310046092913
19,,,,,
20,,,,,
24,305.64241907957916,0.5205210158571326,304.55067218,306.83732756,305.48891867
32,,,,,
35,,,,,
37,304.023027535779,0.27872792909813426,303.42272558,304.53358208,304.02771512
38,,,,,
39,,,,,
43,,,,,
44,,,,,
45,,,,,
48,297.83680611263156,0.18393458908143806,297.67019791999996,298.2991136,297.77957456
49,291.2886622961279,2.0897330210599954,285.74472614,293.84201552,291.816072562069
51,302.3722013161718,0.496423681835622,300.43195807999996,303.45348776000003,302.3152871
54,,,,,
56,295.15452097651945,1.4355897135915212,293.2062638,298.91093918,294.92552786
63,309.55090461823573,1.2687796423385984,308.19086347999996,312.24805322,309.0777755092151
64,306.36554551971506,0.703398082046265,304.54725415999997,307.5619478,306.40779638000004
66,294.8205972210349,1.0375594608662253,292.08857126,295.94751584,294.88792964000004
68,288.9216123943033,2.4948945561915217,284.7295742,295.0178144,288.73891166
72,307.3770704189161,0.7533776466284015,306.43741922000004,310.18698716,307.33294046000003
73,,,,,
74,,,,,
77,,,,,
80,301.98926229689073,0.1621519446572076,301.60092092,302.47935206,301.99057519999997
81,287.8159335486436,1.9088996764386092,285.12606452,291.95526848,287.58703892
83,,,,,
86,302.8319264333323,1.7944334375684305,296.80202083999995,305.38808708,303.12535784
87,,,,,
89,,,,,
90,,,,,
91,,,,,
92,314.41826393059614,1.7352032395561638,311.83447279999996,318.31503871999996,314.20828768999996
93,298.1553934166762,0.31496157384464596,297.72830425999996,298.61357144,298.00174586
94,,,,,
95,306.6931111496589,0.9401743659133858,304.86854804,308.28656804,306.84074558
99,,,,,
100,,,,,
103,291.57860578037133,2.1102619154233184,287.14611434,295.05541261999997,291.86639995999997
104,,,,,
106,,,,,
117,,,,,
118,,,,,
123,303.9145650127632,0.8311488313675486,302.39048354,305.28554648,304.22254225999995
124,304.99531738136824,0.25964716203530397,304.67030288,305.26503836,305.15907974000004
125,306.13898375375817,0.5006206624058245,304.62928664000003,306.83732756,306.21866594
126,,,,,
130,306.92247632024925,1.0152365474351295,304.85829398,309.00435224,307.03557272
131,,,,,
134,302.59872407185827,0.48970596237358627,301.74447776,303.77478164,302.5713900167273
138,,,,,
139,310.6887053806926,2.3675763578468056,307.08342500000003,318.28085852000004,310.35617915
141,299.53008818710606,1.7921314233038625,294.7272827,301.68978944,300.067084445
143,,,,,
144,,,,,
145,,,,,
146,,,,,
148,,,,,
152,,,,,
155,,,,,
157,304.8587548772458,2.382673533608687,298.87675898,308.2968221,305.43252134
158,,,,,
159,,,,,
161,301.679504587027,0.022557781495227587,301.63510112,301.6829534,301.6829534
162,,,,,
166,,,,,
168,303.60690305500486,1.6490324898583937,298.44950647999997,305.61367640000003,304.05335027
169,290.3099055547873,1.5809849315565427,287.73059576,293.12423132000004,290.34196304
170,300.3689862402372,1.1124836905951168,298.75029224,302.6912693,300.24396698
171,,,,,
172,306.4325576911778,0.2435008388863182,305.99307662,306.91252399999996,306.4079083050882
173,,,,,
177,,,,,
178,,,,,
182,,,,,
183,301.8104442709592,1.230318430123461,300.3841058,304.73524526,302.12045996
184,304.5602505064406,0.8802176865943061,302.88951446,307.73968484,304.52845505000005
186,292.52607781999995,0.0,292.52607781999995,292.52607781999995,292.52607781999995
187,310.3086984078348,1.2850081717125368,307.00139251999997,314.00491550000004,310.59714956
189,306.80856789217836,0.90238472514594,304.97108864,308.22504368,306.9296141
191,,,,,
192,307.8601721571335,0.6763588866223069,306.8612537,309.4589489,307.8866597
197,303.3936036307518,0.9409438222017443,300.27472916,305.64443858,303.49040237599996
198,,,,,
199,,,,,
200,,,,,
204,286.11476597851777,2.59415681251525,281.53030748000003,290.81023178,285.90537308
208,308.8793234086065,1.7763041171186438,305.86319186000003,311.12352464,308.33442032
209,,,,,
210,302.9403607199248,0.044981389848180856,302.8621703,302.97154694,302.97154694
213,310.6000375064547,1.3313518668979183,308.21478962000003,315.81988412,310.36301519
214,,,,,
215,304.1566651498326,0.7451789366961529,301.75644083,304.78309753999997,304.25672246
217,,,,,
218,,,,,
219,,,,,
220,309.28898008727276,1.681665840007306,307.76019296,311.12352464,307.76019296
221,306.3801138712057,0.26946811289686645,306.02042078,307.58587394,306.36222278
224,,,,,
227,303.40230819005063,0.7887958766399886,301.38216764000003,304.86854804,303.20397230000003
228,,,,,
231,,,,,
232,,,,,
238,,,,,
241,,,,,
243,302.79307950562924,3.060230662982457,298.37431003999995,308.85737738,302.61265484
246,310.94379420886855,2.4911441359913895,304.48914781999997,313.80325231999996,311.52685099999997
249,306.4452565490006,0.25237302980362664,305.98282256,306.93645014000003,306.47843546
252,304.6917488681395,0.6609765546354532,303.49792202000003,306.00333068,304.66688486
253,305.1238327631527,0.4487023537959853,304.58143436,306.18106772,305.04286706
254,,,,,
255,,,,,
257,307.05579730822484,0.7187498828806254,306.08878117999996,308.65571420000003,306.8783438
258,,,,,
259,308.9577028321024,0.6956268547218736,307.44231709999997,310.70994422,308.8186428025655
262,300.2482253475524,3.0640026792007324,295.96118792,307.42180898000004,299.59625219
264,306.29778467875434,0.41869907678908513,305.0155229,306.94328618,306.30069842
266,,,,,
268,,,,,
272,303.66430456429265,0.23304029278285726,303.23473448,303.79870778,303.7166753
273,300.8730963062793,1.6672739268204124,298.71269402,306.78947528000003,300.89577975134995
278,,,,,
279,300.3377273944872,0.4583370167533397,298.67167778,301.02669356,300.44733916999996
283,,,,,
286,298.6528422958974,0.6737936180930982,297.81375476,299.91583706,298.51103084
287,293.0782918953665,1.3488071846503387,290.86833812,295.8552293,292.98751052
288,,,,,
292,299.64712171103486,0.4954693872939377,298.82548868000003,300.76692404,299.6321414
293,,,,,
298,306.53332655114895,0.21096674530656473,306.17081366,307.11760519999996,306.51673488281574
299,,,,,
301,294.6372409731352,0.861785268053543,292.91915012,296.35426022,294.71702863999997
311,302.2221926274207,0.7041759532470927,301.01302148,303.76110956,302.25547174999997
315,,,,,
316,,,,,
317,301.15796656585843,0.7625723872844801,298.38456410000003,302.26401680000004,301.16683237999996
320,,,,,
321,,,,,
322,305.68553321225045,0.8431080160209931,304.58143436,307.60980008,305.54873402
323,305.31809572323004,0.59975628431921,304.45496762,306.55021388,305.23085816
324,,,,,
326,,,,,
328,,,,,
332,,,,,
333,,,,,
337,,,,,
338,305.86207852883575,1.9255925664339915,300.85921057999997,309.11714689999997,306.47436421840007
339,,,,,
342,303.3648937931887,0.686856489863501,302.35288532,305.89053602,303.33536368723685
343,,,,,
345,,,,,
346,,,,,
347,,,,,
349,,,,,
351,309.8924449803514,1.8268402885275978,307.85247949999996,314.58256087999996,309.36324434
352,308.08616846638074,0.49818600120478357,307.0663349,310.16989706,308.02587007645127
353,,,,,
356,304.1475617230605,1.2687366258121648,303.04674338,307.60980008,303.59362658
358,,,,,
360,,,,,
362,,,,,
363,305.80705374217496,0.8369573321195667,303.36120122,307.21330976,305.74128248
366,,,,,
367,293.64754442375,1.0365367551162539,292.86787982,295.68774632,293.82492542
369,,,,,
370,310.1414550691028,1.2883498563345055,308.69673044,313.9536452,309.6684252445516
372,299.11155233009026,0.9500669623756512,298.21366309999996,301.33431536,298.44494912
373,,,,,
374,,,,,
375,,,,,
376,,,,,
377,,,,,
378,,,,,
380,,,,,
381,,,,,
383,,,,,
386,293.49808580939145,0.7908025569999942,293.0866331,295.79712296,293.34982063999996
388,,,,,
389,,,,,
392,312.06037237236336,1.5491955622830822,306.45450932,314.61332305999997,312.28223342
394,,,,,
396,305.2654653583344,0.31797866988387985,304.83778586,305.887118,305.21376806
400,,,,,
403,307.4119154259868,0.5305236984007808,306.29386238,308.61811597999997,307.36200366332685
405,,,,,
406,,,,,
407,,,,,
409,,,,,
410,,,,,
412,306.22921833240775,0.40551184964984194,305.41884926,306.98772044,306.22892
414,,,,,
417,,,,,
419,,,,,
420,,,,,
422,308.07590128207676,1.4982228505010284,305.03944904,311.59179338,308.23871576
425,,,,,
427,,,,,
429,,,,,
430,300.3348771237742,0.5008361619493077,298.99638968,300.88997276,300.3841058
432,302.41721231089775,1.1902237026208178,300.8455385,305.41543124,302.0818527304059
435,,,,,
438,297.58462020671885,0.7632105643891772,296.37476834,298.95879146,297.8205908
444,312.44629838000003,0.0,312.44629838000003,312.44629838000003,312.44629838000003
445,296.05560796499594,1.824217906513043,292.14325958,298.34696587999997,296.1628511
446,295.0637545077034,1.8794202061811531,292.42695524,298.3332938,294.96996212
448,309.1004152367534,2.156326563839084,305.7845774,312.88380494,309.06929462
453,296.5633323403727,1.123260428251406,293.33614855999997,298.27176943999996,296.65162796
454,,,,,
455,298.5672174636725,0.09327089410604471,298.41874429999996,298.77080036,298.54521104
456,,,,,
460,,,,,
463,303.6526130758547,1.1334872601100299,301.95297698,305.43935738,303.09459566
464,,,,,
466,,,,,
467,,,,,
469,,,,,
473,,,,,
474,306.7386684603,0.9032087916639758,305.03603102,309.65035802,306.60490219999997
476,307.13952678932594,2.184952894972319,302.82115406,313.10939426,307.10538318909096
477,,,,,
478,302.6739583651249,0.6473752436214862,302.19907442,304.56776228,302.49644216
480,304.1826050497123,1.8484463607625359,301.12239811999996,307.21330976,303.88074026
482,,,,,
483,300.502869487662,0.9903139047292552,299.53985486,304.20545216,300.32941747999996
486,309.77780654130095,1.2073357331872583,308.38910864,312.80519047999996,309.19576136
487,286.4814122890093,1.3636302766661492,284.79793459999996,290.0787755,286.16172458
489,290.3667151842268,0.18869559614045903,289.94889074,290.71794524,290.39665135999996
494,,,,,
495,314.43745687924866,0.7286275046344207,312.44629838000003,315.58062272,314.41849592
498,,,,,
499,,,,,
502,,,,,
504,,,,,
506,,,,,
507,,,,,
510,306.40994896882194,0.6667320332885013,305.66836472,307.94134801999996,306.5365418
512,,,,,
513,,,,,
515,,,,,
518,,,,,
519,,,,,
520,299.966247060062,0.534898270199891,299.45782238000004,301.52914250000003,299.88507488
522,,,,,
526,,,,,
527,,,,,
528,303.794735793112,0.5323701388811194,302.77330178,305.1522437,303.836306
531,307.2529038830177,0.7631544700323141,306.23575603999996,308.8778855,306.92863858666664
533,,,,,
538,,,,,
540,,,,,
541,,,,,
542,,,,,
545,,,,,
552,,,,,
553,,,,,
556,,,,,
557,,,,,
562,,,,,
564,,,,,
571,,,,,
574,,,,,
576,,,,,
578,298.8298467638023,0.12492196775458404,298.71953006,299.16729068,298.79814452
579,302.8332335207978,0.6887065262240737,301.39925774,303.83630600000004,302.92711268
582,304.1845848699901,2.723300205777165,302.62632692,314.7568799,303.29625884
587,,,,,
589,,,,,
592,,,,,
594,302.4764532329114,0.43743736247635057,301.40609378,303.41930756,302.49131513
597,300.63781489322986,1.2907460664405401,296.8122749,302.7083594,300.9259448697387
598,304.6619433382136,0.3763819738920723,303.67565906,305.24794826,304.75233535999996
599,,,,,
600,,,,,
601,295.17624138224585,1.6467272357713691,291.90399818000003,298.20340904,294.79906112000003
603,304.97423923545233,0.4366202816549569,304.29432068,305.86660988,304.861712
604,,,,,
605,307.6725530553099,0.37355444827319273,307.14494936,308.37201854,307.61663612
606,,,,,
607,,,,,
609,,,,,
612,,,,,
617,,,,,
618,303.9059050083383,1.0271531698901064,300.29523728000004,306.46134536,304.29261167
621,,,,,
622,305.32919526216403,1.60178746603008,302.85191624000004,307.71575870000004,305.5806236097382
626,,,,,
627,300.4526967014169,0.3727447656439745,299.47833049999997,301.07112782,300.51057254
631,305.4149040680531,0.4113105131163219,304.37293514,306.00333068,305.51797184
636,,,,,
638,286.1054220885594,0.8214559189863094,284.353592,287.09484404,286.15147052
639,300.8745154018954,0.6834417598361056,299.71417388,302.5887287,300.80452226
641,,,,,
642,305.4080673600863,0.8750796558841077,303.6483149,307.30217828,305.710681848209
646,301.29670200001993,0.31551604058194055,300.63020324,301.9222148,301.31038922
647,299.31962154830563,1.1438968764835995,296.17652318,301.01302148,299.60137922
648,308.114114099121,0.9377827605436544,306.22550198,310.03317626,307.98236426
650,307.5737975990076,1.1888225693226602,303.2723327,309.29488394,307.89426656943624
654,,,,,
655,305.25892192635087,0.3003723425771226,304.82069576000004,306.81340142,305.24111222
656,,,,,
658,310.6210626341741,1.4305471632390092,307.79437315999996,313.82717846,310.81932086
660,,,,,
662,288.11554951552733,1.4998484582229967,285.21151502,291.28533656,288.18861044
663,309.1581959299079,0.8519936227723818,307.48333334,311.0825084,309.21626948
665,298.48658955574354,2.7868413439807203,292.68672476,302.83140812,299.06133206
666,302.4535703595024,0.7446368409904228,301.26595496,303.8192159,302.50327819999995
668,301.53838237044846,0.417502423990615,300.44563016,302.0418455,301.5963665425654
669,311.22934653492064,1.9409281097068078,308.21478962000003,314.5005284,311.16624989
670,,,,,
671,,,,,
673,,,,,
675,,,,,
676,,,,,
678,,,,,
679,301.2788603970323,2.7526224293074995,294.96312608,305.31289064,301.78207598
680,308.7832107158977,0.2967624443585295,308.01312644,309.5443994,308.81294312
682,301.59952716427176,1.7973749115450692,299.18096276,305.36757896,301.69662547999997
685,,,,,
686,,,,,
691,308.6988183335363,1.3294342185925316,306.49894358,312.47706056,308.45350095402836
692,,,,,
693,,,,,
694,,,,,
700,298.89702425426873,0.7112355446339692,296.38844042,300.06281192,298.89043105999997
704,299.19236868237283,1.8618304353229662,294.18723553999996,302.06918966,299.4133223888462
711,,,,,
712,291.95190568256623,1.6288771949896852,287.40246584,293.88303176,292.48288811609495
715,,,,,
716,,,,,
717,,,,,
718,300.60332078124253,1.108948264377306,299.01347978,303.33043904,300.3017732516448
723,,,,,
725,308.0004314102907,1.4659524791061689,306.20499386,313.22902496,307.89463508
726,,,,,
727,,,,,
728,,,,,
731,302.81277239681145,1.0270732903700237,300.88826374999996,306.9467042,302.8619861842398
732,309.3287525543161,1.4395412327911865,307.30901431999996,313.41359804,308.91971972769227
733,,,,,
737,305.95933806809603,1.1029898057055267,303.75769154,308.7411647,306.1505326693679
739,,,,,
743,,,,,
746,304.6868021415397,0.7911273067151091,302.15464016,305.29580053999996,304.87538408
749,,,,,
753,,,,,
755,,,,,
756,,,,,
757,310.87588642224347,2.4691845441553193,307.79437315999996,316.65046298,309.77733589829097
758,305.1179062658025,0.5073440583186798,304.16785394,305.95206038000003,305.1524034205607
759,302.78658210985674,0.2622411665893854,302.3323772,303.12193981999997,302.83140812
760,306.18716541456627,0.5620017431922685,305.50771778,308.14642921999996,306.0793105478743
763,298.94707823337916,1.5125945293396243,295.23656768,303.11168576,298.97417255
766,310.6243516904857,2.1641748259667106,305.39492312,314.9106908,310.53676454
771,,,,,
775,,,,,
776,309.5410795369418,0.43235157461499474,308.06097872,310.06052042,309.65719406
778,294.6744060933833,0.6102602250600173,293.13448538,295.78003286,294.63499616
779,,,,,
783,,,,,
785,,,,,
786,,,,,
788,,,,,
790,,,,,
791,312.4561796059621,1.1227090855903639,308.99409818000004,314.10745610000004,312.613801505501
802,304.87668430430807,0.9171020305378285,302.83482614,306.66642656,304.87538408
805,,,,,
806,302.8499921437985,0.3432076109429458,302.27768888,304.77626150000003,302.83687695199995
807,,,,,
808,,,,,
811,,,,,
813,,,,,
815,306.34819474473187,0.5213608402534938,305.17616984,307.19963768,306.41178407
816,,,,,
817,,,,,
818,,,,,
820,,,,,
821,,,,,
824,,,,,
825,302.67522198865134,4.417471768856928,288.13392211999997,304.78651556,304.5535978440104
826,303.56543662734845,0.6366340252621392,302.56480256,305.39834113999996,303.49045120485715
829,,,,,
834,,,,,
836,289.7540188325821,0.983707197509241,288.28773302,292.59785624,289.8356530896862
838,,,,,
839,299.484493790588,0.5926070609830163,297.3249779,300.4695563,299.53558233499996
841,310.14414267674425,0.7862141462124725,309.2709578,311.31835178,310.4501747
844,,,,,
845,,,,,
846,310.08434144397387,0.8603543806495996,308.95308194,312.56251106,309.91105884074176
847,312.19456175793124,1.6226194665750515,307.95160208,314.73637178,312.54200294
851,,,,,
852,,,,,
854,288.9739406856626,3.5187143110850507,273.415928,298.76738234,288.5533034623701
855,,,,,
856,,,,,
857,,,,,
858,,,,,
865,302.6320481086158,1.0030565447107878,301.88119856000003,305.67520076,302.34149191999995
867,,,,,
872,,,,,
874,303.85780345385973,0.9687470493401664,301.26595496,305.29580053999996,303.92289583999997
879,306.2182085549975,0.6482726010856049,303.4090535,307.22356382,306.27439511981373
884,298.06956964873643,1.6135428428733138,293.82834344,300.73616186000004,298.44608846
885,284.5267920323649,8.189674345884914,260.80685222,293.32247648000003,287.60050943901996
887,,,,,
888,,,,,
890,,,,,
892,,,,,
893,303.3261283167443,1.367382569697569,302.17173026,307.26799808,303.13902992
894,,,,,
896,307.82974835311654,0.42135941544289224,307.10393311999997,308.83686925999996,307.74993889999996
898,,,,,
901,,,,,
904,,,,,
905,,,,,
906,298.2409819268985,0.5509779687164319,297.83084485999996,299.88165686,297.98465576
907,,,,,
910,,,,,
911,305.21390201290774,1.1065808869081821,302.59898276,307.64739829999996,305.16705512
913,305.59560131874747,1.1030495633589072,302.11362392,307.01848262,305.99307662
917,,,,,
920,300.03336392608315,0.9300972423230318,298.538375,302.01791936,299.87140279999994
921,,,,,
923,291.3129497308333,0.5983088882128889,290.7452894,292.46113544,290.99480486
924,,,,,
925,,,,,
927,306.9652301658886,0.5587141690197702,305.87002789999997,308.41303478,306.9186190706294
929,306.940248231338,2.122305972014113,304.3319189,312.18311084,306.3656408
932,312.18641709155804,1.09662860662025,309.35982632,313.76907212000003,312.44288036
933,317.64699186432256,1.1501902146439968,315.22173062,320.55384182,317.4742058
935,308.099277660845,0.15504236504150637,307.85931554,308.40278072,308.04730664
937,,,,,
938,303.1026984981895,0.1961768652673252,302.86900634,303.61755272,303.12535784
939,,,,,
940,,,,,
943,,,,,
944,296.9182775184082,0.9956468505010362,293.2575341,298.20340904,296.98659391999996
945,,,,,
946,,,,,
948,313.6879723396042,2.594714447296793,309.7153004,320.83753748000004,313.204473572439
950,303.8147327943381,0.8371751857535753,303.67224104,305.95206038000003,303.84997808
957,,,,,
958,,,,,
960,,,,,
962,,,,,
963,,,,,
964,290.3563356618085,0.28452604336011084,289.89078440000003,291.09050942,290.36247116
966,,,,,
967,,,,,
968,306.0933463422346,1.467907572235328,304.52332802,311.84472686000004,305.78970443
969,,,,,
971,,,,,
972,,,,,
973,,,,,
974,,,,,
976,301.8037380877473,0.8583260672593668,300.2815652,303.30651290000003,301.8367643
977,306.78874039446816,2.149504414605503,304.36268108,310.97313176,305.88369998
982,,,,,
983,,,,,
984,,,,,
987,309.1287230526199,0.42265719452273115,307.41155491999996,310.12546280000004,309.13765502
988,307.93694770416215,0.4644383298459471,307.21330976,308.78559896,307.8866597
989,,,,,
990,,,,,
991,309.6434579809383,0.8814551634495013,307.54827572,311.71826011999997,309.71145706955684
992,315.79949991882626,0.6485769115112441,314.42191393999997,316.97859289999997,315.86431838
993,,,,,
994,,,,,
995,,,,,
996,,,,,
997,305.07898208705984,1.7159154915591146,300.33967154,308.33783833999996,305.16015456315665
998,,,,,
999,,,,,
1002,312.21034063571136,1.4023142434104816,308.95649996,315.21489457999996,312.26172529999997
1003,305.14433342514275,1.777333412124661,302.8450802,310.60740362,304.48724678640446
1004,307.2487001468736,1.1398306450023914,304.41053336,309.9032915,307.365753452
1007,299.4290142105568,1.4256672461995872,296.0603105,301.73764172,299.56947770000005
1010,308.6815255094923,1.1226034390722615,306.57755804,311.01072998,308.7411647
1012,308.0712850214134,0.3898549329668949,307.22014579999995,308.95308194,308.08832287999996
1013,296.30408437885177,1.2627030665195704,294.3683906,299.00322572,295.9235897
1015,297.52664108,0.0,297.52664108,297.52664108,297.52664108
1019,300.2129114951434,0.7561298572869252,299.30059345999996,303.0672515,300.12091826
1020,300.6933798532101,2.7010226254034455,292.68672476,303.6824951,301.71237877769937
1022,,,,,
1024,,,,,
1025,,,,,
1028,308.5457210414346,0.8792925185153453,307.24748996,312.13525856,308.36689823838583
1029,,,,,
1031,303.49376200989326,0.26237617421918435,303.12877586,303.8021258,303.60388064
1032,293.09983695808216,0.13672080006509957,293.06612498,293.33956658,293.06612498
1034,,,,,
1035,304.88473126894803,0.2526555512379262,304.45496762,305.3573249,304.9300724
1037,299.8647507757338,0.35288790390951286,298.66484174,300.35676164,299.89191092
1040,,,,,
1041,291.39210552561224,2.0148418570533706,288.54408451999996,296.05347445999996,290.9497069760751
1042,,,,,
1044,,,,,
1045,294.4637289534871,1.4228872453452273,291.97919462,296.78493074,294.6418322
1046,,,,,
1048,306.7212619605743,0.8008262781492689,305.51455382,309.64010396000003,306.6444218090575
1050,,,,,
1051,,,,,
1052,299.1578850539165,0.7750061006200812,298.4358344,300.69343661000005,298.83745175
1053,,,,,
1057,,,,,
1063,,,,,
1064,,,,,
1066,299.9915517847809,1.0028879763913918,297.85135298,301.25228288,300.33967154
1067,,,,,
1068,,,,,
1071,,,,,
1073,305.1308264827005,0.8386478106306147,303.9901169,307.47307928,304.9642526
1077,306.421333422635,0.6835877199429575,304.9813427,308.37543656,306.49894358
1078,307.6262110252657,1.1633521210639,304.81727774,310.85691908,307.32097739
1080,,,,,
1081,309.5860134285939,0.9307447800502323,306.32804258,312.9282392,309.57687059
1084,,,,,
1085,,,,,
1087,303.46507830133964,1.5111953794636637,301.45052804,307.27825214,303.14183757928566
1091,307.10526808282117,3.941438948129948,283.59137354,307.75335692,307.4493054664939
1092,,,,,
1094,293.98438236972913,0.651400337782373,292.90206002,295.24682174,293.74631095999996
1095,311.5226339906114,0.5609714585736952,310.89451729999996,312.97609148000004,311.34911395999995
1096,301.0990792018281,1.0989104543523553,299.41338812000004,303.10143170000003,300.86946464
1100,,,,,
1101,303.250457372,0.7418832684930263,302.88609643999996,304.55067218,302.94078476
1104,,,,,
1105,,,,,
1108,,,,,
1110,,,,,
1112,,,,,
1114,301.7549456806289,0.2600145962727816,301.4095118,303.10826774,301.73080568
1115,305.5732264930209,0.20634305352263732,305.09413736,305.86319186000003,305.58291422
1116,,,,,
1117,,,,,
1120,,,,,
1121,304.4527153471327,0.9669734301647787,302.97154694,306.24259208,304.44471355999997
1125,301.60027199500763,0.6750752379237627,300.2644751,303.06041546,301.67611736000003
1130,,,,,
1131,,,,,
1134,,,,,
1135,,,,,
1136,301.24834434716627,0.4022120081277805,300.4695563,302.16489422,301.2470414392887
1140,,,,,
1142,,,,,
1145,306.0340144238138,0.39513354608558987,305.52138986,307.44915314,305.93155226
1149,,,,,
1152,,,,,
1153,297.32613901973696,1.363734743491785,294.71702863999997,299.46465842,297.68386999999996
1154,,,,,
1155,,,,,
1158,,,,,
1161,,,,,
1163,304.67822774738926,0.09154680194707769,304.61903258,304.83778586,304.6395407
1164,311.7697962956843,1.6108426729433436,307.96527416000004,314.67826544,311.66698982
1165,,,,,
1166,,,,,
1167,,,,,
1169,,,,,
1171,,,,,
1174,301.44028322288807,0.3616042239414539,300.54133472,301.94614093999996,301.63510112
1176,306.4624851986636,0.43089935207192076,305.68545482,307.77728306,306.39469397
1177,,,,,
1178,,,,,
1179,307.8701858819533,0.3875909349769735,306.6561725,308.51557538,307.94026046818175
1181,,,,,
1183,,,,,
1186,302.40659836068477,0.24428522641490225,301.89487064,302.95445684000003,302.42808176
1187,,,,,
1189,,,,,
1191,,,,,
1193,303.60630502998526,0.09922142934858799,303.45348776000003,303.81579788,303.59020856
1194,306.3263136876283,0.5671969001115317,303.41588953999997,307.24407194,306.3013841669593
1195,304.43373939473446,0.15092355399598617,304.20203414,305.04286706,304.40027929999997
1199,,,,,
1202,308.20746923133316,0.4824579440843131,307.11076916,309.12056492,308.14984724
1204,301.864668460088,0.8225989878115267,299.59454317999996,303.62780678,301.9494496738037
1207,,,,,
1209,,,,,
1213,312.394294324465,1.4337147921630304,310.62791174,316.65046298,312.05151707000005
1216,,,,,
1217,307.11304848146005,0.5688232543385633,305.62734848,307.96185614,307.22698184
1218,,,,,
1220,306.9514739479145,0.6179702642549378,305.94522434,309.86227526,306.9825045019653
1221,299.60986032539716,1.401021451167402,297.81717277999996,302.14096808,298.64433362
1222,,,,,
1224,301.2616078058589,0.5588545709815108,299.734682,302.45542592,301.29453815225
1225,300.35560562673174,2.7308197990744754,293.91721196000003,304.27039454,301.36849556
1226,307.94287931175165,1.8512361835846334,304.01404304,310.70310817999996,308.03363456
1227,,,,,
1228,309.63919956390123,1.2698692672815728,307.22014579999995,312.30957758,309.70675535
1230,,,,,
1232,,,,,
1233,300.659167160511,0.4736314124647075,299.77569824,301.67611736000003,300.60285908000003
1234,,,,,
1237,,,,,
1239,304.5567818957687,1.3952359870554132,301.73764172,306.49552556000003,305.11464548000004
1240,305.56121166417887,0.11596029533180584,305.26845638,305.74697918,305.57607817999997
1241,,,,,
1244,305.040735479895,1.347052670478745,303.09459566,307.3055963,304.24120196435047
1245,305.18504049351685,0.07983763551075754,305.07704726,305.38466905999996,305.16591578
1249,,,,,
1252,,,,,
1255,,,,,
1258,299.91730674876965,0.6041442520424437,298.8630869,301.31380723999996,299.88507488
1260,,,,,
1263,,,,,
1264,301.9798499262647,0.4439303114776365,301.55648666,303.35436518,301.92905084
1266,,,,,
1267,,,,,
1270,307.935847859497,1.1739633018492377,305.88369997999996,310.3134539,307.84222544
1272,,,,,
1273,,,,,
1275,290.569163565533,2.048067462514595,285.32089166000003,294.18723553999996,291.180232445
1276,,,,,
1278,,,,,
1279,,,,,
1281,301.99162075851257,0.48453608543252913,300.94124306000003,303.03648932,301.92819633500005
1282,,,,,
1284,307.120115151251,1.1640818574448162,303.78845372,308.85395936,307.17229352
1286,303.46056729078833,0.7417539020271191,301.84701836,305.09755538,303.37145527999996
1287,,,,,
1289,312.0751140768167,2.2943963089274892,305.80850354,317.30672282,311.9711936
1290,300.8667896864256,0.8050016927955558,298.96220947999996,302.58531068,300.88214654150426
1291,,,,,
1292,,,,,
1293,296.2598451394953,1.0686167926150332,293.50021352,298.03934408,296.49781706
1296,,,,,
1297,,,,,
1298,,,,,
1299,309.5728223424177,1.1971374246440964,306.13321543999996,311.41747436,309.6651612433094
1301,,,,,
1310,284.5561843389349,2.7367716399775905,280.16993551999997,290.4889379,284.63728765999997
1311,,,,,
1312,,,,,
1317,,,,,
1320,307.9194370435453,0.27424440821697893,307.29534223999997,308.67964034,307.94818406
1322,,,,,
1323,,,,,
1328,,,,,
1330,,,,,
1331,303.32089604291366,0.42867287237058666,302.5203683,304.24305038,303.2210624
1334,,,,,
1335,,,,,
1340,305.82686135488115,2.5439507927973226,303.19371824,312.7060679,304.719009665
1341,,,,,
1343,305.3785082701695,0.4375919363659233,304.62586862,306.18448574,305.37099698000003
1346,,,,,
1347,,,,,
1348,,,,,
1349,315.1067737463416,0.47471612815668907,313.02052574,315.68658134,315.1824030446428
1350,,,,,
1351,291.904756064192,0.7195653322045409,289.82584202,292.46455346,292.08515323999995
1352,,,,,
1355,,,,,
1356,301.3255315838507,0.4641427002662701,300.2815652,302.25376273999996,301.44198299000004
1357,,,,,
1359,,,,,
1360,303.845421913194,0.8953303067552918,300.60798611,305.94864236,303.890139815
1362,,,,,
1363,,,,,
1364,,,,,
1367,304.3203718390132,0.43817819437469396,303.31334893999997,305.29580053999996,304.36268108
1371,,,,,
1374,,,,,
1375,,,,,
1377,,,,,
1378,302.19530743227244,0.2708480301135334,301.36165952,302.55113048,302.27939789000004
1379,,,,,
1382,308.04815184062767,1.6154813092365514,304.9813427,312.04297202,308.2398551
1383,305.63836055613064,0.8995652878027132,304.29773869999997,308.40961676,305.5282259
1384,307.8038478524627,2.00880165367135,304.0755674,312.5693471,308.03387169535887
1387,,,,,
1391,301.07089869783925,0.4439945327535938,300.13117232,302.08286174,301.0847999
1395,305.86935783207747,0.5094949097638406,304.89247418,307.37053868,305.776566415625
1396,,,,,
1399,,,,,
1400,,,,,
1408,331.09921324481553,2.36244281783032,325.57833122,335.3504504,331.62139058
1410,,,,,
1412,,,,,
1413,,,,,
1414,,,,,
1416,,,,,
1418,309.63810207282984,1.7565458175343036,307.02190064,312.60010927999997,309.14790908
1420,,,,,
1421,311.21404077164,1.3242627112717096,308.1601013,313.41018002,311.67792748399995
1423,,,,,
1429,,,,,
1431,,,,,
1432,301.94214094454884,0.050480105766138504,301.72738766,302.06235361999995,301.9393049
1433,305.63085740478726,0.9101759145419319,303.75427351999997,308.3993627,305.58008744399183
1438,,,,,
1439,,,,,
1440,,,,,
1444,310.5451338010358,0.6082908618650688,308.22504368,312.14893064,310.59055129530435
1447,302.66734316,0.0,302.66734316,302.66734316,302.66734316
1448,,,,,
1451,,,,,
1453,,,,,
1454,,,,,
1456,302.7129283106169,0.8088006817132688,299.66973962,304.15076383999997,302.883341931743
1458,,,,,
1460,,,,,
1461,323.4990366132816,7.120628935510013,307.60296403999996,332.56818211999996,324.44354857999997
1462,,,,,
1464,,,,,
1465,,,,,
1468,302.67084921929853,0.7427625682947753,301.40609378,304.1268377,302.63202362
1469,,,,,
1470,311.6125510633762,1.350456206187753,310.85691908,316.44196376,311.23973732
1474,,,,,
1484,,,,,
1485,,,,,
1486,303.8908312054712,0.7249505049505438,302.01450134000004,304.98476072,304.1216372769325
1487,310.64329838845117,1.6287403576620227,308.37201854,314.24759492,311.3238703286545
1490,,,,,
1492,307.64624236085706,1.0867898666297828,305.03261299999997,309.02144234,307.88438102000003
1495,,,,,
1496,303.9814232543891,0.7581704584461766,302.08286174,305.23427618,304.07037418192647
1498,306.8690507485217,0.6015089393588718,306.20841187999997,307.6815785,306.96721232
1500,,,,,
1503,302.43848615330387,0.4222064856380524,301.79574806,303.4432337,302.32895917999997
1504,,,,,
1509,,,,,
1514,,,,,
1515,,,,,
1516,310.58020464625906,2.785490781208917,307.61663612,316.44538178,309.55123544
1521,,,,,
1523,303.0685437776171,0.44025598834668417,302.6570891,304.13367374,302.96129288
1526,,,,,
1528,302.61120207189623,0.4858613352872618,301.92905084,305.21718608000003,302.58417134
1529,,,,,
1532,,,,,
1533,,,,,
1537,,,,,
1539,,,,,
1540,302.1783288041501,0.7404595469108526,300.69172760000004,303.80554382,302.08627976
1541,,,,,
1543,,,,,
1545,303.335051154724,0.6548105120194911,302.0760257,304.36268108,303.38854538
1547,,,,,
1549,,,,,
1550,299.69083181746316,0.7920281911292202,298.34012984000003,300.84895652,300.01154162
1553,304.0787003799222,0.26279723145256484,303.41247152,304.46180366,304.1201005419672
1554,,,,,
1556,,,,,
1558,,,,,
1560,,,,,
1561,296.7742890182941,0.6726878548384793,295.33569026,297.8718611,296.95583174
1564,,,,,
1566,,,,,
1567,,,,,
1568,279.2665859777585,4.96242348702238,273.7748201,292.36201286,277.21562689999996
1570,289.20782030866405,3.4354940201928876,282.00541225999996,294.4196609,289.63557224
1575,307.4566217148102,0.47041961175341224,306.48868952,308.44379696,307.5619478
1577,,,,,
1580,,,,,
1585,,,,,
1587,,,,,
1588,,,,,
1591,,,,,
1592,,,,,
1593,302.55590300152636,0.20002141421361022,302.11704194000004,303.03648932,302.51695028
1595,308.0677787123926,0.6863672803164109,306.79631132,309.36324434,308.130699352449
1596,306.95268047297355,0.34566116810944364,306.01358474,307.59270998,306.93449589089687
1598,,,,,
1599,,,,,
1603,290.46345561255526,2.896062814114155,287.75793992,297.86502506,289.40884358
1604,289.9841106873426,0.042725250205274894,289.95572677999996,290.04117728,289.95572677999996
1606,298.2585115666222,0.04867595983339629,298.15213874,298.2991136,298.27518746
1607,311.2786446650177,1.0368060812057929,308.83345124,313.13673842000003,311.24657335999996
1608,280.6494284129325,2.4435258975876892,273.67911554,286.98204938000003,280.54420870999996
1609,,,,,
1610,,,,,
1613,,,,,
1614,,,,,
1619,,,,,
1622,,,,,
1623,304.64265893254714,0.3191932852583546,304.24988642,305.41201322,304.6395407
1624,,,,,
1625,,,,,
1626,,,,,
1629,307.0754979932557,0.6690947091090428,305.68545482,308.67622231999997,307.0854715260815
1631,,,,,
1633,304.89563630400045,0.26332371684274253,304.42078742,305.51797184,304.90614626
1634,,,,,
1638,,,,,
1639,,,,,
1641,301.5481306687635,0.961140508030751,299.43731426,303.23473448,301.63168310000003
1642,,,,,
1647,,,,,
1648,,,,,
1649,,,,,
1650,,,,,
1651,,,,,
1653,300.2220467898262,0.5777587490196682,298.75029224,301.18392248,300.16757298554745
1656,,,,,
1659,,,,,
1660,,,,,
1662,305.63323722399736,0.4718876175642863,304.81727774,306.73136894000004,305.56582412
1665,,,,,
1668,,,,,
1671,,,,,
1677,303.01374285061945,0.5487016786807714,302.35288532,305.14882567999996,303.03990734
1681,,,,,
1682,303.71325728,0.0,303.71325728,303.71325728,303.71325728
1686,306.0175761335493,0.5153459730564657,305.2547843,307.53118562,305.86774922
1687,293.8734402180481,1.548487787534501,288.41078173999995,296.19361328,294.2957004696443
1694,303.63525923018193,0.6202740478818922,301.67269934,304.57118030000004,303.82092491000003
1695,,,,,
1699,,,,,
1700,305.6753944225352,0.5818906168034517,303.48083192,306.64933646,305.76976598
1701,,,,,
1704,,,,,
1705,,,,,
1706,307.617625039108,1.2863362873852404,305.43593936,309.79733288,307.57172466889614
1708,,,,,
1711,308.08230591554394,1.1044608205743058,306.54679586,310.16647904,307.82855336
1713,,,,,
1716,,,,,
1720,308.3633510249252,0.4294699251196505,307.26458005999996,308.95991798,308.46601409000004
1722,,,,,
1728,315.9863190736701,0.8407113275810788,313.60158914,317.23836242,316.03180136000003
1732,304.30430253999515,0.33343445922025683,303.47570489,304.93178141,304.2760919856414
1735,,,,,
1736,,,,,
1738,300.91208196152485,0.3462747965582705,299.8201325,301.53256052,300.95833316
1742,,,,,
1743,305.837354612701,0.7851636546941043,304.00378897999997,307.22014579999995,305.86376153
1746,,,,,
1748,,,,,
1749,307.1727620117993,1.4785339130040196,302.51011424,309.46236692,307.17912956
1751,,,,,
1754,,,,,
1757,305.5610913533373,0.4203186059243639,304.32166484,306.47843546,305.52336314989685
1758,,,,,
1761,,,,,
1762,,,,,
1764,307.63402042489173,3.0803005975773647,304.64637674,314.21683274,306.137487965
1770,,,,,
1775,302.16401617436316,0.3168535880205407,301.36507754,302.53062236,302.28452491999997
1779,312.7512597860396,1.8357671433974319,309.84860318,316.72907743999997,312.15234866000003
1780,303.81298186827104,1.9518659375724523,299.92609112,306.058019,304.7933516
1781,292.4437911353899,2.7724405809897736,288.3355853,296.81569292,292.4020328161435
1783,306.01095949269967,0.26582099763783545,305.7845774,306.5023616,306.0067487
1784,300.68742575519366,0.923081101997848,298.03934408,302.54771245999996,300.83528443999995
1788,,,,,
1789,308.60567438719994,1.4724810840866749,305.53847996,312.30274154,308.35518819302774
1791,312.548304914375,0.13159377000617506,312.49073264000003,312.75392018,312.49073264000003
1792,,,,,
1793,,,,,
1794,,,,,
1795,,,,,
1797,298.1565012770108,2.3531979322875234,294.6247421,301.956395,297.96756566
1798,296.63792120185747,1.1650105516639337,294.778553,299.17754474000003,296.75075054
1800,305.8224242339584,2.078979764256473,299.71075586,309.75973466,306.16283828
1802,305.32539821801964,1.338070076360808,303.15953804000003,307.3226864,305.2889645
1803,,,,,
1805,,,,,
1809,301.8375131565041,0.6065826156776031,300.04572182,302.92027664,301.64706419
1811,309.3443141542253,0.4053907071296111,308.26947794,310.12546280000004,309.305138
1812,,,,,
1813,307.74599442634485,0.8480470846618411,306.36222278,309.27437582,308.14642921999996
1815,300.5236025237398,0.4175083123983741,299.9397632,301.81625618,300.4011959
1816,307.77575788267796,1.320013435660899,307.03557272,311.79687458,307.21330976
1817,,,,,
1820,,,,,
1821,302.93385128149487,0.22842385469539073,302.51695028,303.40563548,302.92711268
1822,,,,,
1823,305.58120333590944,0.6418628609627627,304.4344595,306.71086082,305.51455382
1824,,,,,
1825,,,,,
1826,303.83311290321353,1.5511174075307748,299.46465842,306.89201588000003,303.80896184
1827,275.1052488623642,2.1266111063167044,270.7327823,278.49852374,275.28216692
1828,308.2707644698518,1.878915552938922,305.17958785999997,312.0737342,307.3961195412452
1829,,,,,
1830,302.97365863885386,1.1116582686558971,300.37043372,306.57414001999996,302.79610498410995
1836,,,,,
1837,,,,,
1838,,,,,
1840,304.9348394228336,0.6226795387750221,304.0584773,306.6561725,304.82069576000004
1844,,,,,
1846,,,,,
1847,306.8856044454007,0.4703104051375138,306.1092893,307.6303082,306.95354024
1848,303.4146004789243,0.6001797757389485,302.0589356,305.41201322,303.41361086
1849,,,,,
1850,,,,,
1853,,,,,
1858,301.4461271747112,0.7052480196524308,299.38946197999996,303.59362658,301.4539703875445
1861,,,,,
1862,,,,,
1864,305.03404127925074,0.6954382874478379,303.83972402,305.51455382,305.44619342
1865,305.26115166975654,0.6061956634222474,304.13709176,306.36222278,305.22516146
1867,302.0067008889697,1.65722996896212,300.38752381999996,305.23769419999996,302.04526352
1870,,,,,
1871,,,,,
1873,,,,,
1878,,,,,
1881,,,,,
1882,289.2260243911252,1.9157478917293442,283.63238978,292.52949584,288.97705751822457
1883,,,,,
1884,,,,,
1885,,,,,
1887,,,,,
1891,,,,,
1892,,,,,
1893,,,,,
1895,,,,,
1898,,,,,
1899,307.77418167368165,0.9265636300136674,306.82365547999996,309.59566970000003,308.17377338
1901,302.66158954879535,0.13669145373145125,302.38022948,302.85875228,302.70494138000004
1904,,,,,
1905,,,,,
1908,306.7374009512909,0.41657243894559925,306.07852712,307.77044702,306.6732626
1909,,,,,
1915,,,,,
1916,,,,,
1918,291.1027234470952,0.45041718619782445,290.10611966,292.04755502,291.19646804
1922,,,,,
1923,,,,,
1927,,,,,
1928,,,,,
1929,296.20334172319076,1.9860868870612198,292.81660952,299.71417388,296.11841684
1933,,,,,
1940,305.9508585811097,0.6277485926768797,304.95058052,307.3568666,305.83926571999996
1941,,,,,
1942,,,,,
1943,,,,,
1946,,,,,
1953,306.3127834169914,0.7571464594471854,305.50088173999995,308.59077182,306.11726468
1956,,,,,
1957,,,,,
1958,305.9307032383803,1.3518582531863652,304.4173694,309.31881008,305.36245193
1959,,,,,
1961,311.3221397438222,1.4375226453828094,309.60592376,314.56205276000003,310.9286975
1965,302.513238487047,0.2087829986048047,302.03842748,302.86900634,302.51011424
1966,302.7634598565532,4.01100011247019,295.43823086,307.04582677999997,305.46670154000003
1969,,,,,
1976,,,,,
1979,312.75326699647513,1.0827828925663818,305.86660988,314.12796421999997,312.9048771174876
1981,301.25758396048485,0.7073121719427877,300.1277543,303.43297964,301.27962704000004
1985,298.205742522703,1.1602922587273483,295.20922352,300.48322838,298.2622027578391
1986,305.5163962872085,1.1421261390690374,303.21080833999997,307.50042343999996,305.35593834471706
1989,,,,,
1991,,,,,
1992,296.46508830271034,0.47290654429070933,295.4108867,297.74197634,296.43629269999997
1993,299.59610624687446,0.8660316292557653,297.28396166,301.46078209999996,299.48795786971
1994,,,,,
1995,,,,,
1997,307.09047941379686,0.5804375421940432,305.30263658,307.92767594,307.11589618999994
1998,,,,,
2001,,,,,
2002,,,,,
2005,,,,,
2007,302.13590295435426,2.458653441671364,298.7263661,306.04776494,301.010457965
2008,,,,,
2009,,,,,
2010,,,,,
2012,306.6898701864377,1.1133430837593838,304.88222012,309.24019562,306.48731993010455
2016,306.97493018843363,0.3016134201918282,306.45450932,307.85589752,306.95012222
2023,,,,,
2025,,,,,
2026,308.9032241650882,0.9033001205788598,307.07317093999995,310.96287770000004,308.66255024
2030,,,,,
2031,309.0730028693999,0.5145881382571004,308.26605992,310.64158382,309.00982107199997
2032,,,,,
2035,313.0627353988223,5.893893414804966,308.43696092,330.20291227999996,309.95402508611573
2036,,,,,
2039,,,,,
2040,287.5463457764181,1.2511797260679924,285.45761246,291.64422866,287.32613006
2041,,,,,
2043,300.9337607796237,1.5828542152326441,298.39823618,303.82605193999996,300.74413724
2044,,,,,
2045,299.60137922,0.0,299.60137922,299.60137922,299.60137922
2046,303.92966469657284,0.6465245597134681,302.55796652000004,305.61025838,303.96619076
2048,,,,,
2053,,,,,
2054,,,,,
2061,,,,,
2064,,,,,
2066,,,,,
2068,,,,,
2069,,,,,
2071,303.72425408580244,0.6401394269457625,302.27085284,305.54873402,303.60388064
2074,,,,,
2082,308.456525957448,0.6133919940870726,306.76896716,310.04343031999997,308.3978110506638
2090,302.9283964023811,0.49845279924984676,302.21616452,303.90808442,302.83824416
2091,,,,,
2094,307.1705704440741,0.9222967416075096,305.57266016,307.90033178,307.74993889999996
2096,,,,,
2097,,,,,
2098,300.78460280092406,0.43999325779955534,300.04743083,302.23325462,300.7263350525
2099,,,,,
2100,,,,,
2103,,,,,
2106,309.5002063164995,0.6487937847339265,308.14984724,310.52878916,309.71188238
2108,312.10630334512575,1.2294497668973305,310.18356914000003,314.76713396,312.24292619000005
2109,,,,,
2110,315.05297676927347,1.6359434971682512,312.7573382,318.79697954,315.42567247999995
2116,301.2595815602508,0.4919177684796755,300.48322838,302.38022948,301.06429177999996
2117,304.0513311027794,0.6114532700079077,302.67759722,305.99307662,304.00606766
2118,,,,,
2119,310.1007771,0.06836039997933215,310.06052042,310.19724122,310.06052042
2121,,,,,
2122,299.7181525519478,1.1845821879618716,295.89624554,302.16831224,299.63547566455077
2123,,,,,
2124,,,,,
2127,289.4090344094608,2.0027458591171343,286.58897708,294.35813654000003,289.24477862
2132,,,,,
2133,,,,,
2136,293.9253967261492,2.884284433134967,290.37614324000003,299.93634518,293.1673838225
2137,,,,,
2139,303.4888880094719,1.190051235572834,302.09995184,306.77922121999995,303.01324678400005
2140,305.480333116308,0.43936426096302267,304.59168841999997,306.44425526,305.50259074999997
2141,278.08936550118943,1.3348398818120748,274.88225858,280.01612462,278.36180293999996
2144,,,,,
2146,,,,,
2148,300.0799170437042,0.28078025677245844,299.4954206,300.6062771,300.09243476
2149,,,,,
2150,,,,,
2151,,,,,
2158,302.9919759312565,1.291323583189161,300.7088177,305.95206038000003,303.23473448
2161,309.87936536,0.0,309.87936536,309.87936536,309.87936536
2164,,,,,
2165,,,,,
2166,,,,,
2167,,,,,
2169,301.3513542009004,2.2315411101027904,299.83380458,307.42180898000004,300.61006234528924
2170,,,,,
2172,298.31209497813217,0.4678373856798579,297.32839592,299.83380458,298.3358007849473
2174,,,,,
2175,299.32697042772264,1.2036621891738288,296.60377568,301.61117498,299.45265241005023
2176,,,,,
2177,,,,,
2182,,,,,
2183,296.258896980664,2.5676495626374938,291.82538372,301.9051247,296.00562218
2185,,,,,
2190,301.0324245186277,3.124748393849443,294.4880213,306.8441636,301.85043638
2191,308.02931680231495,0.2942512776826412,307.25774402,308.73432865999996,308.08148684
2195,,,,,
2196,303.68167311060967,0.6986528711350195,302.01450134000004,305.03603102,303.77136362
2198,311.16069882675447,1.131913044171688,308.99409818000004,313.54690082,311.08934444
2201,303.31735137942957,0.3478395843995381,302.71519544,305.96231444,303.3817174013679
2203,,,,,
2204,,,,,
2206,,,,,
2207,,,,,
2208,299.46992480176124,0.4808729490375424,298.89043105999997,300.11750024,299.49200257999996
2211,,,,,
2212,,,,,
2213,,,,,
2214,,,,,
2215,297.79050279715204,0.17198913404784366,297.33523196,298.22733517999995,297.80691872
2216,302.47628739903956,1.539953401752485,299.67315764,305.4940457,302.79039188
2217,,,,,
2223,,,,,
2226,310.83280313885837,1.1150319043397172,308.1601013,312.74366612,310.94236958
2229,308.3710437870984,1.2925678362705273,301.12581614,310.37839628,308.47114111999997
2231,306.10124138935504,0.3712199870352184,305.15907974000004,307.2030557,306.1001433073145
2232,,,,,
2234,300.4029352614169,1.8597149698908355,295.86890138,303.1868822,300.54475274000004
2239,,,,,
2248,,,,,
2249,301.76192366764985,0.4308427197006173,300.88997276,302.73912157999996,301.76156786
2251,,,,,
2254,293.155466940513,1.4479396951695676,288.6944774,295.23998570000003,293.475432875
2259,307.27806182803545,0.26114449648498883,306.57414001999996,307.89691375999996,307.2714161
2263,,,,,
2267,,,,,
2268,,,,,
2269,310.40131783681363,1.0942724439641673,306.99455648,312.71973998,310.38865034
2270,,,,,
2271,,,,,
2272,,,,,
2273,,,,,
2274,,,,,
2275,,,,,
2277,295.19896946,0.06152436006418192,295.15795321999997,295.28100194,295.15795321999997
2278,314.4071832132135,2.3247406043061263,311.98486568,320.20178576,313.748564
2279,,,,,
2281,,,,,
2284,,,,,
2286,,,,,
2294,,,,,
2295,,,,,
2304,295.5166101478983,2.1020707180998928,291.18963199999996,299.72784595999997,295.80395899999996
2305,304.32992647668704,1.357609548013525,302.19565639999996,307.03899074000003,304.59168841999997
2306,,,,,
2308,,,,,
2310,304.753816113463,0.6367781747953664,303.65856896,306.28360832,304.75575338
2316,303.5673162221245,1.1504508518067664,301.91537876,306.40665704,303.32702101999996
2319,,,,,
2321,,,,,
2322,,,,,
2323,,,,,
2324,304.65303678606733,0.23083558819000527,304.2122882,305.19325993999996,304.62928664000003
2326,304.5119675365872,0.41538942819789265,303.5799545,305.23769419999996,304.5882704
2327,295.5536313372277,0.7654969932746243,294.69993854,297.3933383,295.30492807999997
2330,,,,,
2331,,,,,
2332,,,,,
2333,305.15384856035774,0.7240402101218859,303.97644482,306.4169111,305.08217429
2334,,,,,
2335,305.14121335847665,0.43479220737497654,304.06531334,306.07510909999996,305.05483013
2336,,,,,
2340,,,,,
2341,306.9138850732842,0.4128931162940656,306.40665704,308.52924745999997,306.85530537897523
2342,,,,,
2343,,,,,
2345,,,,,
2346,305.5029792190056,0.31660994407681375,304.8446219,305.9212982,305.53164391999996
2350,,,,,
2352,,,,,
2356,304.18852002427093,0.3090168472153175,303.73376540000004,304.63270466,304.23279632000003
2358,,,,,
2360,,,,,
2361,304.3497718890134,0.6237754880187919,303.02281724,305.67178274,304.58713106
2365,,,,,
2366,,,,,
2368,,,,,
2375,301.2459672061461,0.45805339665102757,300.42170402,302.35972136,301.13265218000004
2377,,,,,
2378,,,,,
2380,,,,,
2383,309.39576169635285,0.2961193317948927,308.7240746,309.94088972,309.39628519999997
2389,,,,,
2390,,,,,
2391,,,,,
2398,297.5106450976141,1.7975944968766868,293.56173788,300.13117232,297.68045198
2401,,,,,
2402,,,,,
2404,,,,,
2405,,,,,
2407,310.47236821497853,1.0902913673457608,309.23335957999996,315.57036866,310.20977395999995
2408,,,,,
2411,310.3994721403689,1.7221768177454453,307.74310286,313.83059648,310.4159945
2413,,,,,
2416,307.78093995893744,1.428915100376034,303.43981568000004,309.57174355999996,308.19542084
2417,,,,,
2418,297.159815295785,0.5978516809893598,295.98853208,298.29569558000003,297.1140470684564
2421,,,,,
2424,,,,,
2426,,,,,
2427,,,,,
2428,,,,,
2429,,,,,
2431,,,,,
2432,,,,,
2433,,,,,
2438,305.473233401488,0.7003312737279198,304.32508286,306.8783438,305.3187501028571
2439,,,,,
2440,299.7517721,0.0,299.7517721,299.7517721,299.7517721
2442,308.4628321730348,0.3237921735646386,307.6132181,309.5102192,308.3993627
2443,308.46045632712196,0.9360302340550619,306.54337784,310.60740362,308.2626419
2446,300.5575359381737,2.542478747679583,294.10862108000003,303.82263392,301.34335138147566
2447,,,,,
2448,,,,,
2450,,,,,
2453,,,,,
2456,300.78180162533477,0.6164382576312978,299.8372226,302.0760257,300.73616186000004
2457,307.01581728314255,0.34641826615858556,306.34171466,307.85247949999996,307.06291688
2458,,,,,
2460,,,,,
2463,,,,,
2464,,,,,
2469,,,,,
2471,,,,,
2473,,,,,
2474,,,,,
2478,311.2069938822252,0.7245712944602516,309.92379961999995,313.0307798,311.07225434
2482,,,,,
2483,,,,,
2487,299.73264761763767,1.0688072379689584,296.87038124000003,301.56332269999996,299.74493606
2492,,,,,
2493,305.7540745680794,0.9181113746736123,303.79528976,308.1942815,305.76801092911944
2494,,,,,
2496,,,,,
2499,308.45631940497503,4.107912578776007,303.00230912,314.90727277999997,307.33635848
2500,296.2100354331788,0.6151548958163964,295.07250272,297.73172228,296.1628511
2502,,,,,
2508,,,,,
2509,311.5974558944584,1.4873290778647457,308.6386241,314.39115175999996,311.57337659154877
2510,,,,,
2511,,,,,
2512,,,,,
2518,,,,,
2519,,,,,
2520,,,,,
2524,,,,,
2525,,,,,
2526,298.837839030518,1.1686740170010428,295.76294276,303.0501614,298.69902193999997
2527,,,,,
2530,,,,,
2535,305.69143451260027,0.7480027404030912,303.0672515,306.21524792,305.82217562
2536,304.1964629805822,0.573251547417485,303.18004615999996,304.80702368,304.4173694
2537,,,,,
2541,,,,,
2543,,,,,
2544,311.78626624105715,2.899143078049981,297.69241505,316.59919268,311.06427895999997
2548,,,,,
2550,308.40137519803733,0.9199154461636737,306.76896716,310.59714956,308.28656804
2551,,,,,
2552,306.8988227982015,1.422031334577208,304.78309753999997,309.92379961999995,306.49210754
2553,,,,,
2554,,,,,
2555,309.232003214371,1.747812214234826,305.82217562,313.32472952,308.9883758768539
2557,,,,,
2558,,,,,
2561,,,,,
2562,300.33279331330357,0.49041175420701055,298.83916076,300.69172760000004,300.40803194
2563,,,,,
2565,297.32162742980233,0.0712064713420535,297.21560125999997,297.37966622,297.34890404
2570,,,,,
2573,,,,,
2574,299.78948989868593,1.367788309495052,295.55444353999997,301.4095118,300.32599946
2578,,,,,
2579,300.69981442206125,0.8148909646571466,299.4270602,302.97154694,300.41743149499996
2582,,,,,
2583,301.5959140841099,0.3822312118022918,300.92415296,302.31870512,301.64535518
2585,,,,,
2587,301.7422681503489,0.5568682621131155,300.80110424,303.21764438,301.62484706
2588,310.51907027755266,2.0499188132894894,306.17423168,314.6885195,310.71288953510634
2595,,,,,
2598,305.4994667216139,1.0015033587445217,303.13219388,307.24065392,305.5050050064847
2600,305.722590512539,0.567814889871956,304.44129554,306.7758032,305.775177845
2602,296.2409303764868,0.8270087027586207,294.34788248,297.87527911999996,296.55934142
2603,301.0425507140982,1.726179294555737,297.42068245999997,303.32702101999996,302.11362392
2604,,,,,
2606,307.6752711334554,1.4728887532270434,304.95058052,310.80223076,307.25660468
2607,,,,,
2609,,,,,
2610,294.1598329104966,1.4535344961467578,291.43231142,297.64968980000003,294.03000662
2613,,,,,
2614,297.11088538621743,0.8757007192368731,294.89476568,298.37431003999995,297.2566175
2615,,,,,
2616,,,,,
2617,,,,,
2620,308.7684530769235,1.7332422358928394,305.13857162,312.00879182,309.15474512000003
2624,,,,,
2629,,,,,
2630,,,,,
2631,,,,,
2634,,,,,
2635,304.29075673117643,0.7784542456056398,302.92027664,306.19815782,304.16529042499997
2636,290.18106949733584,0.26745226468192107,289.53531032,290.79997772,290.17106204000004
2640,,,,,
2644,,,,,
2645,308.4840443316667,4.700036537465443,302.66392514,315.48150014,309.08638471999996
2647,,,,,
2648,308.35229337336483,1.7331407281762023,305.84610176,313.14015644,307.64625896
2649,305.9842420632352,0.762932750264521,305.18984192,308.6386241,305.66409219499997
2650,304.25672246,0.0,304.25672246,304.25672246,304.25672246
2652,313.674206640722,0.14697486002115795,313.63918736,313.93313708,313.63918736
2654,308.12225511619084,0.2861102258269292,307.32952244,309.00093422,308.09752738494564
2658,,,,,
2663,,,,,
2664,,,,,
2667,,,,,
2669,308.19421544200964,1.1954218523799425,306.56730398,311.49950684,308.049357452
2670,299.248220152358,1.2377380202921615,294.73070071999996,300.3499256,299.648376995
2671,299.7418974722161,0.5806590089424093,298.73662016000003,301.0677098,299.87482081999997
2673,304.01834896828024,1.0068751570397465,302.25376273999996,306.40665704,303.90979343000004
2677,303.46192046511044,1.7293399079985594,300.79768622,306.73478696,303.45006974
2679,308.38059338201185,1.5202338969983027,305.8358477,310.63132975999997,308.79243499999995
2680,,,,,
2685,,,,,
2688,,,,,
2689,,,,,
2690,305.65604384145956,1.5882797455882,302.09653382,308.57368171999997,305.67178273999997
2694,,,,,
2695,299.98220862866594,0.8409387075774681,298.27176943999996,303.24157052,299.93805419
2697,,,,,
2698,,,,,
2700,,,,,
2702,294.8223911410357,0.40945318714544504,294.0607688,295.23314966,295.06908469999996
2703,,,,,
2705,306.62139354237223,1.5574117097395124,302.91002258000003,310.40574044,307.07829797
2706,,,,,
2707,,,,,
2709,,,,,
2717,305.883356627266,1.4226184735712175,303.37145527999996,307.74993889999996,306.38614892
2719,,,,,
2720,,,,,
2722,,,,,
2723,302.40757364,0.0,302.40757364,302.40757364,302.40757364
2725,323.03308774643796,8.085429073767015,317.55965630000003,338.67276584,321.26478998
2726,291.04522300606413,0.9574293767378858,289.39858952,293.93430206,291.00897797506025
2731,,,,,
2732,306.3319269220778,0.7238546955148464,304.54725415999997,307.98578227999997,306.22778066
2733,,,,,
2741,310.82127171103775,1.3794752232052845,308.12933912,313.56740894,310.6068244870432
2746,,,,,
2747,,,,,
2752,311.7785291204961,1.3025510440729535,308.9291558,314.57572484,311.95971881857145
2753,,,,,
2754,,,,,
2755,,,,,
2756,,,,,
2757,,,,,
2760,305.62248532396467,1.366871269148455,303.70813025,309.82980407,305.3041619773554
2764,305.15008039620255,0.1623559500307403,304.94374447999996,305.26845638,305.26845638
2765,299.6809814302198,0.4419436352054942,299.37920792,301.72738766,299.5296008
2766,305.31630866,0.0,305.31630866,305.31630866,305.31630866
2770,303.2842831755655,2.967454695831753,296.94557768,307.02873668,303.14586596000004
2771,286.1618556492375,3.698146487078411,277.67478092,293.43185312,286.28306428999997
2773,,,,,
2777,,,,,
2778,,,,,
2780,,,,,
2783,299.8438674862044,1.7578482831499316,295.71509047999996,303.40221746,299.98248845
2784,300.293922186752,1.0174045583704279,297.55056722,302.7083594,300.35932515499996
2786,300.7444433361271,0.4533811681296673,299.86456676,301.78549399999997,300.68147353999996
2790,,,,,
2793,,,,,
2795,293.2449654828498,1.0536597155305494,290.46842978,295.6672382,293.33783754253903
2799,,,,,
2803,,,,,
2804,,,,,
2806,,,,,
2808,,,,,
2809,300.320703070647,0.7195899496244342,298.41532628,302.00424727999996,300.39948353241647
2810,,,,,
2813,,,,,
2814,303.47157060199936,0.8600128115645784,301.24202882,305.4598655,303.3621546676842
2815,,,,,
2817,308.0626543584189,0.3467449642637479,307.13127728,308.98726214,307.99261832
2819,,,,,
2821,300.0513277660671,0.33376112368450644,299.12969246,300.79085018,299.99445152
2823,306.1624095917989,0.32731834318730413,305.31289064,306.95354024,306.1947398
2824,,,,,
2825,,,,,
2827,,,,,
2828,,,,,
2833,,,,,
2834,,,,,
2835,,,,,
2837,,,,,
2838,299.19936993704,0.5451710739313514,298.47343262,299.7688622,299.4612404
2846,,,,,
2847,307.3524145894438,1.2793502701645652,305.19667796,310.90477136,306.82566607999996
2850,,,,,
2853,307.1397969915343,0.2129255848540514,306.6219923,307.62005414,307.1460887
2856,309.74655980095866,1.431496982115324,308.15326526,313.9536452,309.23546245002
2858,,,,,
2861,,,,,
2862,,,,,
2864,,,,,
2866,,,,,
2867,309.31717550023086,1.3506097787141713,307.60638206,314.68510147999996,309.17183522
2868,309.01205703610805,0.5178458916220101,308.28998606,310.41257648,308.86592242999996
2869,303.271124224772,1.0489224173012737,301.64193716,305.53847996,303.11679276253903
2872,,,,,
2873,,,,,
2874,308.59363648802247,0.4307756637285322,307.81488128,309.53756336000004,308.56000964
2876,,,,,
2877,,,,,
2878,308.7305167386028,0.6063965462832144,307.6132181,309.62643188,308.95137293000005
2879,310.5685434489072,0.6466166054709567,309.60250573999997,311.41747436,310.81248482
2882,,,,,
2883,305.3687903938707,0.6284965324232257,304.1097476,307.01506459999996,305.36588014290254
2885,312.7004287222894,3.079490413184672,306.65959052,317.33064895999996,313.28029526
2886,,,,,
2890,306.34017552405345,0.3319768164856087,305.74697918,307.01848262,306.29044436000004
2894,,,,,
2897,303.12877586,0.0,303.12877586,303.12877586,303.12877586
2901,295.232135766873,1.8992620477796867,290.45475769999996,298.02225397999996,295.76263203090906
2905,,,,,
2908,,,,,
2912,298.5297698532954,1.299506717536667,297.28396166,301.55648666,297.90604129999997
2913,299.6488060646585,3.1626226100473267,293.59933609999996,304.36951711999995,300.333690005
2915,,,,,
2916,,,,,
2918,,,,,
2921,,,,,
2922,305.6903341255618,0.30148374988710347,304.62928664000003,306.1263794,305.72134402999995
2924,,,,,
2925,304.78285554114836,0.7262355469802315,303.48424994,306.19132178,304.61903258
2928,,,,,
2929,314.28741650421745,1.223850761608666,309.25728572,315.93951482,314.16214442
2932,315.1812278219967,2.5539780791134903,310.94236958,320.35217864000003,314.77738802
2935,,,,,
2937,,,,,
2938,,,,,
2939,,,,,
2940,,,,,
2942,305.39728572435934,0.30822146238844866,304.94032646,306.4340012,305.35561588999997
2944,306.9352176412558,0.6021167798120423,305.86319186000003,308.22162566,307.00139251999997
2947,298.231485907889,0.8624060008905546,296.36109625999995,300.42512204,298.26880632349685
2948,307.32085162842316,0.42315325611494214,306.48868952,308.10541298,307.24748996
2949,,,,,
2951,,,,,
2952,,,,,
2955,307.2917914377649,0.9285440672998424,306.49894358,311.57470328,307.07539852852017
2957,305.73240127337834,0.6984009399114982,304.3831892,307.79437315999996,305.67520076
2959,,,,,
2964,303.63681184328846,0.9626588830708589,301.07454584,305.42226728,303.70642124
2965,,,,,
2966,300.33686192413614,0.27349861591516256,299.45440436,300.90706286,300.30699929
2967,,,,,
2969,307.1245074773794,0.6051580492229054,306.43741922000004,308.963336,306.99455648
2975,,,,,
2976,,,,,
2978,306.20246171528095,0.8949740497420923,305.03261299999997,309.26412175999997,306.30069842
2979,310.98413452914286,0.2888226900003772,310.97313176,311.55077714000004,310.97313176
2980,,,,,
2983,310.8044327280183,1.1350720587727356,309.0658766,314.52103652,310.53904322
2984,,,,,
2987,,,,,
2988,,,,,
2990,,,,,
2992,,,,,
2994,302.87668551821906,1.529125703081942,299.10576632,305.45302946,302.96812892
2997,306.78929399503164,1.5974340453533897,301.85043638,308.5019033,307.26799808
3001,297.6439128060339,0.5512925342813583,296.9831759,299.45440436,297.49246088
3002,304.9834896974874,0.1572824102781628,304.72840922,305.1864239,305.07021122000003
3003,,,,,
3010,,,,,
3012,,,,,
3016,302.6143202484442,1.346136287885686,299.70733784,306.0238388,302.79775880395744
3017,306.2271975206023,1.2940992203401211,304.81385972,310.501445,306.2028793535861
3019,,,,,
3020,,,,,
3025,307.63714755503975,0.5736265024840655,306.66642656,310.27243766000004,307.5514107192356
3028,301.98439168037976,0.37218301503403733,301.0847999,302.69810534,302.05722659
3030,,,,,
3031,,,,,
3033,304.0218755688019,2.046071570378257,300.17560658,307.49700542,304.4800331
3036,,,,,
3042,,,,,
3044,,,,,
3046,,,,,
3052,,,,,
3053,304.48009748679453,0.6854147208679848,302.65025306,306.18619475,304.5399908675
3054,305.8745921175924,2.4737672065348204,301.72055162000004,311.14745078,306.22892
3056,302.8232291976648,1.1515243341480847,300.06964796,304.06531334,303.209669
3057,,,,,
3060,307.32238690208084,0.9366667075885003,304.83778586,309.02486036,307.297393052
3061,309.5269270194733,1.208951348455873,305.67178274,311.7661124,309.49654712
3063,,,,,
3066,,,,,
3068,,,,,
3069,305.3795782855157,0.5251098068523733,304.78993358,306.29044436000004,305.00868686
3070,309.57538116309115,1.532464934947113,307.72601276,312.98292752,308.84883233000005
3073,,,,,
3074,,,,,
3078,,,,,
3083,304.7849580579787,0.1663212028988518,304.51649197999996,305.08046528,304.81385972
3084,,,,,
3085,292.3686932049331,2.320983409464306,287.16320443999996,296.4192026,292.86674048
3088,307.3036381554917,1.1691707484084577,305.60342234,308.95308194,307.50042343999996
3089,306.60641386868036,2.4518748852929497,303.3577832,311.80712864,305.8187576
3090,312.97624290315554,1.1815827963275187,311.16454088,317.06746142,312.99659959999997
3091,,,,,
3092,,,,,
3093,,,,,
3094,,,,,
3096,307.2662608122069,0.5517571836789769,305.97598652,308.86421342,307.36484198
3100,305.1937964623268,1.314627637500524,302.54771245999996,308.18744546,304.64979475999996
3101,306.94883043134297,1.4377854541913733,305.0155229,310.01266813999996,306.8441636
3104,289.60271003010905,2.460743943102569,285.54306296,294.96654409999996,289.60161990800003
3105,,,,,
3107,296.927754129875,2.071424810353943,293.64035234,300.74983394000003,296.47389092000003
3108,,,,,
3110,305.06300275651336,0.605074287214874,304.41053336,306.07510909999996,305.30263658
3112,,,,,
3118,,,,,
3119,307.5346672275901,0.6237168011670927,306.02042078,308.46430508000003,307.61663611999995
3120,309.8776967051835,2.169947308672926,307.49700542,316.19586632,310.21433132
3123,305.51096160206356,0.20881009274093734,305.07362924,305.88369997999996,305.50088173999995
3126,308.5188810832471,1.4597153432891754,305.97940454,311.0483282,308.48139518
3129,,,,,
3134,,,,,
3136,302.4944591033275,1.3082505472835535,296.68409915,305.14882567999996,302.5261092094235
3137,,,,,
3138,,,,,
3139,,,,,
3140,,,,,
3144,,,,,
3147,,,,,
3149,,,,,
3150,308.65436775592303,0.6850836661215316,307.43206304,310.51511708,308.6793797507624
3152,,,,,
3154,,,,,
3159,,,,,
3160,,,,,
3161,303.4270429010089,0.19878528336546866,303.04332536,303.82605193999996,303.41588953999997
3164,,,,,
3165,308.00766587472657,0.3063070596445778,307.57220186,309.11714689999997,307.95843812
3166,,,,,
3172,290.05489023286407,1.4554900159841815,287.7203417,293.1549935,289.79166182
3174,,,,,
3175,,,,,
3178,301.78208635871147,1.5884646964856055,297.27712562,304.15759988,301.9813140263765
3179,,,,,
3180,310.2646652597127,1.8147088301570884,307.04240876,314.81840425999997,310.36814222
3181,302.1232101979379,0.9670556584236519,300.8797187,306.49552556000003,301.89145262
3182,,,,,
3183,,,,,
3186,,,,,
3190,293.1601224595102,1.5887749382235712,290.65300286,297.70779614,293.20884023408206
3192,,,,,
3193,,,,,
3194,308.535425375381,0.7266615004627214,306.58097606,309.4076786,308.71040252
3197,,,,,
3198,,,,,
3199,,,,,
3200,304.15417339174564,0.42848387329642684,303.2552426,305.48379164,304.0833499686154
3201,,,,,
3204,308.41765213714064,0.9960007402196986,307.254326,312.81544454,308.29081747027027
3206,,,,,
3209,,,,,
3210,307.7515245177046,0.7275784543149447,306.3656408,309.66061207999996,307.69525058
3211,,,,,
3213,306.50216491866513,0.3158755003858169,305.61367640000003,307.16545748,306.52230493415436
3214,309.408653375002,1.3874070424445204,307.20989174,313.55373685999996,309.17696225
3215,,,,,
3216,303.8014452547518,0.9902184072924463,298.4358344,305.51455382,303.7354068644354
3217,310.4177977898861,1.5846038261612538,308.18744546,313.60842518,309.8027339674594
3218,,,,,
3219,303.3714496141238,0.7822619333897355,301.8196742,305.01210488000004,303.26036963
3221,309.93851807753924,1.5957396470844656,305.7845774,313.55715488,309.99557804
3222,,,,,
3225,303.80210892669015,0.911481664803668,301.5975029,305.79141344,303.9415202046012
3227,316.0712854134169,3.5666968876728666,309.35982632,324.64862977999996,315.60625787000004
3229,,,,,
3233,288.8609505549036,0.24401803041482367,288.24329876,289.19350832,288.9166487
3235,306.78295055221815,0.6443314431743659,305.76065126000003,308.1942815,306.5754180186803
3237,302.24193728220655,0.3915963182611432,300.75666997999997,303.13561189999996,302.27597987
3240,,,,,
3245,306.18848943327566,1.2967353784121742,304.7420813,310.29978182,305.82901166
3246,301.4876780024085,1.1328411906796234,299.60821526,304.07556739999995,301.51888844
3249,304.14603579184524,1.1109856387293522,302.89976852,305.93155226,303.78161767999995
3251,305.49755605848026,0.529977261726929,303.74743748000003,306.55021388,305.506863275
3256,307.68567568411197,0.5072595954300071,306.16739564,308.54291953999996,307.70550463999996
3257,301.74061654045033,0.7311875126196271,300.13800835999996,303.05357942,301.82992826
3262,,,,,
3264,,,,,
3266,,,,,
3268,,,,,
3269,293.1623176557565,0.5558666417293826,292.4713895,294.81956923999996,293.07296102
3271,310.23757498775933,2.4409126632826057,306.36222278,314.51078246,309.70675535
3273,299.45463443443685,0.6921872321810191,298.87675898,301.65902726,299.30742950000007
3275,,,,,
3278,,,,,
3281,,,,,
3286,,,,,
3288,,,,,
3290,,,,,
3291,303.42465317311667,1.8080686468575797,301.40609378,308.24896981999996,302.77147835928866
3294,,,,,
3295,,,,,
3296,304.26395072336874,0.4266231265380249,302.8963505,304.76600744,304.40369732
3298,290.27194758292984,1.1660990937107045,288.20911856,292.62861842,290.23486508
3299,304.1038747508448,0.2584724312337747,303.48766796,304.39002524,304.14392780000003
3302,302.802101725363,0.6880993413887411,301.45394606,304.12000165999996,302.73912157999996
3303,,,,,
3305,293.01381744664667,1.0002637601568984,291.2409023,294.84007736,293.12423132000004
3306,,,,,
3307,,,,,
3310,,,,,
3313,,,,,
3314,,,,,
3315,305.51420978517405,2.022845290652102,303.40563548,312.92140315999995,305.0667932
3317,305.100431927287,0.7227710777705618,304.1268377,307.36028462,305.13515359999997
3319,300.36196369304236,1.176062954857657,296.7610046,301.81283815999996,300.70710869
3320,306.05034545035426,1.195245308205976,303.32018498,307.87298762,306.14688752
3322,,,,,
3324,305.17091806552475,0.4598926618553464,303.87732224,307.84222544,305.16249776
3329,299.1641123289589,0.3278008465957784,298.65116966,299.74151803999996,299.05221733999997
3330,,,,,
3331,300.2574868878768,0.3529585143723379,299.6492315,301.0164395,300.28498321999996
3333,,,,,
3334,300.1743743085155,1.177925657463463,297.50613296,301.74447776,300.3499256
3341,,,,,
3342,,,,,
3345,,,,,
3349,307.7074003658558,0.3563345957863185,306.27335426,308.18060942,307.767029
3350,302.2251863250567,0.8259775764663675,300.58576898,303.63806084,302.29819699999996
3352,,,,,
3356,,,,,
3360,299.26581773475976,1.36618001411149,294.7101926,300.51399056,299.8921228188141
3361,,,,,
3362,,,,,
3363,311.8339792260402,1.331073202777491,308.27631398,313.5263927,312.09766034
3364,,,,,
3370,309.36626612045364,0.4002248177697548,308.64204212,310.41257648,309.28690856000003
3371,,,,,
3372,,,,,
3373,,,,,
3374,,,,,
3379,301.668469569607,0.6315509535260511,300.16193450000003,303.0672515,301.9162880923944
3384,,,,,
3386,,,,,
3389,,,,,
3394,,,,,
3395,,,,,
3396,300.8324489322716,0.47169149567649965,300.37385173999996,302.74595762,300.71565374
3401,,,,,
3405,292.7282936580629,0.6757023311723312,290.83757593999997,293.66086046,292.7448311
3406,,,,,
3409,,,,,
3410,307.3949724202815,0.412418304048694,306.4681814,308.24213378,307.434797456
3414,305.1097489096458,1.0477126866450535,302.3836475,307.3910468,304.89247418
3415,305.22290953226184,1.486945234482966,301.18392248,307.06291688,305.70169041500003
3417,,,,,
3420,,,,,
3421,296.2565817940491,2.639042057182616,293.30538637999996,301.49154427999997,295.28865100417477
3423,301.90904663759466,0.48582344694599455,301.10872603999996,303.42956161999996,301.88483778797496
3424,,,,,
3425,304.42330863277226,0.24423325514683852,304.06531334,304.7933516,304.43104148
3430,302.29003289719174,1.0729634236974512,300.59944106,304.47205772,302.79039188
3432,305.0348116182703,1.2293322533572006,303.59362658,307.33977649999997,304.39344326
3433,,,,,
3435,303.14518346317897,1.2099861080848837,300.57893293999996,305.18984192,303.23473448
3437,,,,,
3438,300.1477945963068,1.0760014611250894,298.65116966,302.08286174,300.58918700000004
3439,,,,,
3440,,,,,
3441,298.59875988384556,2.3513905076672743,296.12183486000004,304.49598386,297.69925109
3447,309.317074102191,0.5675270507230211,308.63178805999996,311.27391752,309.20943344
3448,305.2868729812337,0.5063823614011242,304.38660722,306.32120654,305.30947262
3455,,,,,
3462,303.6775759189487,2.5644605845999453,301.82309222000004,311.13036067999997,302.45352040362366
3464,288.679590325114,1.5304908109908275,285.18417086,291.43914745999996,288.79929668
3466,307.1787565174604,0.9847585917556564,305.04628507999996,309.03511442,307.2372359
3469,,,,,
3473,305.75515705465955,0.3598345805649771,304.89931021999996,306.60148418,305.76406928
3475,,,,,
3478,,,,,
3479,302.2750418770502,0.9693766067483518,300.47639233999996,304.99501478,302.23667264
3481,306.53177554016247,0.2746184922910649,306.0921992,307.26116204,306.51603367999996
3487,310.295167493,0.08743720045523685,310.16989706,310.42966658,310.34079806
3488,,,,,
3490,,,,,
3492,296.2122331471489,1.4541561392583797,294.83324131999996,301.69662547999997,295.7624385489752
3493,304.65765822055005,0.32708782629759225,304.31141077999996,305.00526884,304.31141077999996
3494,,,,,
3496,291.84941250324323,0.9098535548177801,290.80681375999995,293.45919728,291.92450629999996
3497,296.1368026299374,0.8262520091243758,293.73263887999997,297.00710204,296.29615388
3498,,,,,
3499,313.91909682998846,2.0980723128934784,310.2109133,318.29453060000003,313.89291342434785
3501,300.1585442384008,0.7954765567519329,299.563781,302.36313938,299.96282157751773
3502,300.6468100742105,0.3586545782467565,299.95685330000003,301.3240613,300.68830958
3504,,,,,
3505,,,,,
3507,305.4575136209849,0.6008063695730341,304.99501478,307.82171732,305.24080259907277
3510,299.64364108972865,1.1650851503425435,296.78151272,301.26937297999996,299.78937032
3512,306.3916719733664,0.4651824919813826,305.49746372,307.81829930000004,306.286171835
3513,,,,,
3514,,,,,
3515,,,,,
3517,303.0581315132984,1.3157663549724636,300.46613828,305.70938096,303.2210624
3518,,,,,
3519,,,,,
3520,,,,,
3522,,,,,
3525,293.79795399572254,5.2007989200333835,280.3032383,299.30059345999996,296.15259704
3526,,,,,
3527,298.99542493341477,0.42362156594994566,298.43241638,299.78595229999996,298.82207066
3528,,,,,
3529,,,,,
3530,,,,,
3532,,,,,
3534,,,,,
3535,,,,,
3537,307.68702157238124,0.4722237707974466,306.93645014000003,308.67964034,307.77728306
3538,,,,,
3542,302.4802347225772,0.42795050790176203,301.72738766,303.43639766,302.47251602
3546,303.03634682882296,2.730267117863641,299.24248711999996,307.91400386,302.4599912474126
3549,302.48960611999996,0.0,302.48960611999996,302.48960611999996,302.48960611999996
3555,304.35921349555207,0.6617080365464286,302.88267842,305.51797184,304.3674117432229
3561,307.5078681919159,1.7738160873043274,304.06873136,313.11281227999996,307.40520716857145
3562,,,,,
3563,,,,,
3565,,,,,
3569,306.59998886040836,0.8416393777474567,304.19861612,307.96527416000004,306.71769686
3570,,,,,
3571,302.70833872109137,1.174025998190462,299.51934674,304.10291156,302.98897830876757
3573,270.5595412834492,2.2975146104410187,265.7595632,274.3729736,270.89684726
3575,,,,,
3582,,,,,
3583,,,,,
3587,,,,,
3592,,,,,
3594,,,,,
3596,,,,,
3599,,,,,
3600,305.57847636009217,1.302111587626149,303.17321012,308.17719139999997,305.83926571999996
3601,,,,,
3605,294.0278885568966,1.2216612861891467,292.46455346,296.45680082,293.75656502
3606,307.465859507354,0.5722201814053156,306.32462455999996,309.42818672,307.37908373000005
3609,,,,,
3612,,,,,
3613,301.48403626631386,0.16466518039711972,301.19075852000003,301.59408487999997,301.39583972
3614,,,,,
3615,,,,,
3616,305.41370119191276,0.1857709561664952,305.13857162,305.97598652,305.374415
3617,,,,,
3619,,,,,
3621,,,,,
3622,303.46456419210404,1.116470774229122,300.2815652,304.63612267999997,303.76794559999996
3624,,,,,
3626,300.8617036699119,0.4192257117460664,299.92609112,301.4949623,300.91731691999996
3630,,,,,
3631,303.64225428637826,1.2262679042614213,302.81773604,307.8695696,303.1746128912139
3632,,,,,
3635,,,,,
3636,,,,,
3640,,,,,
3642,309.1712382667148,1.3109064474488834,307.50384146,312.62745343999995,308.64204212000004
3643,,,,,
3647,307.88711771018853,1.194188187435568,305.3915051,310.00925012,307.95519798951665
3648,,,,,
3652,,,,,
3654,,,,,
3658,,,,,
3659,298.97875873030256,0.4702993580690451,298.00858189999997,299.89191092,298.94170136
3660,,,,,
3661,,,,,
3662,,,,,
3663,291.1880941266073,1.3575621939746525,287.56311278,293.9582282,291.04607516
3664,,,,,
3665,306.42017845228514,0.6085061403777943,305.7333071,307.95843812,306.19132177999995
3666,300.54761464204756,0.6384601294525148,299.13994651999997,301.77523994,300.6746375
3671,,,,,
3673,302.2463984945049,0.26641737361876217,301.75473181999996,302.87584238,302.25034472
3674,,,,,
3680,,,,,
3682,,,,,
3684,,,,,
3686,,,,,
3687,300.79367259350147,0.5895180810944404,299.70391982,302.33921324,300.62336719999996
3688,,,,,
3689,301.8945590713707,0.6262505637390585,300.11750024,303.17662814,301.98715718
3690,,,,,
3692,,,,,
3696,,,,,
3700,,,,,
3702,304.54095169432276,0.8230448276543311,303.14586596000004,306.09903524000003,304.7369407600395
3705,,,,,
3706,,,,,
3707,308.6929027620574,1.662145967743059,306.80314736,312.61719938,308.0366224980133
3708,,,,,
3709,304.4912620686809,0.4085494399449102,303.70300322,305.14882567999996,304.61219654
3714,,,,,
3716,,,,,
3718,307.92591387774297,3.4334994111203616,304.46180366,314.09378402,306.70915181
3719,,,,,
3721,,,,,
3722,,,,,
3723,299.7014197784729,0.17636995164919891,299.33135563999997,299.92950914,299.7175919
3728,304.48686914,0.14330795870354981,304.25330443999997,304.68055694,304.49769287000004
3733,,,,,
3736,,,,,
3737,,,,,
3740,,,,,
3741,298.4224404345716,1.2582278129451685,295.32885422,300.74983394000003,298.3332938
3743,300.87463724003,0.48383435521347007,300.17560658,302.32895917999997,300.82503038
3747,,,,,
3755,,,,,
3756,,,,,
3760,,,,,
3761,308.0847072001271,2.3293360510838825,304.0926575,314.18265254,308.34564174415095
3762,,,,,
3763,307.73799347401496,0.4166848621623615,306.8783438,309.14107304000004,307.711486175
3764,310.4629841677419,0.9523130295019124,308.94966392000003,311.42772842,311.06883632
3765,,,,,
3769,,,,,
3771,,,,,
3772,304.4155294459244,1.7309141558197676,301.44711001999997,307.77044702,304.27668265312985
3776,308.55945607727125,0.6350130047922488,306.8270735,309.65377604,308.64887816
3780,306.5865617791387,0.5116710716738792,305.49746372,307.69183255999997,306.50577962
3781,,,,,
3782,297.6700440475509,0.11241107974549097,297.36599414,297.8205908,297.7009601
3783,294.3030216635777,0.7157733720034942,292.27656235999996,295.19555144000003,294.51194744
3787,304.5011257718088,0.7394593677970812,302.49644216,305.88369997999996,304.40711534
3788,299.5425971254045,2.2277033130489476,294.63157814,301.98032114,300.30890936000003
3789,292.65358615137114,3.748105320660891,282.3198701,297.49246088,293.82150740000003
3791,310.0974322603582,1.7076317022206682,307.47991532000003,314.45609414,310.18015112
3792,,,,,
3793,,,,,
3794,296.95485243681566,1.809515337160358,293.57540996,300.23713094,297.15065888000004
3795,,,,,
3796,,,,,
3801,304.3185893790365,1.0844257306447063,302.5545485,306.47501744,303.96277274
3806,304.1798625729168,3.4207878965565413,298.74687422,309.76486169,304.350320565814
3808,291.72703920673223,1.0265817507536374,290.2154963,293.86252364,291.61346648
3811,,,,,
3812,308.71060551915735,0.8897344531926786,306.76554913999996,309.34615424000003,309.0316964
3813,,,,,
3816,,,,,
3818,,,,,
3820,,,,,
3823,,,,,
3830,,,,,
3831,309.78329954585365,0.008545050449766403,309.78024278,309.79733288,309.78024278
3836,,,,,
3840,314.2891675868278,2.3642030048007907,310.28269172,319.90099999999995,313.5277083664285
3841,304.89082546028317,0.41198082976430506,304.27039454,307.00481054,304.8389252
3847,273.8495053563702,1.0399639318475065,272.95791332,277.53122408,273.5458127600001
3848,,,,,
3851,,,,,
3852,,,,,
3853,,,,,
3854,,,,,
3855,302.57326496928437,0.457768039979227,302.03842748,303.27575072,302.38022948
3857,313.61422069285476,1.5478223775541582,308.64204212,315.47808211999995,314.0778720841678
3858,,,,,
3861,306.849719941355,0.5418933085230544,305.0838833,307.8012092,306.8305247046602
3862,306.52193000902037,0.8825202702246072,305.31972668000003,308.74458272,306.4169111
3864,,,,,
3865,310.5752183673683,1.1458401369355247,307.51751354,312.66505166,310.83470195
3868,,,,,
3872,304.1194347327805,1.199848763772643,302.71177742,309.10347482,304.01744762966604
3875,,,,,
3878,309.5328016875987,1.4402985274086133,307.60980008,312.53516690000004,309.206869925
3882,308.9627081524511,1.1083354155000624,307.93451198,312.15234866000003,308.55248999599996
3883,,,,,
3884,304.68332584750675,0.4203446713954359,303.73718342,305.80508552000003,304.64637674
3886,310.27571891200165,1.2957439732571594,307.5619478,313.64944142,309.95114378
3889,,,,,
3893,,,,,
3895,,,,,
3896,,,,,
3898,309.9515945498909,2.053684804222797,305.23427618,313.72121984,309.6043581634266
3899,,,,,
3901,,,,,
3902,308.16656530187527,0.6910596033541522,307.21672778,310.65183788,308.13617516
3903,,,,,
3905,305.63251541864145,0.33871253152411157,304.97450666,306.51261566,305.67520076
3907,,,,,
3908,299.11943116201024,0.4101672027968862,298.57939124,299.99103349999996,299.05107799999996
3909,303.01466084469865,1.31486015519428,300.17560658,305.41884926,303.0501614
3914,306.7690016189119,1.4866503808913512,304.07556739999995,311.12694266,306.86808973999996
3915,,,,,
3917,,,,,
3920,,,,,
3921,,,,,
3923,,,,,
3925,,,,,
3928,296.62197823485457,3.0204811396372127,291.92108828,302.84166217999996,296.33033408
3929,,,,,
3931,,,,,
3932,308.8173907105309,0.6501355688940481,308.16351932,311.51317892,308.6932858206226
3933,,,,,
3934,308.77201940925545,1.1598298190164664,307.24748996,311.91650528,308.4563297
3935,306.31020610325265,0.7423161824036582,304.2122882,307.66790642,306.31864721786064
3938,,,,,
3939,,,,,
3940,299.060712107352,0.5148394016641071,298.18973696,300.08673806,299.10576632
3946,,,,,
3947,,,,,
3949,,,,,
3951,,,,,
3953,307.9329724719661,1.1183575336419997,303.88415828,309.56832554,308.08832287999996
3956,,,,,
3957,,,,,
3962,,,,,
3965,302.3985800638683,0.2969557192368982,301.92563282000003,302.81431802,302.40073759999996
3966,,,,,
3967,306.61031954798375,2.068127211281993,301.272791,309.63326792,306.60490219999997
3968,,,,,
3970,,,,,
3971,304.1608408574061,0.18676340878333916,303.86365016,304.48914781999997,304.1097476
3974,311.61565652395547,2.4162379623437116,308.44379696,315.30034508,311.48241673999996
3975,,,,,
3976,,,,,
3978,,,,,
3980,301.24886486,0.0,301.24886486,301.24886486,301.24886486
3981,301.97931209686135,0.4933848106478665,300.77376008,302.78013782,302.11072182754714
3982,307.7292279465931,1.3881350203982723,304.29432068,309.817841,307.92425792
3983,,,,,
3984,,,,,
3985,,,,,
3986,,,,,
3988,292.72980726672466,1.545530789544633,288.70131344000004,296.78493074,292.46023869711024
3989,,,,,
3990,308.6509335273637,0.6673697744260716,307.70208662,310.31687192,308.37543656
3991,289.92325559,0.4597236900071099,289.4635319,290.38297928,289.92325559
3995,,,,,
3998,,,,,
4000,312.0805067595902,1.7118026496858016,308.91890174,315.57378668,311.6991902757426
4004,,,,,
4006,309.65821476475315,1.5289596291353698,307.6132181,312.77101028,309.46236692
4012,,,,,
4013,,,,,
4014,,,,,
4016,301.609548655406,0.20470811349860527,300.99593138,302.22300056,301.60690497071636
4017,,,,,
4018,,,,,
4020,,,,,
4021,300.67194522397267,0.6534255756615017,299.62188734,301.73080568,300.5379167
4022,311.028102496379,1.9845107702483653,307.74993889999996,315.08500982,311.34227792
4024,,,,,
4026,301.92185798882196,0.12191809157190234,301.53597854,302.21958254000003,301.9051247
4027,,,,,
4028,,,,,
4030,310.290264954861,1.3529753607922506,309.01118828,314.3808977,309.83379176
4031,,,,,
4032,308.16876653106186,0.7131861696398676,307.14494936,309.54098138,308.2398551
4039,304.99927989267155,0.4915317262967645,303.55602836,305.9383883,305.02919498
4040,,,,,
4041,,,,,
4044,303.21966403857544,1.5149519568546777,300.22345886,304.9642526,303.9521706634182
4045,,,,,
4047,305.99043313459686,0.5218209162166402,303.68591312,306.83049152,306.05480892038025
4050,,,,,
4052,,,,,
4053,297.9166596802226,0.7244107356348771,296.1628511,299.17754474000003,298.01883596
4054,,,,,
4055,310.9284050667902,0.8808942725764156,309.86569327999996,314.10745610000004,310.6021557834496
4058,,,,,
4060,,,,,
4062,301.50581692316695,0.1282048631364199,301.34798744,301.65560924,301.44711001999997
4063,307.21526141876177,1.0881750239993804,305.96231444,309.89303744,306.89429456
4064,,,,,
4065,,,,,
4068,,,,,
4071,304.2563251358152,1.3374775405509778,302.97838298,306.81340142,303.50134004
4072,287.8578527876545,1.6853934384329323,284.22712526,291.44256548,287.88098864
4075,,,,,
4081,,,,,
4082,301.779997017964,0.9611657364506158,299.76202616,303.42272558,301.75928918
4084,,,,,
4090,303.0443567811491,0.38475140679056274,302.42466374,303.61755272,303.13219388
4092,,,,,
4094,308.4995207487501,1.0031101048252156,306.99113846,310.73387035999997,308.40164138
4099,,,,,
4101,,,,,
4102,,,,,
4104,,,,,
4106,308.6196470582119,1.0773295628777797,306.22208395999996,310.49802697999996,308.4544416508572
4107,,,,,
4109,,,,,
4110,310.3828779326285,1.0535896077236349,309.14107304000004,313.3213115,310.09470062
4114,,,,,
4116,,,,,
4117,,,,,
4119,,,,,
4120,298.98543369259374,0.331000439455362,298.50761281999996,299.66973962,298.96904552
4122,300.0927987003042,0.09533880598131383,299.91925507999997,300.25763906,300.11408222
4123,,,,,
4124,304.00003140669736,0.25055176191874595,303.25182458,304.28406662,304.06873136
4125,,,,,
4127,,,,,
4132,,,,,
4133,309.5474277535428,0.7359105051898124,308.13275713999997,312.12158648,309.48930363390724
4135,,,,,
4136,306.681747624394,1.2612512824586368,305.03261299999997,309.02827837999996,306.25284614
4137,,,,,
4140,303.9035968729364,0.6227612462634141,302.72886752,305.75723324,303.95820333941873
4141,291.8018553598967,1.6866531506339628,288.5235764,294.71702863999997,291.82196569999996
4144,309.8525056615694,0.6772635915436505,307.50042343999996,311.43798247999996,309.94772576
4145,,,,,
4147,306.5032525498671,0.44921555265503266,305.09755538,306.92619607999995,306.53995982000004
4149,306.2923363141081,0.4172986856410418,305.28212845999997,307.17571154,306.3531020870511
4151,,,,,
4152,,,,,
4157,,,,,
4160,303.5532022410244,0.44043324190787797,302.61607286000003,304.94374447999996,303.5369734913181
4166,,,,,
4167,,,,,
4169,293.5818512304048,2.023969158741616,290.04459529999997,296.84987312,293.9531889186797
4170,311.44417804971323,1.3254701774536757,309.95456179999996,313.03419782000003,312.38477402
4171,297.783241574125,1.8414571250807248,295.57836968000004,302.52378632,297.15065888000004
4172,,,,,
4173,,,,,
4175,,,,,
4176,,,,,
4177,,,,,
4181,314.4191555946263,2.844339691936334,308.08490486,317.72372126,315.30034508
4184,298.61357144,0.0,298.61357144,298.61357144,298.61357144
4187,303.04708456539987,1.2502170299144162,300.89339078,305.09755538,303.27916874
4191,,,,,
4192,,,,,
4194,307.0847023056999,0.8024666099266541,305.8529378,309.30855601999997,306.86467172
4197,301.33089734,0.0,301.33089734,301.33089734,301.33089734
4200,,,,,
4202,305.9750101718352,0.3444492074794656,305.39492312,306.8270735,305.9709892882278
4204,303.8414641029091,0.17353605977456743,303.8192159,304.2635585,303.8192159
4207,,,,,
4208,306.1823519945282,0.8664489533801664,303.53552024,307.89349574,306.37247684
4209,,,,,
4210,300.379042314403,1.197351261141279,297.7351403,301.94614093999996,300.80110424
4211,,,,,
4213,299.60139344348045,2.167036782168755,295.17162529999996,303.11510378,300.06622993999997
4216,306.43649965767474,0.4292042792566337,305.66836472,307.29534223999997,306.31778852
4217,,,,,
4218,307.4425798415043,1.06170587894926,305.8016675,309.62301386,307.50042343999996
4223,306.4088969412377,0.2345789017282663,305.86319186000003,306.88517984,306.42374714
4227,,,,,
4230,,,,,
4231,,,,,
4232,298.8074989313396,0.5015024738592403,298.34696587999997,299.9226731,299.00664373999996
4243,,,,,
4244,293.6148505056296,1.412359601766012,290.87859218,296.80885688,293.22848093000005
4246,,,,,
4247,302.7503443096356,0.6760688036614027,302.2127465,303.63464281999995,302.25376273999996
4248,,,,,
4249,,,,,
4250,307.85518905339705,0.7285202191859408,305.80850354,308.74458272,308.0062904
4251,294.15006979260704,0.6420810581726587,292.86787982,295.60571384,294.09153098
4253,,,,,
4257,,,,,
4260,298.8039801639024,0.374179100247167,298.43241638,299.46465842,298.82548868000003
4261,291.26125747730856,0.561439900415755,290.51286403999995,292.49189762000003,291.21355814000003
4263,,,,,
4264,300.7584196781649,2.4990117735513646,294.18723553999996,303.45006974,301.44027398000003
4266,307.20466244873194,1.2994724963411313,305.41884926,309.48287503999995,307.08342500000003
4268,,,,,
4269,,,,,
4271,308.4372713965604,0.7965956815178694,307.22356382,309.91012753999996,308.40278072
4272,312.83989407099256,1.7371055579980539,309.32564612,315.9360968,313.07863208000003
4274,302.51380570160006,0.11450366995465838,302.45884394,302.68785128,302.45884394
4275,306.67535309739776,0.995419941093287,305.61025838,309.46578494,306.36905882
4276,300.6477623241395,0.26011222031905906,300.52766264,301.1873405,300.57551492
4281,,,,,
4282,308.45770108666375,0.8462293836739567,307.39788283999997,310.64841986,308.35151042
4285,,,,,
4286,,,,,
4287,289.265927212864,2.6158505260230682,285.04745005999996,293.40450896,289.1445167
4290,,,,,
4292,,,,,
4293,313.3579541846557,1.3799305247769877,308.7240746,315.64898312,313.4605474467924
4296,287.88577418919215,2.5506293129543214,283.94684761999997,294.00266246,287.50500644
4297,299.24860303823175,0.36365869552411184,298.15897478,299.91583706,299.33819168
4302,,,,,
4304,,,,,
4306,303.82718399718266,0.8596819800756422,301.67611736000003,304.85487595999996,303.908961346414
4308,,,,,
4309,304.9483663808829,2.216272105864695,302.89293248,308.91206569999997,303.5286842
4311,308.59440222732394,2.3190348710208397,306.36222278,313.6631135,308.28315002
4312,,,,,
4313,294.492091637423,1.242088256088819,292.92598616,297.98807378000004,294.094949
4314,,,,,
4315,,,,,
4316,307.597891847768,0.48566987743144585,306.42032912,308.06439674,307.77386504000003
4320,299.42891593288584,2.4275041257547314,294.14280127999996,302.27768888,300.18927866
4321,308.732249548989,0.9262332140066724,307.19280163999997,310.30319984,308.77192688
4322,305.15387503501694,1.7801245002058323,301.13265218000004,307.77728306,305.95035136999996
4323,307.4981498873504,0.46292004500868733,306.80656538,308.8266152,307.425227
4324,,,,,
4327,291.27652372922444,1.5255344790133751,288.11341400000003,294.00608048000004,291.55536014
4328,,,,,
4333,300.50790391815485,0.8989941026237517,299.58428912,303.7166753,300.3841058
4338,,,,,
4341,,,,,
4342,,,,,
4344,,,,,
4345,,,,,
4347,,,,,
4348,308.238848946282,1.0077670402030101,305.97598652,309.74948059999997,308.56684568000003
4350,,,,,
4352,303.54300120786166,0.4665788603747951,302.7596297,304.98817873999997,303.47946471200004
4364,,,,,
4366,,,,,
4369,308.4562677412272,2.369454027947339,302.73570356,313.6631135,308.11224902000004
4372,303.69692884473596,3.114099853974843,300.64387532,312.63087146,302.28794294
4373,297.0461780280517,0.73607855784177,295.34594432,298.58280926,297.01906511000004
4374,302.6096977348182,0.1659708296422504,302.49302414,302.97496495999997,302.5887287
4375,304.50332346850166,1.497891630129497,301.39925774,306.9979745,304.58371303999996
4376,,,,,
4377,298.2805716289882,1.1105015605708626,296.21412139999995,300.65412938,298.27347844999997
4379,,,,,
4383,,,,,
4384,308.26173249127424,0.9461200773012189,305.36074292,309.77682475999995,308.36432799499994
4385,,,,,
4386,,,,,
4387,,,,,
4388,,,,,
4391,,,,,
4392,,,,,
4393,,,,,
4394,,,,,
4395,312.7638116256001,1.2216298705476605,308.65913222,315.11919002,313.0235382322034
4396,,,,,
4397,,,,,
4399,306.41036375156676,0.1085209237703262,306.24601010000003,306.61857427999996,306.41349307999997
4401,,,,,
4402,,,,,
4404,,,,,
4406,301.773820856594,0.8896020262621084,300.38752381999996,303.57653647999996,301.89828866
4409,298.4815115763636,0.0264405436937499,298.44608846,298.538375,298.48368668
4411,,,,,
4415,,,,,
4416,,,,,
4418,302.26379388565215,0.006836039678627398,302.25718076,302.27085284,302.25718076
4419,,,,,
4420,297.6984356814396,0.5130456137088811,296.48072695999997,298.52128489999996,297.75906643999997
4424,,,,,
4425,301.5183019228129,0.7070410280770169,300.2302949,302.82115406,301.43001991999995
4426,,,,,
4428,,,,,
4436,,,,,
4438,304.5778224219045,0.7229973682406526,302.92027664,306.54679586,304.63954069999994
4443,296.7311871568816,2.166079922346851,293.57882798,300.92073494,296.26197368
4446,,,,,
4448,303.07253874968745,0.07023594489702713,302.93394872,303.12535784,303.0672515
4449,,,,,
4450,,,,,
4453,,,,,
4455,,,,,
4460,302.53475927133746,0.9957436226099763,300.65071136,304.3831892,302.48960611999996
4461,,,,,
4462,,,,,
4465,305.00929720028506,0.6747532240431549,304.07556739999995,306.70744279999997,304.83436784
4467,304.05398453893366,0.7707889436267872,301.9734851,305.71963502,304.21114886
4468,,,,,
4471,,,,,
4475,311.69749593947785,1.0776482032588255,309.46578494,313.88870282,311.7832025
4476,301.65920372571634,0.2500889242915792,301.05745574,302.13071402,301.69662547999997
4478,,,,,
4479,,,,,
4482,,,,,
4485,316.42161781157864,1.5873818053247772,311.09959849999996,317.99374484,316.9216259
4486,,,,,
4489,309.7218203693893,0.9210879656122467,307.49016938,311.60888348000003,309.6017229873283
4492,,,,,
4493,300.5212881202788,0.5371294012294229,298.5725552,302.38706551999996,300.5245160872924
4494,293.491326668,0.3001138346480861,293.07637904,293.81467136000003,293.55831986
4495,,,,,
4498,300.8761011102182,0.44623903990452013,300.03204974,301.8538544,300.78545479305785
4500,,,,,
4503,284.4214939673373,1.5119255132213851,281.93021582,288.80043602,284.55012815
4511,,,,,
4512,302.3668693217943,1.3640873326769307,300.73957988,305.71621700000003,301.8640240065202
4514,301.03933920136564,0.23298211605530966,300.32258144,301.26253694,301.09505396
4518,275.10101185999997,0.0,275.10101185999997,275.10101185999997,275.10101185999997
4519,,,,,
4527,,,,,
4528,299.3512477134194,1.1346579744538945,295.87573742,300.82161236,299.58778571517246
4529,,,,,
4532,,,,,
4535,,,,,
4538,301.56952099045174,0.4938794373556401,300.44221214000004,302.54087642,301.512906905
4540,,,,,
4544,308.4904921604589,1.2896279525646126,304.81727774,310.4159945,308.60615291
4545,,,,,
4546,303.27478023444144,2.2472664164102967,295.27758392,306.14005148,303.91150244
4547,302.35020883073713,0.47688438755192886,300.98909534,303.33043904,302.38706551999996
4548,,,,,
4549,,,,,
4550,299.3438785689777,0.9176640125801934,298.48026866,300.91731691999996,298.83574274
4555,,,,,
4557,,,,,
4558,311.5033558240243,1.245671220979982,308.80610708,313.98440738,311.82421874
4560,309.20314924248936,0.26819970866684895,308.75825480000003,309.59566970000003,309.11714689999997
4561,,,,,
4562,,,,,
4564,292.52573647782793,1.1419117976708792,288.7115675,293.87277770000003,292.85493497829793
4565,,,,,
4571,,,,,
4572,,,,,
4573,310.23091752291634,0.991592673985114,307.66107037999996,312.37793797999996,310.4508342260643
4574,306.7172357163831,3.073345856945177,304.57459832,315.7651958,305.45644747999995
4575,,,,,
4577,,,,,
4578,310.918926342138,1.3575343290774107,308.2968221,314.25443096000004,310.8941846822222
4585,,,,,
4586,,,,,
4587,305.73398862213344,0.7361359256985848,304.13025572000004,307.29534223999997,305.61367640000003
4588,,,,,
4594,304.22548411666395,1.2106770813479317,300.79426820000003,306.24259208,304.32850088000004
4595,,,,,
4596,309.92517402789167,1.7841400878397724,306.40323902,313.11964832,309.81100496
4600,,,,,
4603,313.28336980066683,1.5996358426927553,308.20111754,314.6543393,313.89074639809525
4604,,,,,
4605,307.13778740566573,0.5598944287518494,305.71963502,309.22652354,307.17571153999995
4607,,,,,
4608,307.08984974520394,0.3323909177169386,306.058019,307.60980008,307.12899860000005
4613,,,,,
4618,305.2432687897359,1.2894331448281726,301.75814984,309.17525323999996,304.91298229999995
4621,308.9280689845068,0.6025180234871556,308.05414268,309.69479228,309.16158115999997
4623,,,,,
4624,,,,,
4625,307.1980552489965,1.202823806482714,305.4940457,309.51363721999996,307.21672778
4626,,,,,
4629,,,,,
4631,,,,,
4632,,,,,
4635,307.0258667240405,1.332078714670571,304.97450666,311.17821296,307.21160075
4636,305.13992445254974,0.28851390240633046,304.35242702,305.70254492000004,305.16819446
4637,,,,,
4639,,,,,
4642,,,,,
4643,,,,,
4644,303.41950350097375,1.8227633290757221,300.54475274000004,307.08684302,303.27575072
4645,308.22726450030757,1.4273243627639915,306.06485504,310.13913488000003,308.35151041999995
4646,,,,,
4647,303.1835635070768,0.09658888826081356,303.00914516,303.33727508,303.20739032
4650,310.3192737540076,0.7709134243273007,308.27973199999997,312.24805322,310.38380347557376
4651,,,,,
4652,,,,,
4653,285.6145656591367,5.256127056400412,276.27339272,294.03342464,284.47664072
4655,305.10439141999996,0.0,305.10439141999996,305.10439141999996,305.10439141999996
4656,,,,,
4657,,,,,
4662,,,,,
4663,305.3433887609907,0.4537494511019117,304.66004882,306.70402478,305.17958785999997
4665,307.72253930165704,0.6981626471425574,306.60148418,308.95649996,307.55739044
4666,308.3943704863783,1.0321083499210049,306.44083724,310.87059116,308.48481319999996
4667,,,,,
4673,305.70219898746234,0.559781581103756,304.49940188,306.05460098000003,305.89737206
4682,,,,,
4683,,,,,
4684,,,,,
4687,,,,,
4688,,,,,
4690,304.62924382269284,0.47283416080331014,303.43639766,305.19667796,304.78401425034485
4692,306.0410061359939,0.30342187913054786,305.50088173999995,306.570722,306.10245326
4693,314.06409348352344,2.5684132936310027,309.89645545999997,317.66561492,314.97905119999996
4695,,,,,
4696,301.0643310279688,0.8569087617526603,300.076484,302.5545485,301.15088162
4697,,,,,
4700,294.0133587663971,0.8311393873428685,292.32441464,295.81079504,293.90012186
4705,,,,,
4707,302.25305927806704,0.40271481176012025,301.47445418,303.03648932,302.26857416
4711,290.5472178733007,0.9422770429614219,287.63489119999997,291.58954034,290.65300286
4717,,,,,
4721,305.564495912128,0.3282629338387856,305.08730132,306.59806616000003,305.4940457
4723,300.4352331360015,0.9753037886884333,299.29717544,303.73376540000004,300.15168044
4725,321.4154787610444,1.4986891536429372,317.75106542000003,324.62812166000003,321.28871612
4730,,,,,
4731,,,,,
4732,,,,,
4734,,,,,
4735,,,,,
4737,,,,,
4738,310.10243741671496,2.4450489570147678,307.24407194,315.86090035999996,310.53562519999997
4743,,,,,
4744,,,,,
4745,301.74447776,0.08886851999769377,301.65560924,301.83334628,301.74447776
4746,288.94511266037694,1.4377847300876498,285.96689744,293.6847866,288.79018196
4747,308.42501323589806,0.2893851975598611,307.82855336,309.22652354,308.4335429
4749,,,,,
4750,,,,,
4752,,,,,
4753,300.19915313138523,0.7616092956770709,298.4529245,301.47445418,300.2815652
4757,301.9621357037369,0.15003115344043294,301.67611736000003,302.29477898,301.94272292
4758,288.7102454121864,4.0877789878371855,283.62213571999996,295.79370494,286.46592835999996
4762,,,,,
4763,,,,,
4765,,,,,
4769,,,,,
4771,307.4708955449999,0.3128273859473311,306.90910598,307.99603634,307.4081369
4772,,,,,
4773,305.80519063035507,2.0937952425764155,302.3494673,311.1337787,305.66629591842104
4774,,,,,
4776,,,,,
4778,,,,,
4779,306.7182503941586,1.1937412231379882,304.4686397,309.97848794000004,306.39640298
4780,,,,,
4781,,,,,
4784,312.01021082849087,2.922405721285705,306.7928933,316.93415863999996,312.04639004
4785,,,,,
4788,,,,,
4792,305.54064718514906,0.3719403165209519,304.75575338,306.18448574,305.63418451999996
4795,301.9520757549009,1.0399237989576295,299.30401148,303.66882302,302.0143967067347
4798,,,,,
4799,,,,,
4801,,,,,
4802,,,,,
4804,,,,,
4805,,,,,
4810,,,,,
4814,,,,,
4816,,,,,
4818,,,,,
4822,,,,,
4823,306.9434443820767,0.6450046096502536,305.24794826,308.43012488,306.8806899510094
4825,310.4095047146097,1.753462700082628,308.31733022000003,315.00639536,310.17331508
4826,302.0789977715619,1.1419057685055967,299.87482081999997,303.43297964,302.62290889999997
4828,297.4857048385444,1.504951600303244,297.0857165,301.45394606,297.15749492
4831,300.40824222293577,0.021311576358931765,300.37043372,300.45588422000003,300.4011959
4834,302.3510429647041,0.2962033334475661,301.81283815999996,302.88609643999996,302.46909800000003
4837,304.42991554539157,0.7859810522745699,302.15805818,305.5624061,304.58143436
4839,,,,,
4842,,,,,
4843,,,,,
4845,,,,,
4848,300.68805918344384,0.7249980724800252,299.28008534,302.0247554,300.76350602
4849,286.1055130508777,1.965574975724686,282.77446676,290.06510342,285.88486495999996
4850,,,,,
4851,,,,,
4852,,,,,
4854,301.5042900727085,1.2698659709556586,298.56230114,305.8529378,301.3291766129872
4855,,,,,
4857,,,,,
4860,,,,,
4862,304.4213281364752,0.66885687028804,303.14586596000004,305.29580053999996,304.6566308
4867,,,,,
4869,,,,,
4870,,,,,
4872,,,,,
4875,,,,,
4880,,,,,
4884,307.7808708368454,1.420120593182272,305.98624057999996,310.12546280000004,306.8888016443902
4887,,,,,
4889,,,,,
4890,300.4825053907041,0.44685633979195644,299.77228021999997,302.49644216,300.44221214000004
4892,,,,,
4893,297.39433531420474,0.38419796635014747,296.69606222,297.84793496,297.42410048
4898,307.27288859927035,1.1058645137105403,305.64443858,312.0224639,307.07185631692306
4900,,,,,
4901,,,,,
4905,303.7027791378625,0.1556199204064572,303.42272558,304.0242971,303.77136362
4906,,,,,
4909,306.17423168,0.0,306.17423168,306.17423168,306.17423168
4914,,,,,
4916,,,,,
4918,309.00629946593835,1.3284963233803682,306.56730398,312.47022452,308.89041824
4920,,,,,
4921,307.8349326417537,1.0400050456553012,304.42078742,308.90864768,308.01141743
4924,,,,,
4929,,,,,
4931,,,,,
4932,,,,,
4936,301.3050613814586,0.7139762889623406,299.97565241,303.0843416,301.22152070000004
4937,,,,,
4938,,,,,
4939,294.9126913783147,1.0489820685548203,292.3346687,296.28589982,295.10668292
4942,,,,,
4943,,,,,
4945,,,,,
4948,304.0246727461588,0.5741616522832665,302.36313938,305.64785659999995,303.92859253999995
4951,,,,,
4954,307.2514784887734,0.99237640774685,305.90762612000003,311.15770484,307.01987837758696
4955,,,,,
4957,294.72281005173494,1.5578351382999052,292.46113544,299.33819168,294.33079238
4959,,,,,
4960,300.91666139905254,0.5960526110368398,299.67315764,301.88803459999997,301.10359901
4961,307.2057382680461,0.6769327205380155,306.24601010000003,308.38910864,307.17571154
4964,,,,,
4969,291.82939265609286,2.4026519917499587,286.12754438,295.02806846,292.23896414
4970,302.6319736001951,0.2787962520793959,302.35288532,303.23473448,302.56480256
4971,299.8768365481656,0.3139014919315448,299.15703662,300.5720969,299.89191092
4972,,,,,
4976,305.32253778282535,1.3736906962192745,303.32702101999996,309.15816314,305.14369865000003
4977,308.8641381953506,0.730500010128078,307.8012092,310.6552559,308.78559896
4978,306.30564802517193,0.9476565338133334,303.20397230000003,307.77728306,306.61459223029703
4979,294.9090960626868,0.35852293615067565,294.55296368,295.74243464,294.75804488
4980,298.1633693771429,0.14243888996730958,297.95389358,298.37772806,298.19315498000003
4981,304.36754650280716,1.0666328210085414,302.51695028,307.4935874,304.17582932
4982,,,,,
4983,,,,,
4985,,,,,
4988,,,,,
4993,,,,,
4994,,,,,
4995,303.25370217165204,1.5643924056688812,299.83038655999997,306.34171466,303.30651290000003
4996,300.65789865296216,1.073413830584016,297.9402215,302.23325462,300.6438484064567
5004,,,,,
5009,,,,,
5011,310.1333166185446,0.7654633723433558,308.73774668,311.92334131999996,310.05881141
5012,,,,,
5013,303.64653855969124,2.0763566381720953,300.55158878,306.82365547999996,303.56508437670533
5016,288.6432785117256,1.9789917144840181,285.24569522,292.37910295999995,288.666278735
5018,303.35154930666596,1.4458630894379134,301.56674072,308.50532132,303.01256318000003
5020,,,,,
5021,306.02873792628407,0.7248927784731871,304.49256584,307.16545748,306.01928144
5022,305.11044382056446,0.46884909649745476,304.47205772,306.93645014000003,304.990742255
5023,,,,,
5024,300.022518809067,0.3154623367989932,299.45098634,300.91731691999996,300.07477499000004
5025,301.0790280019206,0.6623061626486766,299.3416097,302.78355583999996,301.1645537
5028,303.38632645069436,0.8544759656962287,301.22835674,304.6566308,303.61498920500003
5032,302.7322973670588,0.2314240580310849,302.35972136,303.04674338,302.59898276
5033,308.2590963562989,0.617660729783946,307.26799808,310.0400123,308.06952377000005
5034,,,,,
5036,303.5059105628652,0.6225358402077158,302.49644216,304.20545216,303.76110956
5039,302.59372437461565,1.7410613672119222,298.00174586,304.78993358,302.95916472988927
5040,,,,,
5042,,,,,
5043,,,,,
5044,,,,,
5045,,,,,
5046,304.35102894811683,0.2600063221258732,303.88415828,305.02919498,304.33533692000003
5049,304.92783802568795,0.2294817295715636,304.54725415999997,306.55021388,304.882832629184
5050,,,,,
5052,,,,,
5053,,,,,
5054,303.0739115046352,0.1384298099571621,303.02281724,303.29967686,303.02281724
5055,,,,,
5056,,,,,
5057,,,,,
5058,303.92479669139783,2.357712395953975,300.25763906,308.09857694,304.08923948
5059,312.37622226800005,1.163861050867186,309.1000568,314.5517987,312.37793797999996
5061,303.61522050087945,0.9327106399121304,300.73957988,304.7591714,303.94568264
5063,,,,,
5066,307.04169908318386,1.8308306222022088,303.08263259,310.99876691,306.82194647
5067,306.90839570033853,0.9589596403379076,305.4598655,308.5702637,306.90226994
5069,,,,,
5070,,,,,
5072,303.3944052373764,0.8211003798542411,302.16831224,305.34707084,303.29113181
5073,,,,,
5077,,,,,
5078,303.8881733682716,1.8937268658064508,299.05107799999996,307.57561988,303.66882302
5079,313.0501396738965,2.285240010465691,307.24407194,317.20418222,312.71973998
5080,,,,,
5081,,,,,
5084,286.32006617329637,1.5459942765173025,283.31793194,288.88930454,286.44883826
5087,,,,,
5088,299.7778776025329,0.2043610120152472,299.43047822,300.09015608,299.68341169999997
5089,,,,,
5091,,,,,
5092,304.7589738407945,1.2709956692171158,302.6570891,307.65936137,304.78936390999996
5093,,,,,
5095,,,,,
5096,301.5743116166379,1.1422084287710876,298.62724352,303.4090535,301.75814984
5097,,,,,
5098,,,,,
5100,301.346977357772,0.3012054356429725,300.31232738,301.74618677,301.39583971999997
5102,,,,,
5104,,,,,
5107,,,,,
5109,304.23265391586386,0.5049382277005482,303.43297964,306.38273089999996,304.11402267576125
5110,,,,,
5112,,,,,
5115,293.3761591666086,2.6230151286709056,288.11683202,298.12137656,293.7291619286207
5116,,,,,
5117,305.8135335424756,1.1027388036416554,303.66540499999996,307.60638206,306.07169108
5118,304.45651316947055,0.332784402369015,303.69274916,304.95399854,304.49256584
5122,,,,,
5124,,,,,
5128,,,,,
5129,,,,,
5131,,,,,
5135,,,,,
5136,,,,,
5137,,,,,
5140,300.3241682824673,0.7807284910220086,297.40359236,301.28304506,300.40233524
5141,,,,,
5145,,,,,
5146,,,,,
5147,,,,,
5148,,,,,
5149,,,,,
5151,,,,,
5152,,,,,
5154,,,,,
5155,,,,,
5156,306.8431953284348,1.020184572760947,304.55750822,308.42670685999997,307.11418718
5159,311.37395671830194,2.2522355975354302,308.40278072,316.30866098,310.44333866
5160,,,,,
5161,,,,,
5163,303.2019847288987,0.4477606199934041,302.80748198000003,303.70300322,302.80748198000003
5164,309.482741749716,0.6043197823908034,308.43012488,310.74412442,309.5102192
5165,,,,,
5166,,,,,
5167,,,,,
5169,303.98768832750324,0.6333369603113316,302.63316296,305.45302946,303.97644482
5171,305.326865491247,2.007603312747906,300.78059612,308.47114111999997,305.36074292
5173,,,,,
5176,303.0956851714127,0.3773098910288785,302.09653382,303.86023214,303.09801368
5178,307.0223491115727,0.4782861995597519,305.9042081,308.9804261,307.021046135
5179,302.68591990899677,0.5529027145259787,301.12581614,303.7166753,302.6470565009535
5180,,,,,
5184,303.8682758489617,1.0323015585947055,301.56674072,306.60490219999997,304.11145661
5185,,,,,
5187,285.26154276919993,0.6097845708641739,284.01862603999996,286.65733748,285.398179096514
5190,,,,,
5193,,,,,
5194,309.25256518004994,0.8128124302193329,308.40278072,312.34375778000003,309.07271263999996
5195,,,,,
5196,,,,,
5198,,,,,
5200,,,,,
5201,,,,,
5202,,,,,
5203,,,,,
5207,,,,,
5208,,,,,
5209,300.034993426893,0.6783648091684017,299.25957722,302.16489422,299.84405863999996
5210,308.2799310851239,1.0069803899972594,306.66642656,310.31687192,307.9596002468
5212,,,,,
5215,,,,,
5219,305.9814766145993,1.3797895658017916,301.5462326,307.33294046000003,306.57926705
5222,315.3522289182972,7.01884693770531,306.36905881999996,327.88891274,315.39946766
5225,324.093838447684,9.549181509669827,307.9892003,338.14297274,324.64521176
5229,,,,,
5235,,,,,
5237,,,,,
5246,306.7995597223618,0.3811001766513706,306.07510909999996,307.67474246,306.84929063000004
5249,307.19178883848355,1.7029408663581285,305.08046528,312.6206174,306.64591844
5250,291.3693481862526,1.1092828280078533,289.81216994,293.81808938,291.14305534468895
5251,,,,,
5253,301.4560053911615,1.303237215349327,299.48858456,303.65515094,301.72738766
5254,,,,,
5255,,,,,
5256,,,,,
5259,305.07961868213647,0.6666394617002428,303.67907707999996,306.75187705999997,305.00868686
5260,,,,,
5262,,,,,
5264,302.6275976689539,0.2914930729735615,302.00424727999996,304.16443591999996,302.6604779891477
5268,,,,,
5270,302.8578407009693,0.7583626199542159,301.21468466,303.83288798,303.04332536
5271,307.86080337519013,1.4241954889250599,305.46670154000003,311.20897514,307.2997911789355
5275,,,,,
5276,,,,,
5277,306.6734497996106,1.2444839074749632,304.28406662,309.96823387999996,306.9767147735078
5280,,,,,
5285,,,,,
5287,,,,,
5288,,,,,
5290,,,,,
5291,305.58182342396594,0.7283839911375438,304.04480522,306.97746638,305.59316828
5292,304.09307681721407,0.20021225380741123,303.73376540000004,304.40027929999997,304.04138720000003
5293,,,,,
5294,,,,,
5295,,,,,
5296,305.44891956426994,0.17877819620763324,304.85145794,305.76406928,305.46670154000003
5300,305.63219247425764,0.3471456423493761,304.97792468,306.73136894000004,305.58291422
5301,,,,,
5304,,,,,
5306,,,,,
5308,297.73973344817244,0.1617425151810486,297.3078878,297.97781971999996,297.76248446
5309,,,,,
5311,,,,,
5315,,,,,
5318,,,,,
5321,,,,,
5322,,,,,
5323,304.6658504859329,0.16981679027292385,304.349009,305.01894092,304.6865107987247
5324,309.8442090115564,1.5311324568838005,307.04240876,313.75881805999995,309.20601541999997
5325,306.2777460562524,1.1980947933376018,305.02577696000003,307.97894624,305.98624057999996
5326,300.5747931661539,0.15799814506997112,300.20295074,300.82844839999996,300.60285908000003
5328,,,,,
5329,,,,,
5330,309.85657061923166,0.37456118403851335,308.68647638,311.06541830000003,309.8662477298091
5331,307.0031754166745,0.8246716316204915,305.47011956,309.30171998000003,306.97233934999997
5332,308.0663646876708,0.8863897172409588,307.11418718,311.90283320000003,307.6366283942423
5333,,,,,
5334,,,,,
5335,,,,,
5336,,,,,
5338,,,,,
5339,,,,,
5342,307.17270076114363,2.2771191112448728,304.87880210000003,312.50440472,306.98772044
5344,,,,,
5345,303.3910448592845,1.1273103394109665,301.13948822,305.82901166,303.387861776
5346,,,,,
5348,,,,,
5350,,,,,
5351,,,,,
5352,308.5077538556017,3.1604491911148678,303.27916874000005,316.1753582,308.06610575
5356,,,,,
5358,303.49981861576384,0.2628143982898412,302.79722791999995,304.06531334,303.53552024
5359,,,,,
5361,304.5216493225173,0.28967800240886965,303.86365016,304.98476072,304.55067218
5363,,,,,
5364,,,,,
5365,301.5351083560092,0.1558440546217286,301.31038922,301.76156786,301.55990468
5366,,,,,
5371,296.5775223166917,0.2935221565032605,296.05689248,296.93532361999996,296.60377568
5372,,,,,
5373,,,,,
5377,,,,,
5378,299.59326997895863,0.10855928716396239,299.33135563999997,299.8201325,299.58087109999997
5379,,,,,
5380,302.45533650991035,1.9710818263520233,299.15361859999996,306.05118296,302.70494138000004
5382,,,,,
5384,,,,,
5385,301.48983719492213,0.5810888713982001,300.52424462,303.21764438,301.5462326
5386,303.5786058934694,0.14516277009476014,303.4774139,303.88415828,303.4774139
5389,,,,,
5390,305.6105851655045,0.9784607816346561,303.46374182,308.3480924,305.6353866202542
5391,,,,,
5392,301.3256081695308,0.864762600678625,299.82696854,303.60729865999997,301.20101258
5395,,,,,
5397,,,,,
5400,,,,,
5402,,,,,
5403,,,,,
5405,,,,,
5406,298.44557739846766,0.7511185879089253,297.72830425999996,300.81477631999996,298.1794829
5407,,,,,
5409,,,,,
5411,307.79223815388923,0.19853242186828168,307.45598917999996,308.37543656,307.7748863731989
5415,298.66759685895886,5.007176834893943,294.70506557,309.6127598,296.37989537
5417,290.83825150160004,0.22250992257730265,290.37956126,290.99480486,290.82732188
5419,306.7919354644767,0.9838461047767477,305.37099698,309.72555446,306.6086488367597
5424,302.34091364051244,0.2805799674585104,301.8196742,302.99889110000004,302.316043760916
5425,303.04908633319303,0.6605954136050619,302.0076653,304.37293514,302.8370351263298
5426,300.6118534649157,0.3206684334404032,299.89532894,301.24202882,300.65071136
5427,,,,,
5428,,,,,
5434,307.3364815158701,1.2269592259188773,305.17616984,310.38865034,307.42009997
5435,,,,,
5438,,,,,
5441,,,,,
5444,307.3710739951748,0.9281106639185289,306.17081366,309.89303744,307.2429326
5447,,,,,
5448,,,,,
5450,306.2868979470334,0.782333903296516,304.67372090000003,308.13617516,306.30924346999996
5451,,,,,
5455,,,,,
5457,307.49241074352716,1.4315415087404384,305.44619342,310.88084521999997,306.95012222
5461,308.2705227832037,0.750839436690429,307.18596560000003,310.65183788,308.26947794
5462,,,,,
5465,,,,,
5466,302.1996344532947,0.2578294304044765,301.78207598,302.72203148,302.1432617513158
5469,297.6194753097481,0.5578472803463155,296.34742417999996,298.90752116,297.61209157999997
5470,299.32891975617616,0.5269281545992707,298.74003818,300.46272025999997,299.17754474000003
5472,,,,,
5478,,,,,
5484,,,,,
5485,296.76419074830585,0.840739513270031,294.13254722,297.90604129999997,296.7780947
5487,,,,,
5488,299.6608009228037,0.6160160395361752,298.31620369999996,301.3924217,299.79620636
5490,301.5502318897363,1.3759365542210813,298.69560392,303.66540499999996,301.794893555
5491,306.01727251399655,0.43781680908495413,304.53016406,306.68693468000004,306.02212979
5494,300.831638979119,0.6413204686393161,299.44756831999996,301.8367643,300.99593138
5495,305.3463689073129,0.08702571580220948,305.19325993999996,305.60000432,305.34023479999996
5496,,,,,
5497,288.2729333109859,0.87077786929651,286.0455119,289.55581844,288.45863402
5501,,,,,
5503,,,,,
5507,,,,,
5509,304.1279687818495,1.0030213561316452,302.51011424,306.53312378,303.9901169
5512,,,,,
5515,,,,,
5516,,,,,
5519,,,,,
5520,297.65956571836443,3.5785328256340208,292.82686358,303.45690578,297.14724086
5521,,,,,
5523,,,,,
5526,,,,,
5527,303.463931585131,0.9561264927610359,301.19417654,305.3231447,303.3574835882289
5528,,,,,
5531,,,,,
5532,302.5990012444469,0.500001399829947,300.37043372,303.26891467999997,302.5363220425655
5534,307.6713981548779,0.9001658894093741,306.6390824,309.81442298,307.287822596
5535,309.05548309495674,1.4570166575753205,306.71769686,312.52833086,309.2538677
5536,,,,,
5537,,,,,
5538,306.52178605654285,0.7581782406229298,304.99159676,308.46088706,306.5653518252814
5539,304.21396196771843,0.6628239136220144,303.16295606,305.21718608000003,304.31824682
5541,,,,,
5543,296.9215109457291,3.6359461818715735,290.81706782000003,303.62438876,297.09659947568
5544,300.38086890278066,1.123351127574389,298.82207066,301.65560924,300.88655474
5545,,,,,
5546,,,,,
5547,,,,,
5549,305.21766438665225,0.5980670583675803,304.2635585,307.01506459999996,305.1311246295652
5551,307.1674198746545,1.0943184759446458,305.57607817999997,310.7748866,306.97746638
5552,,,,,
5554,,,,,
5556,303.3506934934676,0.7244859555417426,301.57015874,304.3660991,303.49108598
5557,306.01884813990665,1.2815699458495555,304.69422901999997,309.39742454,305.66152868
5558,299.48978336655574,0.13572885050802974,299.3416097,299.72100992000003,299.44073228
5559,,,,,
5560,,,,,
5561,291.82538372,0.0,291.82538372,291.82538372,291.82538372
5562,302.60917431164773,0.11837111929155923,302.47251602,303.12535784,302.59556474
5565,,,,,
5567,,,,,
5571,305.3850943472429,0.524866897082719,302.93053069999996,306.20499386,305.3853644780518
5573,,,,,
5575,,,,,
5576,,,,,
5577,,,,,
5579,,,,,
5580,,,,,
5582,,,,,
5585,278.50567573142854,0.14184782999975243,278.49852374,278.78221940000003,278.49852374
5587,,,,,
5588,,,,,
5592,,,,,
5596,,,,,
5597,,,,,
5599,,,,,
5602,,,,,
5603,311.553325323454,1.2899235691511652,309.43502276000004,314.32620938,311.32518782
5607,307.2624836501497,0.5855183432568272,306.29044436000004,308.42670685999997,307.14417788382593
5608,,,,,
5610,,,,,
5612,301.783335960619,0.4216785951410098,300.61653116,302.8792604,301.67611736000003
5613,310.70773079984485,2.10551281261825,306.75187705999997,314.84233040000004,310.3938673178947
5617,,,,,
5618,304.19782654950916,0.46921869736772426,303.77478164,305.96231444,304.06531334
5619,305.0650699436839,0.626990639292506,303.74060144,306.99455648,304.82069576000004
5621,310.8272168964867,3.0360197394433657,302.93736674,314.25443096000004,311.88618609031374
5624,,,,,
5627,,,,,
5628,,,,,
5629,,,,,
5630,298.7750877908683,0.7462820783222541,297.64627178,300.5379167,298.84257878
5631,303.45375788746696,0.4785903351084811,302.69810534,304.4515496,303.3919634
5633,316.89073643377463,2.8063461377158845,313.33498357999997,327.14036636000003,316.01129324
5635,,,,,
5639,,,,,
5648,,,,,
5649,,,,,
5652,,,,,
5653,,,,,
5654,,,,,
5656,296.63568083795053,1.8065674102476572,293.55831986,300.62336719999996,296.39527646
5658,,,,,
5672,304.73252654376273,1.5566549092778046,302.31186908,307.57561988,304.41331800888173
5673,,,,,
5675,,,,,
5676,,,,,
5677,308.0665494440214,0.24239272565826916,307.41497294,308.58735379999996,308.06439674
5679,,,,,
5680,301.6999288429374,0.5772720071788007,300.93782504,302.7938099,301.56332269999996
5681,295.460115127075,0.48115262085982463,294.31370228000003,296.11158079999996,295.51000927999996
5684,,,,,
5686,302.47905733303924,0.9094075755120209,300.62165819,304.5540902,302.44019708725455
5693,,,,,
5694,297.98687796247185,0.4147375373080841,296.99684798,298.34012984000003,298.15555675999997
5696,,,,,
5700,307.09423466341383,1.7675022023677962,304.04138720000003,309.75973466,307.39788283999997
5701,,,,,
5703,,,,,
5704,302.3156319002631,0.17527330464477867,302.20591046,302.59214671999996,302.23667264
5706,287.49786609824446,2.408485386634785,280.89113774,291.81171164,288.10145093
5709,,,,,
5710,306.6935326226316,0.34431254433004016,306.40665704,307.44231709999997,306.66642656
5711,,,,,
5713,,,,,
5715,,,,,
5716,,,,,
5717,310.95926466682266,1.7040457044907806,309.07271263999996,315.02690348,310.1995199
5720,308.0540501480258,0.5343180818594281,306.37931288,308.93599184,308.1947844862207
5721,303.4072667809495,0.332578779623593,302.6741792,304.07556739999995,303.43297964
5724,,,,,
5725,,,,,
5726,306.98507636182114,0.7349507471716131,305.79824948,309.38717048,306.92847476
5729,,,,,
5730,286.7817514564037,1.5601971200197366,283.18804718,289.10122178,287.09826206
5731,,,,,
5736,317.0299395241995,9.01177000989861,306.92619607999995,338.14980878,314.00491550000004
5737,310.34089596610175,1.6632539178444863,307.13811332,312.67530572,310.97313176
5746,,,,,
5749,,,,,
5751,305.25559025718525,0.652472867929866,304.14734582,306.78263924,305.50771778
5752,,,,,
5753,,,,,
5757,307.0499920308687,0.7066872909336865,303.90124837999997,308.47797716,307.08097235193287
5758,,,,,
5760,,,,,
5761,,,,,
5762,,,,,
5765,301.57617954600454,1.1839064706385385,295.70483642,303.22448041999996,301.731489284
5766,306.8430578391233,1.7198031478009055,303.16295606,309.22652354,307.6815785
5767,,,,,
5768,,,,,
5769,,,,,
5773,,,,,
5775,,,,,
5776,,,,,
5781,,,,,
5782,294.8560215133895,0.20416808943161624,294.44016902,295.17162529999996,294.81956923999996
5783,,,,,
5790,306.8064689260506,0.4264939025561427,305.41884926,307.37053868,306.83732756
5791,,,,,
5796,,,,,
5798,308.36093063148314,1.1640685513874478,307.31243234,312.70264987999997,307.95452293345454
5799,,,,,
5800,,,,,
5801,,,,,
5808,,,,,
5811,,,,,
5817,,,,,
5819,307.2500752151321,1.5504036764841502,305.02919498,310.7236163,306.78263924
5820,,,,,
5821,,,,,
5828,,,,,
5829,303.9974404679023,1.1444552492855464,301.5120524,305.96231444,303.63806084
5831,298.17331713759387,1.1542557084875493,296.35426022,302.23325462,297.7327727093161
5835,,,,,
5837,,,,,
5839,,,,,
5841,305.7294839385292,0.44199077779897106,303.8021258,306.48527149999995,305.8042228193437
5844,,,,,
5845,304.8485389324608,0.2604288010055024,304.32850088,305.2718744,304.89247418
5846,,,,,
5847,,,,,
5848,,,,,
5852,,,,,
5857,303.30726280286285,0.533435874700158,302.04526352,304.40027929999997,303.3831296434563
5862,,,,,
5863,,,,,
5864,302.2759026662628,0.3771524489422547,301.76156786,302.64341702,302.56480256
5866,,,,,
5870,306.0727040206827,0.9758617970850753,304.89931021999996,308.32416625999997,305.75723324
5871,312.3991927924738,2.6396607035607276,308.71040252,319.04307698,311.99511974
5872,,,,,
5875,,,,,
5876,305.8065111438047,0.21132461451224172,305.6991269,306.33487862,305.71621700000003
5880,305.21885447547464,0.8241421267716764,302.87242435999997,306.4340012,305.24111222
5881,,,,,
5885,,,,,
5886,300.8568329662128,0.9254071571165102,300.076484,303.8192159,300.69514562
5888,311.7644844438143,1.4096795718068862,308.30365814,315.33110725999995,311.79003853999995
5889,,,,,
5890,308.5403756207913,1.4195613906033984,306.90910598,311.62255556,308.06781476000003
5898,306.6718718349278,1.1315232695095436,305.81533958,310.2792737,306.17125749927715
5899,306.60239617177524,0.9538296547048103,303.9901169,307.94476604,306.77922121999995
5903,,,,,
5905,,,,,
5906,307.57228819198355,0.20714242992711235,307.18938362,308.04388861999996,307.57561988
5907,,,,,
5912,303.83055119113044,0.6791112280833462,302.67759722,305.1009734,303.85225676
5913,274.57840632970795,2.6679045637327463,267.77277698,282.4053206,274.3917396950341
5914,,,,,
5915,,,,,
5916,,,,,
5917,305.0405786819722,0.39960826946787503,304.36268108,306.06143701999997,305.13857162
5918,305.78046651576204,3.122202766543773,302.4178277,310.3134539,303.26549666
5923,,,,,
5925,305.49399546478844,2.5753598586134063,298.44950647999997,310.1767331,305.65811066000003
5927,,,,,
5929,,,,,
5931,306.60190029514337,0.5944632010759072,305.53506194,307.98578227999997,306.6219923
5932,,,,,
5937,,,,,
5938,303.9825085189423,0.08374148988616684,303.9559367,304.12341968,303.9559367
5939,303.06373699239947,0.5479589771861039,302.18882036,304.7420813,303.1648026597881
5943,309.5432496238471,0.6518283336401398,308.93599184,311.21239316000003,309.25728572
5946,,,,,
5950,,,,,
5953,,,,,
5955,,,,,
5957,308.60500528136305,0.60274025715186,307.03557272,309.45553087999997,308.71125702499995
5958,,,,,
5961,306.4839568604918,0.43995871190832564,305.88028196,308.03705258,306.36905881999996
5965,,,,,
5966,,,,,
5967,,,,,
5969,,,,,
5970,307.2315682996868,0.6743295618166266,306.28360832,309.29830196,306.98999912
5972,,,,,
5975,,,,,
5976,,,,,
5992,,,,,
5994,304.10601566055215,0.5652959642803238,302.69468731999996,305.15566172,304.09949354
5997,,,,,
5998,,,,,
6001,302.52621308179573,0.12247841328553963,302.27768888,302.7596297,302.5545485
6002,,,,,
6003,296.44714810277213,1.451975895140035,293.66769650000003,298.90068512,296.08765466
6006,300.6486976295363,1.0123464060108376,299.31768356,302.62974494,300.4467695
6007,307.560993132153,0.7860223086419985,305.3915051,309.15474512000003,307.69525058
6010,,,,,
6012,311.3320243885938,1.2510527547286254,309.31197404,313.88870282,311.2699532925206
6016,,,,,
6017,306.34923430399994,0.011963071262202517,306.32804258,306.35196872,306.35196872
6019,,,,,
6020,,,,,
6025,,,,,
6026,305.00045537804255,0.55179313221046,303.55944638,306.00333068,305.05653914
6032,,,,,
6033,304.0003518649162,0.2084992199692426,303.94910066,304.3660991,303.94910066
6034,293.58837060756986,0.9485627822675021,291.17595991999997,295.5646976,293.86252363999995
6037,300.95627701654394,1.1836840226221195,299.45098634,304.56776228,300.76236668
6041,301.1508057923402,1.2768270583951216,298.5041948,302.85875228,301.67440835
6046,307.3405416773096,0.662714160541703,305.25820232,308.11224902000004,307.4708006
6047,,,,,
6051,,,,,
6053,302.1639089855264,1.5107796807969376,299.40655208,304.93349042,302.127296
6054,,,,,
6055,,,,,
6056,,,,,
6057,,,,,
6062,302.16436837898885,0.4332193853201608,300.93782504,303.09801368,302.1926648654398
6069,306.3552086613396,0.2588417377977547,305.87344592,306.92277806,306.3690655088845
6070,,,,,
6073,,,,,
6074,,,,,
6077,,,,,
6080,302.4081865760759,0.5830193260667811,302.09653382,303.47399587999996,302.09653382
6082,,,,,
6085,300.03139298362333,0.4763685469929727,299.22710603,300.71565374,300.12946331
6087,,,,,
6089,,,,,
6091,,,,,
6092,,,,,
6094,300.31064335958564,0.37466730016729693,299.55352694,300.6746375,300.51740858
6095,,,,,
6096,,,,,
6097,,,,,
6105,306.41812890789436,3.102595603628735,303.25866062,314.62699513999996,305.6307665
6106,,,,,
6109,307.4295024889716,0.6537927305021375,306.058019,309.24361364000004,307.28508818
6112,309.5439154325666,0.9266632454222526,306.8783438,310.81248482,309.73922654
6113,304.77083006524657,0.8280577010645597,302.69468731999996,305.8358477,304.9300724
6115,,,,,
6118,,,,,
6119,,,,,
6122,311.53936349013696,0.4763741353061709,310.70994422,312.86671484,311.56786724
6123,,,,,
6125,,,,,
6126,,,,,
6127,296.2165968682851,1.8239061565695946,292.55342198,299.3757899,296.23462952
6128,,,,,
6129,,,,,
6132,,,,,
6139,,,,,
6140,286.0544575312073,0.7623180710094133,284.76033638,287.06066383999996,286.37705984
6144,,,,,
6146,,,,,
6147,,,,,
6149,294.0497020167481,1.262923024577958,292.69014278,298.25809735999997,293.74289294
6152,,,,,
6153,,,,,
6157,282.018757189718,1.961284393839471,278.17381184,287.19396661999997,281.83109324
6159,,,,,
6163,,,,,
6166,,,,,
6169,,,,,
6172,,,,,
6173,,,,,
6174,299.3168840851113,3.9927867896936435,293.12423132000004,306.14005148,298.97929958
6175,303.1000710665567,1.2668307213609948,301.43001992,306.32120654,302.91002258000003
6181,306.59757439161115,2.591751559615044,304.44813158,314.10745610000004,305.4166971733334
6183,,,,,
6184,,,,,
6190,,,,,
6191,306.5204525029279,0.8496991651352853,304.02087908,307.32952244,306.8270735
6192,,,,,
6194,,,,,
6197,,,,,
6198,302.2305705724328,0.6917085178347443,301.21810268,304.24305038,302.0055801442583
6200,288.8325026920367,1.0839615134555909,287.81946428000003,290.9674607,288.70473146
6201,,,,,
6202,,,,,
6203,298.5421946136086,0.3961475317738339,298.08719636,299.80646042,298.44267044000003
6207,,,,,
6208,294.63470170636396,1.3031735489337801,291.2067221,296.7610046,294.62816011999996
6209,,,,,
6211,,,,,
6213,,,,,
6214,316.18170040462235,2.5797938360018637,310.35447014,319.32677264,316.83845408
6215,,,,,
6218,,,,,
6219,,,,,
6223,,,,,
6225,,,,,
6226,,,,,
6228,,,,,
6232,,,,,
6234,302.60783723109546,1.1248700891373198,300.35505263,303.9559367,303.11515825043824
6238,,,,,
6240,,,,,
6241,318.0114843712894,2.4937375427764197,313.3384016,323.07292256,318.02139972909094
6245,,,,,
6248,301.8096734701559,0.7581605657846404,300.1961147,302.79722791999995,302.039281985
6249,302.91836148880793,0.3146138016565851,301.97006708000004,303.39538142000004,302.98009199
6250,,,,,
6255,,,,,
6257,311.51394540903624,0.9052140076642538,309.36666235999996,315.30034508,311.4501407377157
6258,,,,,
6261,,,,,
6264,293.34976070194006,3.8061570033512386,281.32522628000004,297.81375476,294.34788247999995
6265,,,,,
6266,,,,,
6269,,,,,
6270,301.8317572231547,1.30838446642173,299.68341169999997,303.77819966,301.82992826
6271,,,,,
6272,304.02554916292723,0.36166864003715665,303.12877586,304.2464684,304.13025572000004
6274,,,,,
6277,,,,,
6278,294.5648964493552,0.3857675926331841,293.72238482,295.81079504,294.5249366310669
6279,,,,,
6286,316.71471235259276,1.806458275015665,312.49415066,320.96058619999997,316.5000701
6287,300.7606808751704,0.20424549892704083,300.17560658,301.14632426000003,300.79768622
6291,,,,,
6292,,,,,
6299,309.03688557484656,0.5965182566999024,308.07123278,310.25534756,308.91548372
6302,,,,,
6303,313.294300626771,4.933023995479087,304.93349042,327.14036636000003,312.52491284
6307,308.84541409632044,1.2558172325144472,307.01848262,312.10107836,308.542065035
6308,,,,,
6310,289.80479115323675,1.1261166594367482,286.46934638,291.99970274,290.039081390102
6311,,,,,
6313,,,,,
6314,,,,,
6315,,,,,
6317,,,,,
6321,304.3442608298465,1.22351477160634,302.35288532,307.62347216,304.2464684
6324,299.07013132087025,1.8668040758795927,292.34492276000003,301.13948822,299.66973962
6326,,,,,
6328,,,,,
6329,,,,,
6331,305.8389015543782,0.8039903255100523,301.90854272,306.68693468000004,306.17935871
6336,,,,,
6337,299.1345412669304,0.6388685258959018,298.08719636,300.15168044,299.14336454
6341,322.5339204701098,8.049765846536332,309.95456179999996,338.67276584,321.7182473
6345,,,,,
6346,306.1205942512368,0.47429995412745457,305.46328352,307.77386504000003,306.058019
6347,,,,,
6350,298.48908692931985,0.6192514943127184,297.34890404,299.71417388,298.4301377
6355,,,,,
6356,,,,,
6357,302.41181815141823,1.6619290361443977,297.32155988,304.3660991,302.7938099
6358,,,,,
6361,,,,,
6362,,,,,
6364,,,,,
6365,,,,,
6370,303.3995983602518,1.786432071267745,302.10678787999996,308.56684568000003,302.63996287825626
6371,303.1671725010989,0.7678460850350454,301.56332269999996,304.67372090000003,303.05528843
6372,291.40479935005635,2.078367249456211,287.51867852,294.60765200000003,291.75702332000003
6373,314.0103345235399,0.7893243719288006,312.17285677999996,315.82672016000004,314.11771016
6377,309.8832884735592,2.426707213870588,306.5878121,315.29692706000003,309.26753978
6378,298.4686739541817,0.7912610241158258,297.37624819999996,300.38752381999996,298.37431003999995
6380,307.5756505852628,0.548831595658491,306.8270735,308.74800074,307.36712065999996
6382,304.894517061808,2.518234774791769,300.67805552,311.0483282,304.58143436
6383,,,,,
6384,312.59252941608423,1.9649059401866416,308.71382054000003,318.30478466,312.46149272387413
6386,,,,,
6387,,,,,
6388,304.6330755833972,0.28220985611025046,303.8533961,305.02919498,304.64979475999996
6389,,,,,
6390,304.5465663244813,0.6996501818407413,303.494504,306.21866594,304.50794693
6393,302.62943162950626,0.3942119329300415,301.24886486,303.34411112,302.7258111638682
6395,293.5371679873542,0.13034447976967609,293.39083688,293.66427848,293.64035234
6396,,,,,
6399,306.5975582378215,0.9555438219410501,304.48231178000003,309.25044968,306.7074427999999
6404,304.4593114063958,0.4981411760322338,302.76304772000003,305.13857162,304.5521906383624
6405,,,,,
6406,,,,,
6407,,,,,
6408,,,,,
6409,,,,,
6410,300.373858966258,1.0528801344070775,299.12627444,302.11362392,299.92950914
6415,,,,,
6418,,,,,
6421,308.9118970290502,1.2335554156140531,307.41839096,312.48731462,308.48442505867894
6422,,,,,
6423,,,,,
6424,,,,,
6426,,,,,
6427,,,,,
6428,306.5993533345421,1.0709620332231946,303.55602836,309.9374717,306.5710287453846
6429,,,,,
6430,,,,,
6434,,,,,
6435,313.56399092000004,0.500170908805979,312.8427887,314.04251372,313.68533063
6438,,,,,
6441,305.5718855814682,0.21114956189583825,305.16591578,306.05118296,305.62734848
6442,308.60841180311445,0.35692153177800756,308.05072466,309.68453822000004,308.58735379999996
6445,,,,,
6447,,,,,
6454,,,,,
6455,,,,,
6456,,,,,
6461,,,,,
6462,,,,,
6463,296.0535595682528,2.9076650818652645,290.73161732,301.272791,296.86012718
6464,312.43858208021106,0.7465252621473628,311.08934444,314.58256087999996,312.24121718000004
6466,,,,,
6467,305.9341742146416,1.7519223963670525,303.25866062,308.81636114,306.31778852
6468,,,,,
6470,303.50843260434397,1.6277166237929162,300.0081236,306.29044436000004,303.71325728
6471,301.9748345153914,0.7199109843611873,301.31380723999996,304.67372090000003,301.66586329999996
6473,,,,,
6476,,,,,
6478,,,,,
6480,,,,,
6485,,,,,
6487,,,,,
6488,,,,,
6490,304.910541952464,2.609312000864967,297.8718611,307.91742188,305.67520076
6494,,,,,
6499,,,,,
6500,,,,,
6501,,,,,
6502,298.1559104110216,0.9212378322389929,296.61061172,299.98077944,298.1321673338843
6505,300.7879393225685,0.9782039993850861,298.89043105999997,302.14780412,300.98909534
6506,,,,,
6509,,,,,
6510,,,,,
6512,,,,,
6514,294.4082603950911,1.8224743570760606,291.6339746,297.6667799,294.21799771999997
6516,,,,,
6517,,,,,
6518,304.9043863637119,0.8425957388977278,303.36120122,306.83049152,305.05995715999995
6520,307.07550138872097,0.8417007612704436,306.01016672000003,308.9804261,306.90568796
6521,,,,,
6526,,,,,
6530,305.9100276479684,0.3112420337819902,305.26503836,306.4340012,305.94180631999996
6531,,,,,
6536,,,,,
6538,304.16050029826926,1.7225454311336859,302.08627976,308.47114111999997,303.72692936
6540,,,,,
6543,294.0330871001145,1.5920505344656264,291.3263528,297.16091294,293.79387110153846
6544,304.95034665837665,0.703020667537373,304.4344595,308.68305836,304.73625045796496
6546,302.0249901475635,0.16146599099642864,301.78207598,302.38706551999996,302.01791935999995
6547,,,,,
6548,306.1190317970179,1.0611305762726075,304.41053336,308.54975558,306.0751091
6549,306.63614714515194,1.0678291582337769,302.55796652000004,309.99557804,306.60737215605843
6550,,,,,
6555,,,,,
6557,308.9075405152499,1.977216349884357,305.08730132,311.99511974,309.10347482
6559,,,,,
6563,,,,,
6564,,,,,
6566,306.85273771952143,2.0977377106283672,303.8021258,311.03465612,306.66642656
6567,306.4364755469349,0.7208234624897321,304.07214938,307.22698184,306.68351666
6568,,,,,
6569,306.48140810649227,0.6587432872097742,304.76942546,307.41497294,306.60832022
6570,305.78902506666657,1.729980657169979,302.06235361999995,308.73432865999996,305.6307665
6571,287.71578434,1.1719105003154338,285.50204672,289.26186872,287.98352924
6573,,,,,
6574,,,,,
6575,,,,,
6577,299.5902468091465,1.1600250786085733,297.43777256,301.7513138,299.07441444964854
6581,305.3195347885322,2.227869011416307,300.79255918999996,306.9467042,306.1444606566093
6583,304.1352233062175,0.1532651954586313,303.57653647999996,304.50965594,304.15418186
6586,,,,,
6588,,,,,
6589,305.2128178894698,0.7503889858797869,304.07214938,307.51751354,304.9899397350951
6591,,,,,
6593,305.08774974650584,0.9727596171920433,302.66734316,307.64739829999996,304.8907329245283
6594,,,,,
6597,,,,,
6598,309.94147695786023,1.2676132489994905,307.73626681999997,313.08888614,310.078977728
6601,,,,,
6607,288.18912537168205,5.046594799592462,276.61861274,295.5817877,289.68228518
6608,,,,,
6610,308.4131817916128,0.5837002390942361,307.596128,309.00777026000003,308.49848527999995
6612,304.36475724689194,0.7514760822797735,302.39048354,305.39834113999996,304.4686397
6614,,,,,
6616,,,,,
6617,,,,,
6619,299.4052705523292,0.48019326874280904,298.4700146,300.55842482,299.37237188
6627,,,,,
6631,,,,,
6634,,,,,
6635,,,,,
6636,302.6770477407,0.8125003929571863,301.2044306,305.57607817999997,302.48790492389287
6638,306.18250265765806,0.7467838902724013,304.07898542,307.54485769999997,306.19815782
6639,306.7828641407086,0.5587575595025954,306.11954335999997,309.96823387999996,306.67440194
6640,303.71530847732197,1.2912532783902841,302.22641858,305.97940454,303.17747342070663
6644,,,,,
6645,303.84137191689535,0.5179532394843744,303.11510378,304.92665438,303.92859253999995
6648,,,,,
6652,300.96306433877396,0.5967808869481704,299.64239546,301.86410846,300.98859607865165
6653,,,,,
6654,301.33988466654796,1.0181102464474372,299.52618278,303.48766796,301.38216764000003
6655,308.9538453396875,3.5356454729816664,302.06577164,314.10062006,308.79585302
6656,,,,,
6657,308.365567865,1.3847163115347576,307.28850620000003,311.24657335999996,308.17035536000003
6658,302.80485451370436,0.806290897037206,301.17366842,304.35242702,302.8109
6661,,,,,
6662,,,,,
6663,,,,,
6664,,,,,
6666,,,,,
6667,,,,,
6670,,,,,
6671,,,,,
6672,,,,,
6677,,,,,
6678,,,,,
6685,,,,,
6686,,,,,
6688,310.45788142708994,0.8343465452387601,307.596128,312.7060679,310.233126399316
6689,,,,,
6690,305.45209170938386,0.6106051586477179,303.82263392,306.25968218,305.6307665
6692,,,,,
6694,,,,,
6695,,,,,
6698,,,,,
6701,,,,,
6706,,,,,
6711,,,,,
6712,,,,,
6716,303.2823728620883,1.3718200880299707,300.44904818,306.16739564,303.5801304881577
6717,,,,,
6729,,,,,
6730,274.95779003814346,2.3954915222846402,269.77915472,279.69824875999996,275.0964207644953
6732,,,,,
6733,304.51981378975523,0.5669570396037804,303.35436518,305.49062768,304.58485238000003
6734,301.01467611774325,0.3829034180585188,300.36017966,301.72055162000004,301.00276742
6739,303.11983208094875,1.7937788588729406,297.98465576,305.40175916,303.42443459000003
6741,,,,,
6743,,,,,
6744,,,,,
6745,305.63431679949866,1.0419898321899135,303.0501614,307.82513534,305.46670154000003
6748,,,,,
6749,284.85727131903474,3.8301962006923436,277.36715912,291.94501442,284.9175653
6751,,,,,
6752,,,,,
6753,,,,,
6758,310.40574044,0.0,310.40574044,310.40574044,310.40574044
6759,298.57298841428724,1.8588267710733748,294.6931025,302.87584238,298.1681993159036
6760,,,,,
6762,,,,,
6763,,,,,
6765,,,,,
6771,,,,,
6772,,,,,
6773,287.4634655345456,2.5777552253812397,283.59137354,296.27222774,286.78209520999997
6774,308.28558058273575,1.2736825710425905,305.4940457,309.92379961999995,308.64204212
6775,,,,,
6776,303.7166753,0.0,303.7166753,303.7166753,303.7166753
6777,,,,,
6778,,,,,
6781,299.84921218783046,0.5351872150789438,298.6750958,301.54965061999997,299.99274250999997
6782,304.94191911287663,1.712962701047352,299.4612404,306.97063033999996,305.79141344
6790,,,,,
6793,,,,,
6794,,,,,
6796,,,,,
6797,295.2532022723246,1.2254523430422979,292.215038,296.86696322,295.3596164
6800,,,,,
6804,298.2632288772731,2.1859031570241614,293.59250006,302.25547174999997,299.08013116999996
6808,301.70499308283445,1.46711659775041,299.91583706,305.36757896,301.02669356
6812,308.7982959564205,0.9992376229370534,307.5277676,313.75540004,308.79015632
6815,301.56776097492804,0.16466223574979832,301.02327554,302.02817342000003,301.5682232956625
6816,,,,,
6818,,,,,
6819,,,,,
6821,309.9034113968868,2.5457949040540826,306.35880476,316.3633493,309.04422914
6823,300.07834346166226,1.2108980995471,298.34696587999997,302.06918966,300.40001956844156
6824,301.75120413433876,2.612789471207779,296.89088935999996,306.07169108,302.3005354094888
6830,308.4659744604714,2.839241394992418,304.861712,314.603069,307.46282522
6831,,,,,
6832,,,,,
6836,311.0917536871683,0.9555329799472838,309.07613066,313.235861,310.95262363999996
6837,,,,,
6839,,,,,
6842,,,,,
6843,,,,,
6845,,,,,
6846,,,,,
6847,,,,,
6848,310.03493414163313,0.9468707065098355,308.61469796,312.97609148000004,310.00925012
6852,,,,,
6853,,,,,
6856,,,,,
6857,311.84451921457133,1.7617176909388241,308.60786192,315.13628012000004,311.66869883
6858,,,,,
6860,,,,,
6861,,,,,
6863,,,,,
6864,,,,,
6867,,,,,
6870,,,,,
6871,306.8878418002764,0.2552304384260332,306.52970575999996,307.39446482,306.81340142
6875,,,,,
6877,298.26814351039667,2.20318657862437,294.41282486,302.08627976,298.73836281192916
6880,,,,,
6881,,,,,
6883,297.92908447472564,1.7379993875851292,293.92746602,301.29671714,297.854771
6884,,,,,
16250,307.9901391254324,0.9756985801910424,306.23233802,310.1425529,308.08490486
16251,,,,,
16252,,,,,
16253,,,,,
16255,,,,,
16256,,,,,
16260,287.7919561134715,1.1402942467460677,285.58066118,289.58316260000004,288.23475370999995
16261,,,,,
16264,,,,,
16270,,,,,
16271,295.6089190154805,1.7141537491588268,294.08640395000003,300.45930224,294.85887647
16272,305.017871088451,0.5495064812199927,303.82605193999996,306.52286972,305.0984670903556
16276,305.6750574333381,1.0437717790307603,302.97496495999997,307.08000698,305.92676703199993
16279,304.7777548217956,0.43839525187618034,303.79528976,305.2206041,304.92665438
16281,,,,,
16283,302.40343367573394,1.6697698747395544,300.03546775999996,306.95695825999996,301.92905084
16288,,,,,
16289,299.6700912831127,1.2184253740776,297.42068245999997,302.47593403999997,300.00470558
16290,296.13419985757685,2.621878704743557,290.46501176000004,299.96368934,296.76897998
16291,,,,,
16292,308.97102630301436,0.5110157511571233,308.11908506,310.06052042,308.85395936
16297,,,,,
16300,306.5155632131827,0.8983899897369733,305.21035004,307.9892003,306.56901299
16303,311.77258104425954,1.0331871819854574,309.48629306,313.88870282,311.89371847999996
16306,,,,,
16307,,,,,
16308,,,,,
16309,,,,,
16310,,,,,
16311,304.34679896180626,0.4459664838172847,303.5457743,305.54189798,304.24988642
16314,302.3047817426444,2.2484658990568187,298.62040748,305.45644748,302.90660456
16317,303.6819598137518,1.0969496931444829,302.29819699999996,306.11270732,303.64489688000003
16318,,,,,
16319,,,,,
16320,,,,,
16322,,,,,
16324,,,,,
16328,,,,,
16329,,,,,
16330,308.85073974777526,0.9326610151540705,306.10587128,310.6381658,308.7919661565486
16333,304.1918333017647,0.6564606179484288,303.77478164,305.63760254,304.2122882
16334,303.81867279307374,0.7752605623880572,302.10678787999996,305.41201322,303.72579002
16341,,,,,
16342,311.5745637232183,1.796675817274372,309.70504633999997,317.75448344,310.85350106000004
16344,,,,,
16345,,,,,
16346,299.88202022427555,0.7888904152994421,299.09209424,302.24350868,299.72442794
16348,,,,,
16352,,,,,
16353,305.47961044757466,1.427499841701437,302.67759722,307.60638206,305.82901166
16355,311.03296083419974,1.4860031199993216,308.26947794,312.86671484,311.5132872852312
16357,303.3784297365302,0.622597528705206,302.78355583999996,306.20841187999997,303.29967686
16360,310.7484933177443,0.2238803100048269,310.58689549999997,311.03465612,310.58689549999997
16362,,,,,
16365,,,,,
16368,307.868013223139,1.250192301272104,306.45109130000003,311.63280962,307.6417016
16369,309.0682497790813,2.4377801743275733,304.82069576000004,312.8086085,309.0487865
16371,,,,,
16376,,,,,
16377,,,,,
16378,,,,,
16381,,,,,
16382,,,,,
16383,304.6386672393652,1.1069192766611107,301.33431536,306.06827306,304.74549932
16384,,,,,
16386,,,,,
16388,,,,,
16391,276.1888196242878,0.6245215070546208,274.91302076,276.77584165999997,276.07856558000003
16392,295.7259889410569,2.8006533938582803,288.78334592,300.44221214000004,295.89852422
16393,,,,,
16394,,,,,
16395,,,,,
16400,302.245373025379,0.292344353856942,301.80942014,302.96812892,302.191469585228
16401,,,,,
16402,,,,,
16404,,,,,
16406,,,,,
16408,,,,,
16412,,,,,
16415,311.08882809535515,0.8545003092773916,308.2968221,312.63087146,311.2704995
16418,,,,,
16419,,,,,
16421,308.1780389869045,0.3875566832842284,307.02190064,308.8095251,308.20111754
16422,,,,,
16426,,,,,
16427,303.84448834816857,0.5124419101522096,302.7425396,304.8275318,303.8053847147351
16428,304.617467127695,1.337697410856495,302.55113048,309.31197404,304.54383614
16429,,,,,
16430,308.73789709525937,0.7394797065204475,306.87492578,310.4501747,308.73432865999996
16432,,,,,
16435,305.78876542644565,0.4812529976483895,305.00185081999996,307.09367906,305.68047250455646
16436,,,,,
16437,303.58515909070434,1.40848462399456,302.03159144,306.58097606,302.95445684000003
16440,,,,,
16441,302.49152669313435,0.2754887543585564,302.29136096,303.10484972,302.37681146
16442,307.05250012331686,0.8390513533767088,305.74356116,309.61959584,306.90340928
16444,,,,,
16446,,,,,
16450,,,,,
16451,310.38637166,1.2581409251671811,308.30024012,311.72167814,310.49802697999996
16452,309.2167071151392,1.0055751232826329,307.22356382,313.21193486,309.21285146
16457,296.57634047693057,2.518538356907311,292.96358438,301.86752648000004,296.27564576
16458,,,,,
16460,,,,,
16461,,,,,
16465,,,,,
16466,,,,,
16468,289.2604412060704,2.6550909050300757,285.74814416000004,295.65356612,288.740051
16469,,,,,
16483,,,,,
16488,,,,,
16491,,,,,
16494,312.12842914572644,5.05032258905595,302.04526352,320.57434994,312.78126434
16500,,,,,
16501,,,,,
16502,,,,,
16503,304.35272753964233,0.8104056330340624,302.15805818,306.01016672000003,304.48914781999997
16505,305.97600647285446,0.7310231606071745,304.28748464,307.46966126,306.058019
16506,,,,,
16508,,,,,
16510,306.7701873239692,0.8813912483841102,305.77432334,309.83151308000004,306.54435441714287
16512,305.6617341541573,0.20999242384346306,305.23769419999996,306.1263794,305.62734848
16513,304.4019728067077,0.55427840120611,303.36461924,305.48037362,304.22766929
16515,,,,,
16516,303.90355408197496,0.7193849464267926,302.99205506,304.90956428,304.27723058000004
16518,,,,,
16520,,,,,
16523,298.4837434683291,0.33867876394754054,297.96756566,299.11602038,298.52812094
16527,307.31572723445527,0.4702520937387925,306.39298496000004,308.25580586,307.38762878
16528,,,,,
16529,,,,,
16531,,,,,
16535,311.154698688613,0.7317051861674223,310.01266813999996,312.42579026,310.79881274
16537,313.70667107081266,1.3730051066722153,311.82421874,317.74422938,313.66653152
16538,,,,,
16539,299.37066287,0.6750589500064177,298.69560392,300.04572182,299.37066287
16544,305.92865153790973,1.369014525945822,300.62678522,306.9637943,306.058019
16545,306.6690028591437,0.33816075211176516,305.95206038000003,308.03021653999997,306.70573378999995
16549,294.701189568098,0.45754035504672896,293.88644978,295.74585265999997,294.58030784
16550,304.1818169153192,0.7536734100084787,303.83972402,305.34707084,303.83972402
16553,,,,,
16559,306.43917425745224,0.49551986462405034,305.13515359999997,307.32952244,306.50748863
16560,,,,,
16568,304.1127390540333,1.6779216015274654,298.67851382000003,306.9637943,304.56092623999996
16572,,,,,
16573,,,,,
16579,310.3763815460914,0.9483046428365999,308.63178805999996,312.97267346,310.17331507999995
16581,,,,,
16585,,,,,
16586,307.49225816999996,0.8976347368040444,305.96231444,310.34421608,307.41377156839417
16588,,,,,
16589,290.9704517786816,0.5892770813921292,289.98648896,292.044137,290.92986248
16591,298.7519847820235,0.09278460680081811,298.63066154,298.97588156,298.74687422
16594,305.2771350398833,0.41561188705209023,303.93884660000003,306.1092893,305.29238252
16596,,,,,
16597,,,,,
16599,,,,,
16600,304.68513014159413,1.2524973536204653,302.93053069999996,306.59123012,304.96083458
16601,,,,,
16602,,,,,
16603,,,,,
16605,,,,,
16611,,,,,
16612,,,,,
16614,306.22601162363804,0.6090424564987291,305.09413736,307.40471888,306.24771911000005
16617,,,,,
16618,,,,,
16626,,,,,
16630,,,,,
16631,,,,,
16633,,,,,
16634,,,,,
16635,,,,,
16636,300.88131382863156,0.42825747352587734,300.12091826,301.48470824000003,300.94466108
16638,,,,,
16640,300.9589151137977,0.1567336409803029,300.65071136,301.35824149999996,300.9651692
16641,,,,,
16642,,,,,
16643,304.65939750348537,0.4036711797501467,304.27381256,306.33487862,304.5671536242039
16644,,,,,
16645,,,,,
16647,,,,,
16650,,,,,
16652,305.91787213961777,2.2518271523409177,301.70346152,308.77876291999996,306.8926293707692
16653,304.04211482265873,3.1569846513130164,299.24932316,306.94328618,306.35652608
16657,,,,,
16659,,,,,
16662,,,,,
16664,,,,,
16666,,,,,
16669,,,,,
16671,300.12741213592153,0.9432756685075602,299.57403506,302.41440968,299.8201325
16676,,,,,
16677,,,,,
16680,,,,,
16682,283.89418723854084,3.5070654274190107,274.66008727999997,288.4893962,284.6119048954431
16684,305.9738653245735,0.685004688008486,304.42420544000004,307.06975292,305.94864236
16687,,,,,
16688,,,,,
16689,,,,,
16690,303.9036479455425,0.8532935396003318,302.71177742,306.06827306,303.8533961
16695,,,,,
16696,298.49114610629755,0.4611249677097036,297.64968980000003,299.36211782,298.52470292
16697,,,,,
16699,,,,,
16700,,,,,
16702,294.1492271576,0.1289712750006819,293.95139215999995,294.33079238,294.06760484
16704,,,,,
16705,,,,,
16709,,,,,
16711,304.7629030485848,0.550871769071115,304.1610179,306.09903524000003,304.60194248
16712,,,,,
16713,307.347126909493,0.43822735652956296,306.7928933,309.79049684,307.3361012763191
16723,,,,,
16727,,,,,
16728,,,,,
16729,,,,,
16730,,,,,
16732,,,,,
16736,,,,,
16739,308.2660707509504,0.6076720606162915,307.01164658,309.32906414,307.99261832
16741,,,,,
16742,,,,,
16743,,,,,
16745,,,,,
16748,310.477598159945,1.4655918237202208,308.30365814,313.09230416,310.42055186000005
16749,304.24352356753127,0.8737677246227022,303.41588953999997,305.96915048,303.91833848
16750,292.53449823345755,2.155856515767111,287.50500644,295.38012452,293.04048983
16752,,,,,
16754,,,,,
16755,306.4638953657797,0.5693578207786126,305.77090532,308.19769952,306.2560881718423
16757,309.05214904517993,0.6212924618199315,307.80804523999996,310.4159945,309.04878649999995
16758,298.8590499747449,1.491610952556082,294.61107002,300.68489156,299.328792125
16759,304.0609650534429,0.2809993791743889,303.41588953999997,304.73182724000003,304.08012476
16761,302.809798555674,0.5000170362871855,301.90854272,303.78161767999995,302.72886752
16762,,,,,
16763,,,,,
16764,,,,,
16765,,,,,
16766,280.1684019762274,1.7802506730293495,275.08050374,282.97612993999996,280.34767256
16767,,,,,
16768,,,,,
16771,,,,,
16772,,,,,
16776,303.2528833721059,0.7366595968644568,302.02817342000003,305.25136627999996,303.24327953
16778,,,,,
16782,,,,,
16784,313.6619889058265,1.6196929529372803,310.07077447999995,316.83503606,313.79299826
16785,285.41704065126464,0.5875750164070306,284.78768054,286.74278798,285.22176908
16788,304.87824367968165,0.42936838611356426,303.9046664,305.66152868,304.95741655999996
16789,,,,,
16791,287.20934988021884,2.287740403610969,281.53030748000003,291.19646804,287.26453921331563
16797,,,,,
16798,301.6454114005986,1.2859982922132025,299.48858456,303.7850357,302.11476326
16799,306.1019899478261,0.2550607965390616,305.9554784,306.63566438,305.9554784
16802,,,,,
16804,,,,,
16805,307.3346468087843,0.7607748446353542,305.67520076,308.81294312,307.34319452
16807,,,,,
16810,311.6043564250053,0.9340751315395192,309.47945702,313.9536452,311.66812916
16814,,,,,
16815,,,,,
16817,,,,,
16818,,,,,
16819,,,,,
16821,305.5907251606156,0.8903017312792205,303.51501212,307.05608084,305.7244543182957
16823,293.1571743320053,1.0342977067492733,290.70085514,294.38889872,293.42501708
16824,299.2219488852864,0.47049086339748264,298.78447244,299.78253428,298.78447244
16825,,,,,
16828,308.1483355348771,0.6816334955048461,306.70744279999997,309.77682475999995,307.9595715104438
16830,305.57285933802524,0.6504491629112615,304.44129554,306.47501744,305.8529378
16832,,,,,
16833,,,,,
16835,,,,,
16840,,,,,
16841,,,,,
16846,308.90746551409836,0.7854127741869817,307.54485769999997,310.77146858000003,308.68647638
16847,305.2608603424654,0.9874525802136686,303.46374182,306.24259208,305.71963502
16849,306.8399908774308,1.2407023342428778,302.59214671999996,308.22162566,307.17912956
16850,308.6937621622869,0.4363446557345149,308.22504368,309.87594734,308.54975558
16853,,,,,
16854,,,,,
16856,,,,,
16857,,,,,
16858,279.6326041662078,3.4112267438513997,273.4671983,285.72421801999997,279.76319114
16860,,,,,
16862,,,,,
16871,,,,,
16872,,,,,
16876,305.8678600935759,1.1639692889067308,304.95741655999996,311.19872108,305.55672974535713
16877,298.2722569073663,0.59084015534823,297.33864998,299.22197900000003,297.91629536
16879,299.63934621481525,1.579173836265324,296.23462952,302.58531068,299.85317335999997
16880,303.2342726170977,0.9437245207124517,300.92073494,304.99159676,303.36461924
16882,,,,,
16883,,,,,
16885,308.94955154644595,0.6985676276219475,308.17719139999997,311.29442564,308.8655816645489
16888,307.6109939916912,1.5627426075710433,305.24111222,311.94384944,307.17666858559994
16890,,,,,
16891,,,,,
16894,,,,,
16895,312.19161750205456,1.3716898183811186,307.62689018000003,314.67142939999997,312.2959055
16896,,,,,
16897,297.11577806096636,0.3868472178051014,296.2653917,297.43435453999996,297.02419213999997
16899,,,,,
16900,,,,,
16901,302.8508504203564,0.13953402692221784,302.58531068,303.44665172,302.82115406
16904,,,,,
16914,306.18670934584,1.278768945147635,304.56776228,309.43502276000004,305.8233979582781
16915,314.50229260134034,1.3861901088889252,311.38329416,316.66755308,314.68195281483696
16916,308.7468747035642,2.2937536394524267,305.8529378,314.55863474,308.450633
16918,,,,,
16919,297.5110375695419,1.3943195133026396,293.47628738000003,300.12091826,297.75223040000003
16922,,,,,
16923,,,,,
16925,,,,,
16927,,,,,
16929,,,,,
16932,298.897799538115,0.9853729850109992,297.81033674,300.59602304,298.3378163115293
16934,,,,,
16935,,,,,
16936,308.97231900728787,0.9193039230681047,307.54827572,310.7236163,308.67964034
16937,308.1742857676352,0.3481058348116437,307.45257116,309.12056492,308.15326526
16939,302.70052890634315,0.1439896822338612,302.31870512,302.89976852,302.73912157999996
16940,,,,,
16943,301.0115044869866,1.5171483839919684,297.81717277999996,303.9559367,300.86376793999995
16945,306.9171473869924,0.7632443984854357,303.84997808,307.74993889999996,307.06975292
16946,,,,,
16948,,,,,
16949,,,,,
16950,309.17991770165315,0.3715960510353273,308.60786192,309.90670952,309.24361364000004
16956,305.3917623427233,0.17047258066117832,304.98476072,305.62734848,305.43593936
16959,293.827986213869,0.8597531666249931,292.79268337999997,298.2307532,293.83468231345455
16961,,,,,
16963,,,,,
16964,,,,,
16965,,,,,
16966,,,,,
16975,311.04760455732765,1.9790144247988997,306.81681944,313.90921094,311.06883632
16976,303.9581239419609,0.21401027998656685,303.65173292,304.4857298,303.97986284
16979,,,,,
16980,305.92937150319943,0.6928240008145202,305.0497031,308.25922388000004,305.74219538213384
16986,,,,,
16987,,,,,
16988,305.5246933847488,1.1374430932228687,303.77819966,306.80998339999996,306.13321543999996
16992,,,,,
16993,313.613644163981,1.5614754947751992,310.24851151999997,318.26376842,313.59133508
16994,,,,,
16998,,,,,
17004,,,,,
17007,,,,,
17008,,,,,
17009,,,,,
17010,,,,,
17013,,,,,
17014,299.95875118802445,2.050762089177152,294.98705222,302.71177742,300.31916342
17016,304.49588090759033,0.9040271983672443,302.70494138000004,306.01016672000003,304.48231178000003
17017,308.7283247926824,0.4286122049453162,308.07806882,309.78024278,308.64204212
17019,300.5677643595987,0.4784262311956103,299.31426554,301.38900368,300.54987976999996
17022,304.08273383275383,0.35145084155445716,303.92859253999995,304.94032646,304.007207
17024,,,,,
17025,,,,,
17028,,,,,
17030,,,,,
17031,301.91479728845565,2.4297718101127233,296.00904019999996,304.52332802,302.9808467817134
17036,303.0566994036921,0.5189341748061862,302.40073759999996,303.92517452,302.80748198000003
17038,308.89512727463756,1.2396652152365177,305.50771778,312.6547976,308.88472154
17039,,,,,
17043,,,,,
17044,315.68316332,0.0,315.68316332,315.68316332,315.68316332
17046,302.9497734020356,0.6111020117261017,302.24009065999996,304.66346683999996,302.83140812
17047,,,,,
17049,,,,,
17052,,,,,
17053,,,,,
17054,301.6045713674974,0.4401375513872663,301.14632426000003,303.23815249999996,301.4915588869231
17055,,,,,
17056,,,,,
17060,,,,,
17062,304.922616085343,0.9887955871091739,302.97496495999997,306.49210754,304.9300724
17063,,,,,
17064,300.30293921839996,0.11775507454955081,300.20978678,300.49690046,300.32941747999996
17065,,,,,
17067,291.2522215374731,0.808884891359537,289.39858952,292.17743978,291.4972538
17068,,,,,
17071,,,,,
17074,,,,,
17076,,,,,
17079,,,,,
17080,304.5745659414575,0.815574487231276,303.4261436,306.97404836,304.46351267
17081,311.91170555040316,1.7218310410657176,309.39400652,315.66607322,311.92704203338343
17082,,,,,
17084,303.2121679567256,1.6029250619424231,300.87288265999996,306.56730398,302.71861346000003
17085,,,,,
17086,309.4069744778242,2.1043709990303565,306.05118296,314.90385476,309.0866823854055
17091,311.91369963566024,2.4982678104648177,308.9975162,317.25887054,311.4279572414226
17094,,,,,
17095,,,,,
17096,306.28706931782483,0.40199467944592154,305.84268374,307.8695696,306.147742025
17099,,,,,
17101,304.4790381276926,0.25944027499153594,303.87732224,305.05653914,304.40984975599997
17102,306.92757275400754,1.0118571751183727,303.5799545,308.13617516,307.40471888
17103,298.08195085941,0.17777720445556566,297.6667799,298.37089202,298.11112249999996
17104,,,,,
17105,,,,,
17106,,,,,
17109,,,,,
17110,303.37796294102384,0.674655007243912,302.45884394,304.87538408,303.0672515
17111,307.9492699923231,3.578830645064967,303.79528976,316.24884563,306.467896565
17112,,,,,
17113,307.56547882828613,0.38181957389160315,307.05608084,308.58393578,307.4471066139185
17115,,,,,
17116,,,,,
17120,,,,,
17122,,,,,
17124,,,,,
17125,,,,,
17126,,,,,
17128,307.55003682091035,1.8770359755786072,305.84268374,312.5864372,306.88517984
17131,313.3740358653672,3.3181490734907975,307.6303082,319.03965896,313.69387568
17132,,,,,
17133,307.0124847421253,1.066244910073318,305.67520076,309.9374717,306.7937943539105
17134,,,,,
17135,311.8760812971347,2.4564222396640543,307.02190064,315.23198468,312.51465878
17140,305.24527692092187,1.2560134921531618,301.89828866,306.6732626,305.78799542
17144,,,,,
17145,,,,,
17147,,,,,
17148,,,,,
17150,,,,,
17151,308.1795124423802,0.71327770073135,306.52628774,309.46578494,308.2455518
17154,,,,,
17156,297.28396166,0.0,297.28396166,297.28396166,297.28396166
17159,,,,,
17160,289.99144927771835,1.5720460394261133,287.23498286,293.36691074,290.00870609000003
17161,309.8317089512631,0.7026414481980776,308.36176448000003,311.42089238,309.84176714
17164,,,,,
17165,300.93568901769464,1.110226482234186,299.05449602,302.35630333999995,301.495385147835
17167,302.55431434215,0.8482677270567326,300.9480791,304.71131912,302.55498709548675
17168,,,,,
17170,,,,,
17171,,,,,
17172,292.0390398299261,0.9540516277816298,290.34538106,293.65744243999995,292.07148115999996
17174,,,,,
17175,,,,,
17176,,,,,
17178,294.69254485225656,5.131582364002387,288.5235764,303.93542858,296.46705488
17180,,,,,
17181,,,,,
17184,,,,,
17185,300.2795775782856,0.23066486131189,299.93292715999996,301.07796385999995,300.209103176
17186,,,,,
17188,,,,,
17190,,,,,
17191,,,,,
17194,304.1980437764971,2.8305251734932537,299.38946197999996,309.31881008,304.06189531999996
17198,301.3513522474971,0.7119635134821163,299.24590514,302.52378632,301.45892660342855
17199,,,,,
17200,302.23194453768235,0.814828242872311,299.66973962,303.31676696,302.16147620000004
17201,,,,,
17205,311.14518277897645,1.68331745641113,308.69673044,314.83207633999996,311.27220851
17210,,,,,
17211,307.252286716266,0.40814881799745917,306.13663346,307.85931554,307.26230138
17213,,,,,
17214,313.5746389151343,0.5575914363375402,312.65137958,315.47808211999995,313.45633001838587
17215,,,,,
17219,302.77265098830736,0.8391076539749246,301.15657832,304.22596028,302.6698124057651
17220,307.4820639606312,1.000049810515896,305.88369997999996,309.81442298,307.0689182471039
17221,295.8057558724093,0.43732951325342145,295.12719103999996,296.52516122,295.68091028000003
17225,,,,,
17226,300.0592319809259,1.2551646839758364,298.73662016000003,302.0247554,299.39288
17227,,,,,
17230,,,,,
17231,,,,,
17233,,,,,
17236,307.7945089789027,2.3445352629678995,304.25672246,311.1337787,307.69525058
17237,,,,,
17238,,,,,
17239,303.04525203709966,0.2803239507804848,302.42808176,303.38170934,303.07066952
17241,,,,,
17242,,,,,
17243,,,,,
17245,302.2529675049518,0.13891195044010787,302.01108332,302.89976852,302.23667264
17246,296.5396830249632,3.1566070979259577,284.7124841,307.63714424,296.2858938652613
17248,299.205906619651,0.8670700568014336,298.43925242,302.80748198000003,299.08184018
17249,,,,,
17250,309.1243909307331,1.2980582439176955,307.44573512,311.76269437999997,308.59988654
17252,305.8912471313908,0.7327869704729086,304.73182724000003,307.33977649999997,305.80850354
17255,299.4386403888265,0.5198097097927612,297.9402215,300.40803194,299.46807644
17257,,,,,
17258,304.25269599013467,0.48847423511106114,303.39538142000004,304.9813427,304.23621434
17259,,,,,
17261,305.7971504674613,0.6757230816679082,304.79676961999996,308.18060942,305.8529378
17262,,,,,
17264,301.5442979804976,0.059866647774582914,301.46420012,301.7000435,301.55306864
17268,301.76946446253754,1.2501444096711227,299.46465842,305.09755538,301.52572448
17272,293.11158290227615,1.3019410466411734,290.15397194,295.44164888,293.0498301618812
17273,,,,,
17274,,,,,
17275,,,,,
17277,,,,,
17281,304.0380912483354,0.963129070528254,302.36313938,306.39298496000004,303.99011690000003
17282,,,,,
17284,,,,,
17285,,,,,
17287,,,,,
17288,292.03783079854503,1.3102790371643533,289.21059842,294.78880705999995,292.01850185
17292,,,,,
17293,,,,,
17296,311.69685275121327,3.1454166012496714,305.12148152,316.1582681,312.2143129631683
17298,,,,,
17300,,,,,
17309,,,,,
17310,,,,,
17314,306.0583492037148,0.3915365640668278,305.19325993999996,307.10393311999997,306.06827306
17318,,,,,
17324,,,,,
17326,,,,,
17330,,,,,
17331,301.77016607538883,0.47533478793710643,300.54475274000004,302.21616452,301.90170667999996
17332,,,,,
17338,,,,,
17340,,,,,
17341,,,,,
17342,,,,,
17343,306.83516679680935,0.7679727699345165,305.26162034000004,308.35492844,306.71169761068114
17344,,,,,
17345,305.7685635057338,0.17788690166934554,305.21718608000003,306.13663346,305.79824948
17346,,,,,
17350,,,,,
17353,304.0227454165747,1.5403925337296778,301.13436119,308.98726214,303.9849564908984
17355,303.57958538891205,1.4621159440781204,300.5720969,305.97598652,303.77478164
17358,,,,,
17360,300.9691159277338,0.3882147507518493,300.43195807999996,302.07260768000003,300.8958355073094
17362,,,,,
17367,310.91982708973126,1.7850376496647253,307.18596560000003,313.64260537999996,311.09276246
17369,310.02335230869045,0.8081064901086167,308.74800074,311.60546546,309.76315267999996
17371,,,,,
17372,,,,,
17374,,,,,
17375,,,,,
17379,,,,,
17380,,,,,
17381,,,,,
17382,301.4542573724189,1.1492005534533243,297.82742684,303.35607419,301.36678655000003
17383,309.7714906794593,2.21274899874932,306.36222278,313.22560694000003,309.48287503999995
17384,,,,,
17387,,,,,
17388,,,,,
17396,,,,,
17399,308.8516323247254,0.8408968116077036,306.06485504,310.52537114,308.98530898571425
17400,,,,,
17402,299.8019834164735,0.29111419009044737,299.36895386000003,300.16535252,299.58087109999997
17403,,,,,
17404,311.4561189029513,1.5442450856574685,306.3143705,313.32472952,311.93359538
17405,295.5541851929171,1.0441769842725475,293.48654144,297.73855832000004,295.48950116000003
17406,,,,,
17407,305.8675415038826,0.2819203799238699,305.26845638,306.48185348,305.8062096281818
17409,,,,,
17410,297.53223450676205,1.5409569081197363,294.01291652,299.78253428,297.75906643999997
17412,301.55293577880724,0.5819843843409819,300.95833316,303.6141347,301.3354547
17415,,,,,
17419,296.29572878655233,1.4325966586918977,292.27998038,298.23758924000003,296.63795588
17421,303.4235853643778,0.05009386709243414,303.34752914,303.53552024,303.42956161999996
17423,,,,,
17427,,,,,
17428,,,,,
17429,,,,,
17432,,,,,
17433,287.9096739198218,1.6103007613891533,284.66804984,290.37272522,288.63637106
17436,310.31639361849614,0.2997818004582917,309.7153004,310.8774272,310.31687192
17437,,,,,
17440,,,,,
17441,304.636813755082,0.1777370399544509,304.31824682,304.67372090000003,304.67372090000003
17444,,,,,
17447,,,,,
17449,307.83945121926445,0.45395693184619224,307.27483412000004,308.97359006,307.67474246
17450,,,,,
17452,290.99138684,0.0,290.99138684,290.99138684,290.99138684
17454,308.93831313247864,0.6558192282768411,306.80314736,310.08444656,308.84712332000004
17459,315.2763472639134,0.6876179426587675,313.92971906,317.09138756,315.1998998974203
17460,302.57418521317356,0.8516963728428395,301.22835674,304.61219654,302.54053109426803
17461,309.62747149564984,1.1347904372520408,308.0404706,312.18994688,309.32496251599997
17465,,,,,
17467,,,,,
17470,,,,,
17472,,,,,
17477,,,,,
17478,,,,,
17480,311.50721959453057,1.7726239309079201,307.31243234,314.19974263999995,311.17479494
17481,300.29850894513146,0.2076911174288487,299.95685330000003,300.74983394000003,300.30890936000003
17483,,,,,
17484,,,,,
17485,,,,,
17487,,,,,
17488,304.53693183062586,0.09686567898741304,304.36951711999995,304.66346683999996,304.52332802
17491,,,,,
17494,,,,,
17496,,,,,
17497,305.76645627060117,1.2954246929716815,301.97690312,307.41839096,306.24202763633025
17501,,,,,
17503,306.86638725498017,0.6697456630470154,305.57607817999997,308.40619874000004,306.97063033999996
17508,,,,,
17510,,,,,
17512,,,,,
17514,306.06695984410595,0.7228839101488648,303.82263392,306.96721232,306.22719748003954
17516,,,,,
17522,313.8681044068548,0.35036305309756544,313.41018002,314.92436288,313.95022717999996
17523,,,,,
17524,,,,,
17525,,,,,
17526,,,,,
17527,,,,,
17529,,,,,
17530,,,,,
17532,,,,,
17536,300.3880306121004,0.3137475513720647,299.77228021999997,300.99593138,300.31096017199997
17541,,,,,
17542,,,,,
17543,302.9956816521802,2.1179411198708573,299.20317989,307.47991532000003,303.00572714
17544,,,,,
17547,299.36303235413965,0.9561732788313079,297.45486266,300.72590779999996,299.59454317999996
17549,,,,,
17550,,,,,
17552,,,,,
17556,306.86377763302454,0.20109915822418847,306.60832022,307.1005151,306.87150776
17558,,,,,
17561,,,,,
17562,,,,,
17563,305.67816357412016,0.8121865621496029,304.10632957999997,307.5619478,305.50088173999995
17565,,,,,
17567,,,,,
17569,,,,,
17570,301.52620512566074,0.44883531464493026,300.37726976,302.02133738,301.74447776
17571,304.32849245233535,1.6132609541533516,302.26401680000004,308.23871576,304.0926575
17572,,,,,
17573,311.03995183698345,0.9887696242626759,309.84176714,313.37258180000003,310.99022186
17575,,,,,
17576,298.07190411059577,2.3674163122583756,293.753147,301.7000435,298.55888312
17582,304.10830186847323,1.1547628972801132,300.64729334000003,306.08878117999996,304.1464865939779
17586,307.4126594685409,0.4191204799238407,306.07852712,308.23187972,307.4467545294737
17590,306.463168453688,0.6097668062568066,305.00526884,307.70550463999996,306.397257485
17594,301.81076756902905,1.370928125500891,295.50317324,304.2635585,301.78036697000005
17595,306.97759654346805,1.0684804118490316,305.34707084,308.66938628,306.96037628
17598,,,,,
17600,305.33444856591126,0.34593416751538986,304.8275318,306.28019029999996,305.25305150656055
17602,293.35665504118595,1.1123470435725213,291.60321242,295.78003286,293.23018994
17604,,,,,
17605,303.9084451376835,0.30413160784803045,303.03307129999996,304.39002524,303.98669888
17606,301.70223305231576,1.0512222735795733,300.8113583,304.30115672,301.15999633999996
17609,,,,,
17610,,,,,
17614,304.11460600699814,2.315282160853418,301.48129022,309.29146592,303.75769154
17615,,,,,
17617,306.3027892477396,1.3032964542723098,304.11658364,308.9291558,306.4815106390881
17619,,,,,
17621,,,,,
17624,,,,,
17626,,,,,
17628,304.44602799407033,0.7721230984126528,302.0247554,305.42226728,304.66004882
17630,,,,,
17634,,,,,
17635,,,,,
17637,,,,,
17640,,,,,
17646,304.9250553879851,0.7953161579788629,303.29625884,306.36222278,305.1009734
17647,299.39001409781184,0.4951342917867378,298.55888312,300.4695563,299.33135563999997
17649,318.8919436606621,3.8958862739433577,311.26024544,324.62812166000003,319.35368505010524
17650,302.3303534906765,0.4617680536086498,301.7171336,303.36461924,302.21445551
17652,,,,,
17653,,,,,
17654,305.2853464983325,0.6914039238104287,302.51353226000003,306.11270732,305.36074292
17658,,,,,
17659,,,,,
17660,315.7350853943248,1.7362637316992733,310.76121452,317.81258978,316.24344463656485
17663,301.7656114953576,0.6435573791182245,299.30401148,302.5374584,301.7911907
17664,305.39408843165063,0.47187195234781126,302.74937564,306.05118296,305.44277539999996
17665,,,,,
17669,305.240730826661,1.887690108445733,301.79574806,310.12546280000004,305.0350188572509
17670,,,,,
17671,301.5677935197335,0.8401269507388096,300.13117232,303.63464281999995,301.7845431222556
17675,,,,,
17676,,,,,
17677,,,,,
17678,307.606456281085,1.2029557330162783,304.73182724000003,309.44527682,307.6132181
17679,,,,,
17683,307.73957459681964,1.23852013637571,304.74549932,309.73922654,307.63714424
17687,,,,,
17688,,,,,
17690,,,,,
17691,,,,,
17697,,,,,
17700,314.21236856379426,1.0255282818793732,312.75392018,316.32233306,314.57914286
17702,,,,,
17704,293.54696943235155,0.8485159571212244,290.40006938,294.86058548,293.61575279103613
17707,,,,,
17708,,,,,
17711,299.4454267732639,0.5957442602560558,297.84109892000004,300.68830958,299.41338812000004
17712,306.3821792511012,0.7093908967205524,305.28554648,308.31733022000003,306.38273089999996
17714,304.8109257006367,0.45913988408073986,304.02771512,305.44619342,305.05653914
17717,,,,,
17719,291.6824301858238,0.5334594909259228,290.98113278,293.10714122,291.61897349009485
17720,,,,,
17722,,,,,
17723,,,,,
17727,306.36228652428684,1.9684373358695981,301.68637142,309.74264456000003,306.53186584698886
17733,,,,,
17736,,,,,
17740,,,,,
17741,,,,,
17742,,,,,
17743,,,,,
17744,296.1213605867228,1.5185308769594337,294.0607688,301.84360033999997,295.7925656
17746,307.1200331271313,2.3174030041940323,304.51991,311.5952114,305.9554784
17750,,,,,
17751,,,,,
17752,,,,,
17756,307.25169620286573,0.5645757144291493,306.25968218,308.56000964,307.15973936383466
17759,,,,,
17760,,,,,
17761,,,,,
17762,,,,,
17763,,,,,
17765,,,,,
17767,,,,,
17769,,,,,
17770,300.5822520332547,0.1559839721443331,300.39435986,300.85921057999997,300.53108066
17775,306.815470714229,1.1970989526532692,304.01062502,309.06929462,306.51672586929357
17777,305.38147800583465,0.44848249234004234,304.349009,306.64591844,305.41770992
17780,,,,,
17783,,,,,
17784,,,,,
17785,307.23222853809625,0.25127363501929684,306.56730398,307.95160208,307.22990938179373
17789,,,,,
17790,290.2131133234663,1.23167628076495,287.58020288,292.58418416,290.2741981422912
17791,,,,,
17792,,,,,
17793,305.07696753723314,0.4239152845877189,304.55067218,306.52286972,305.0131778010762
17795,301.0894911513969,0.0895723427600081,301.05403772,301.272791,301.05403772
17797,302.33693691356603,3.366556308508656,298.94170136,310.81590284000004,300.4353761
17798,,,,,
17799,,,,,
17801,,,,,
17803,,,,,
17804,297.5016657325848,0.3883589320985075,296.70289826,298.32303974,297.48733385
17806,,,,,
17808,309.3291960586809,0.827301411349134,307.00139251999997,309.88278338,309.60592376
17809,293.6824668499439,1.9972852452337215,290.50944602,297.90945932,293.57199194
17810,,,,,
17811,,,,,
17812,,,,,
17813,310.7507564070814,1.917553469659065,306.47159941999996,314.7397898,310.52992850000004
17815,305.2864168955352,1.0425991198582685,303.14928398,306.7928933,305.6817912711531
17816,,,,,
17820,,,,,
17823,,,,,
17824,,,,,
17826,,,,,
17829,,,,,
17830,,,,,
17834,304.67545060161774,4.767325833568287,295.24511272999996,309.54098138,307.03557272
17835,,,,,
17837,301.2278177748462,3.3389265432457993,295.02465043999996,307.42180898000004,301.8425460805844
17839,308.7880034600756,2.7814778838057803,304.9984328,315.35845142,307.9786565772881
17840,305.2755305805262,0.8252173294981094,302.95787486,307.45257116,305.3001007412753
17841,300.6211088044227,0.6981375832776003,299.33477366,301.72396964,301.00618543999997
17842,307.8855831363985,0.2500048255768395,307.26799808,308.27631398,307.8865307181132
17843,306.07388464801363,0.3672214731947676,305.67520076,306.61515626,305.99991266
17846,298.28697627162194,0.7907698511412654,297.81033674,300.80452226,297.99179110412194
17849,,,,,
17850,308.6317711676897,0.7177899041320828,307.24748996,311.53710506,308.4837209755639
17854,306.37905121390867,0.4276489765036843,305.0667932,306.86808973999996,306.50577962
17857,292.453709095469,1.6933595653509854,290.1129557,298.52470292,292.19111186
17858,301.7407180556009,1.1294129296596795,299.55352694,303.56970044,302.10336986
17859,,,,,
17860,,,,,
17862,,,,,
17864,302.50756911086575,0.4892187022949605,301.74447776,303.22448041999996,302.7938099
17865,307.7347766662712,1.3042652989033112,305.80850354,309.96139784,307.90716782
17866,,,,,
17868,,,,,
17871,304.50623408813897,0.18911713278037232,304.20887017999996,304.83778586,304.5370001
17883,,,,,
17886,,,,,
17888,307.3096995015476,0.47080654121839155,306.33487862,307.87298762,307.36712065999996
17891,301.028945861247,0.7313977261835068,298.16922883999996,302.20591046,301.07112782
17892,304.3590409509255,0.572941225274851,302.43833582,305.34365282,304.4279062458274
17894,,,,,
17896,,,,,
17899,303.1128951967748,0.7083363861071961,301.27620902,304.04138720000003,303.19371824
17902,,,,,
17904,313.48510218103735,3.291337895577188,310.05368438,323.65740398,312.45427376000004
17905,,,,,
17906,,,,,
17912,,,,,
17915,,,,,
17918,,,,,
17922,,,,,
17923,303.4408729054052,1.2708022195378774,300.92073494,306.65275448,303.39879944
17924,,,,,
17925,303.99695493221583,1.248440843699338,301.58724884000003,306.28019029999996,303.92517452
17926,,,,,
17929,,,,,
17932,,,,,
17933,292.1150912480778,1.2842633076011645,289.49087606,294.72386468,292.13984156000004
17944,,,,,
17946,,,,,
17947,,,,,
17948,,,,,
17949,,,,,
17951,,,,,
17953,,,,,
17956,,,,,
17957,,,,,
17960,301.77626346413746,0.3052490733665556,300.90364483999997,302.47251602,301.82309222000004
17963,310.3257546725757,2.1259913437190807,306.84074558,313.57424498,309.62643188
17966,,,,,
17970,306.56841818618744,0.41594763989857036,305.74697918,307.46966126,306.61287758000003
17971,305.35637477543514,0.7046195508198468,303.1697921,307.14836737999997,305.5282259
17972,,,,,
17973,309.20559444186966,3.5555607758878596,295.86206533999996,313.1162303,310.4159945
17979,302.63540324048404,1.392527084736587,299.6150513,304.94032646,302.73912157999996
17982,,,,,
17989,,,,,
17992,,,,,
17995,307.8731573824798,2.149598163497745,304.56434426,315.628475,307.3383116342857
17996,306.87394408900883,0.9440075161888987,305.38466905999996,308.4164528,306.91252399999996
17997,302.4558163387033,0.39070901109047634,301.88803459999997,303.99695294,302.30845106000004
18001,308.0121815593391,1.7028600582278062,302.78013782,310.51511708,308.4164528
18002,308.45452843531615,0.6512178040249228,307.30217828,309.64352198,308.41987082
18004,,,,,
18008,306.95169134661927,0.4838037975243692,306.6390824,308.5189934,306.77922121999995
18011,,,,,
18014,,,,,
18018,306.3662139605378,0.7826062358546272,304.7591714,307.70208662,306.25284614
18020,,,,,
18021,293.56583518981864,1.7450910128256427,290.74187138,297.31814185999997,293.43868915999997
18022,,,,,
18024,,,,,
18025,304.54209263055134,0.5482716700736677,303.02623526,305.44961144,304.49940188
18026,,,,,
18027,,,,,
18030,,,,,
18031,298.5723385539023,2.20667292071069,296.36109625999995,305.65469264,297.72247183325504
18032,,,,,
18033,,,,,
18035,,,,,
18036,,,,,
18037,,,,,
18038,,,,,
18043,,,,,
18044,294.68374866675543,1.034948777092813,291.8561459,296.52857924,294.90843775999997
18048,,,,,
18049,303.9847457257143,0.62544658011274,302.85533426,304.63612267999997,304.25672246
18057,,,,,
18062,,,,,
18064,303.62704123492836,0.5833372166449833,301.97006708000004,304.1268377,303.8192159
18066,,,,,
18067,300.72448730438316,1.4419860321445308,297.74881238,301.90170667999996,300.9993494
18068,,,,,
18070,299.9778977582445,0.26029646555857383,299.35869979999995,300.39777788000004,299.97736141999997
18071,305.5426506133063,0.8388138465652467,303.30651290000003,306.70744279999997,305.682891305
18072,,,,,
18073,298.98330397262345,0.5590131566281091,298.09061438000003,300.56526085999997,298.8289067
18074,,,,,
18076,,,,,
18078,,,,,
18080,,,,,
18081,,,,,
18082,305.4319212376061,0.8073454198253059,303.80896184,307.6132181,305.49062768
18083,,,,,
18084,306.751274207418,1.5737332173012561,304.03455116,311.60204744,306.9144610174541
18088,,,,,
18091,306.0491327452949,0.11389657621867198,305.84268374,306.43058318,306.01358474
18093,304.1640772388889,0.7305781800152773,302.85533426,306.10587128,303.99353492
18094,,,,,
18095,,,,,
18096,,,,,
18097,,,,,
18098,,,,,
18099,,,,,
18101,309.40128090033465,2.2690300525070275,305.36074292,313.56399092000004,309.39058850000004
18102,,,,,
18104,,,,,
18105,,,,,
18106,,,,,
18107,,,,,
18108,,,,,
18110,,,,,
18111,288.5675971146316,2.0133612626809594,284.90731124,292.02021086,288.73036661
18112,298.7173830099464,0.42531723147568085,298.0598522,299.58770714,298.63407956000003
18118,,,,,
18120,,,,,
18121,303.05563759980316,0.7379910697137284,300.54475274000004,304.88222012,303.05839871829585
18122,,,,,
18124,,,,,
18131,,,,,
18132,,,,,
18133,304.53060887082194,0.7092963892274935,303.40563548,305.12148152,305.12148152
18137,,,,,
18139,,,,,
18145,,,,,
18146,,,,,
18148,306.64618147158217,0.27527382952960316,305.78799542,307.03557272,306.7088275499377
18149,306.97500678839117,0.41852302152969384,305.53847996,308.10541298,306.9760219447699
18150,,,,,
18151,,,,,
18152,,,,,
18154,306.28725466429205,1.001465312310718,304.13709176,308.34467438,305.79910761643674
18156,311.8884291065954,2.8364097261459813,304.55067218,315.94976887999997,312.35572085
18157,306.1669533128257,1.3914924995929725,303.76452758,308.37543656,305.88882701
18161,,,,,
18163,,,,,
18166,,,,,
18168,,,,,
18169,,,,,
18171,,,,,
18172,,,,,
18175,,,,,
18176,,,,,
18179,,,,,
18192,,,,,
18193,290.59536833290525,0.6646563994698355,289.81900598,292.61152832,290.383204774375
18196,,,,,
18197,306.05821576207376,0.40163570604576637,305.23769419999996,306.96037628,306.1922741844413
18198,,,,,
18199,,,,,
18200,308.0431045772334,0.7527141941143833,306.96037628,309.38717048,307.8813780651834
18201,,,,,
18202,303.99515720411944,0.7179853047677657,302.13071402,304.38660722,304.10291156
18203,,,,,
18204,307.13508052547104,0.9839720872872577,305.12489954,308.95991798,307.10267528864
18206,,,,,
18208,,,,,
18210,,,,,
18212,,,,,
18214,,,,,
18218,300.3376869743939,0.5429330302363038,298.47343262,301.31380723999996,300.39435986
18219,,,,,
18222,,,,,
18224,,,,,
18227,306.3373676791629,0.324484747953855,305.87344592,307.23381788,306.23874095472604
18229,307.17033325738714,0.5527213607329983,306.26651821999997,308.3651825,307.16331947076037
18231,,,,,
18232,,,,,
18233,,,,,
18234,,,,,
18235,,,,,
18236,306.49469940046833,0.9975205990813585,304.9300724,309.1000568,306.42768298537334
18237,297.50913474260346,1.275255111518034,293.34982063999996,298.86992294000004,297.65994386
18239,308.028881888643,1.099750082995544,306.4340012,310.40574044,307.8866597
18243,301.25911892,0.0,301.25911892,301.25911892,301.25911892
18244,305.6782282499404,1.302425928988558,303.6312248,309.85543922,305.54763330169493
18246,291.7894794872638,2.360275378947643,287.99549231,296.17481417,291.6543288211578
18249,,,,,
18250,305.7787831717254,0.47666432488376703,305.03261299999997,307.19621966,305.7232508810591
18251,298.47107601816873,0.4397700539963611,298.11795854,300.27131113999997,298.41100183926113
18253,,,,,
18256,299.7790270697177,0.7557476317373613,299.0339879,302.46226196,299.53985486
18257,309.152345280205,0.2315833086762124,308.75483678,309.47945702,309.04536848
18258,298.56464453134936,2.6249193006710843,292.58076614000004,301.8196742,299.09779094000004
18259,,,,,
18261,308.96687149520386,1.4666233245522255,306.07852712,312.64454354,308.48994023
18264,308.9856794204782,2.2529483469609333,304.51307396,311.84130884,309.47945702
18267,308.68011158455636,1.023094645137971,305.00526884,310.34421608,308.928472196
18269,,,,,
18271,306.7054433258498,0.06715343778967195,306.58439408000004,306.76213112,306.72795092
18272,,,,,
18274,,,,,
18275,290.23443542785657,2.2006686294989133,285.49179266,294.95970806,290.1724244111793
18279,310.7664074870009,3.3596925726812064,305.64785659999995,318.70127498,310.32883499
18280,,,,,
18284,,,,,
18286,,,,,
18287,304.31458080556524,0.4363120516817043,303.21422636,305.45302946,304.32018801175946
18288,292.80039670752143,2.1443981222883175,288.2672249,295.8552293,292.95902702
18289,,,,,
18290,,,,,
18291,311.41215569134175,1.8835911510427041,309.11031086,316.55817644,310.68032138000007
18293,307.23274713630013,0.7923896130543806,306.25626416,310.22116736,307.0492448
18294,,,,,
18298,299.24925820512874,0.8988524692139332,298.36405598,301.02327554,298.78955625602055
18302,,,,,
18305,,,,,
18306,,,,,
18308,,,,,
18311,,,,,
18312,,,,,
18313,,,,,
18314,303.6386856393551,1.0392483406215864,301.67269934,305.72988908,303.89783036
18317,,,,,
18320,,,,,
18321,,,,,
18322,,,,,
18327,,,,,
18328,,,,,
18329,,,,,
18332,,,,,
18333,,,,,
18335,,,,,
18336,296.20971780136324,0.8481756004934063,293.72238482,297.40701038,296.28589982
18337,,,,,
18338,,,,,
18339,,,,,
18342,,,,,
18343,,,,,
18344,,,,,
18345,,,,,
18349,,,,,
18354,,,,,
18358,,,,,
18359,305.31573977668876,0.7473533796366221,302.85191624000004,307.06975292,305.50429976
18360,303.56161318645144,1.2998942027707145,302.0418455,306.058019,302.89293248
18362,,,,,
18363,,,,,
18364,312.56133667324764,5.585240654337962,302.93565773,317.44686164,315.92242472
18369,294.5094736208524,2.1486902877370317,289.91812856,297.40017434000004,294.9644858227457
18372,300.9883897500695,0.9780287147194057,299.48858456,303.20055428,300.85066553
18373,299.78686149642306,0.3724420966156807,299.22197900000003,300.8113583,299.734682
18379,305.8043904800757,0.8630909606465376,303.70300322,307.254326,305.88256064
18380,,,,,
18381,303.068268891421,0.8655375741345793,301.73080568,305.03944904,303.05699744000003
18382,295.8860861634238,2.677720504517633,283.69391414,298.84257878,296.787494255
18386,,,,,
18387,,,,,
18388,,,,,
18392,286.5097238990909,0.2238803100373262,286.12754438,286.57530499999996,286.57530499999996
18393,296.37282317862446,1.3151503465597736,293.03878082,298.2478433,296.51262848
18396,306.6253026346718,1.553142540693764,304.86513002000004,310.25876558,306.1073173653846
18404,,,,,
18405,,,,,
18407,,,,,
18408,305.3740024626955,0.30818408433130645,304.74549932,305.87002789999997,305.45302946
18413,304.691141849516,1.0117496727290989,302.50327819999995,306.5365418,304.9813427
18414,,,,,
18416,,,,,
18417,308.71198881294185,0.8326234957729436,307.40130086,310.52878916,308.47455914
18419,,,,,
18421,302.40841303923605,0.373396917098655,301.40609378,303.4090535,302.418682205
18422,311.3896023146563,1.0787324081079306,308.90522966000003,313.50930259999996,311.50976090000006
18424,299.608852210686,0.709021315015146,298.86650492,300.61653116,299.11943840000004
18426,306.9096262829911,0.3991333127702156,306.18790376,308.11908506,306.87328295807345
18427,,,,,
18429,,,,,
18431,,,,,
18433,294.3806447248063,5.256101877537683,284.7808445,302.29306997,294.78197102
18434,302.2946210975724,0.28322447785556815,301.64193716,302.61949088,302.39048354
18439,,,,,
18440,,,,,
18445,304.87912219502147,1.0011887245975448,302.72886752,306.93986816,305.1737920869565
18446,307.753003077527,0.4920065446949821,306.99113846,309.12056492,307.67474246
18447,,,,,
18449,297.6769373559782,1.63767258541742,294.6760124,300.42512204,297.8035007
18450,300.9173205518731,0.28962654712528424,299.97052538,301.4095118,300.9264241443421
18454,305.6246521968604,0.730632845258804,303.96277274,306.65275448,305.70254492000004
18457,308.1037908036436,0.295271770471824,307.52093156,309.32564612,308.11224902000004
18458,312.25009826499223,1.3623650527998699,309.55807147999997,316.77009368,311.99170172000004
18459,304.45078120873615,1.3485060502375248,301.63168310000003,306.73136894000004,304.61048753
18464,304.2507688393719,0.28039108164023063,303.35094716000003,304.67713892,304.33533692000003
18465,302.77855749405524,0.8721981902831902,301.12581614,305.17275182000003,302.68101523999997
18467,,,,,
18468,,,,,
18473,,,,,
18475,301.7379398991044,0.12807050030012632,301.28646308,301.92905084,301.7590347081218
18479,,,,,
18480,,,,,
18483,,,,,
18485,309.9195547079185,1.5752317707382941,305.0838833,312.57276512,310.1977380252325
18487,,,,,
18491,,,,,
18493,,,,,
18494,,,,,
18496,300.17316776843666,2.4707569908549885,293.59250006,304.25672246,300.51103648177286
18497,,,,,
18499,,,,,
18504,302.8797326461113,0.2981326710571816,302.01450134000004,303.9046664,302.9179062102644
18505,,,,,
18507,294.8860953325601,1.6277591278222303,291.45965558,299.26983128,294.760608395
18510,,,,,
18511,297.6112951782412,3.1041044352294094,292.58076614000004,302.35972136,297.72317723000003
18515,,,,,
18516,,,,,
18518,,,,,
18525,310.13739129110036,2.570018930608803,307.43548106000003,315.90533461999996,309.58915261487755
18526,,,,,
18528,,,,,
18529,,,,,
18530,,,,,
18531,,,,,
18533,305.57935692674766,0.37901214919199944,305.02919498,306.57755804,305.43935738
18534,,,,,
18535,,,,,
18536,,,,,
18537,301.57285570529046,0.3023208055123571,300.9138989,302.11704194000004,301.7063863357718
18538,,,,,
18543,,,,,
18544,305.15623919369864,0.2989068858921359,304.89931021999996,305.8187576,305.203514
18545,,,,,
18547,,,,,
18548,296.19098516424737,2.188237238753413,291.95526848,300.21662282,296.1645275812591
18549,,,,,
18550,306.12350841280846,0.9422096343861829,304.66004882,308.65229618,306.02246783593404
18553,294.40446618518405,0.6726942530115314,293.30196836,297.00710204,294.4880213
18554,,,,,
18560,,,,,
18561,,,,,
18562,,,,,
18566,303.5590847344434,5.256177750767431,291.76727738,306.86808973999996,306.3314606
18572,,,,,
18575,307.40058557736415,1.4091254220705927,305.10439141999996,310.25534756,307.18596560000003
18579,,,,,
18580,,,,,
18581,302.32426938340944,0.39680002486045596,301.45052804,302.85875228,302.38877453
18582,302.98415775040695,0.8383488240479892,302.51353226000003,304.4857298,302.89293248
18583,312.8804403449274,2.2977153595317263,309.04195046,315.90875264,313.30080338
18587,,,,,
18588,,,,,
18589,,,,,
18590,306.22086449286843,0.335427252519002,305.6820368,307.23381788,306.15111554899045
18592,301.0602605262809,0.755576515492083,299.0852582,302.18882036,301.21126663999996
18594,,,,,
18595,,,,,
18596,,,,,
18597,302.91903387132135,1.7602090174070766,299.0852582,306.23575603999996,303.41588953999997
18598,309.5785796,0.0,309.5785796,309.5785796,309.5785796
18605,304.75235843312,0.7403364149311238,303.2723327,306.399821,304.80360566
18608,,,,,
18610,302.0502818201631,0.0554894843645792,302.00424727999996,302.15464016,302.01791936
18611,306.1108418577329,0.46708149786609426,305.09413736,307.79779118,306.13177959843154
18612,,,,,
18613,,,,,
18617,,,,,
18618,,,,,
18621,294.2823546263818,0.6751421280305892,293.04561686,295.33227224,294.32395634
18623,,,,,
18624,,,,,
18626,,,,,
18627,,,,,
18628,307.454095910594,0.9321944024279882,305.37783302,309.19917938000003,307.70892266
18629,,,,,
18632,306.2200353496576,0.36704069400347156,305.72647106,307.11418718,306.0795088917022
18633,,,,,
18634,303.7034007926009,0.045373777717802,303.63806084,303.74401946,303.72009332
18640,,,,,
18641,288.47275546701866,0.2531310937703164,288.20228252,288.89272256000004,288.35609342
18648,304.57191245785083,0.6601798815064045,302.82115406,305.78799542,304.66688486
18651,,,,,
18654,,,,,
18655,,,,,
18658,,,,,
18659,301.8528975423835,0.26959958665800515,301.0847999,302.38022948,301.87845769490565
18661,298.9264112855254,0.3280473810460401,297.96756566,299.48858456,298.99638968
18663,,,,,
18664,288.36840739604855,2.760150796355944,283.29742382,291.86639995999997,289.13198395999996
18665,314.3579486710247,1.4730655576437297,311.26024544,316.44879979999996,314.87651059999996
18666,,,,,
18669,,,,,
18670,302.13413204,0.7732297658423152,301.5462326,303.72692936,301.5462326
18671,,,,,
18673,308.8336634497367,0.42455057894071074,307.70550463999996,309.46578494,308.88130351999996
18674,306.9506676419052,0.29536132775068896,306.19815782,307.3739567,306.98999912
18675,,,,,
18677,292.8933033130501,0.3351659629826145,292.49189762000003,293.68820461999996,292.71406892
18678,,,,,
18681,,,,,
18683,,,,,
18685,,,,,
18687,,,,,
18689,,,,,
18690,303.03544177175655,1.2206241599863858,300.64729334000003,304.14734582,303.59362658
18691,300.45588422000003,0.0,300.45588422000003,300.45588422000003,300.45588422000003
18693,308.79532315577364,5.211365040288214,300.22687687999996,320.57434994,309.30342899
18697,,,,,
18699,,,,,
18705,298.6360040697003,0.3773398146621254,297.86502506,299.38262594,298.64183621283667
18706,,,,,
18707,,,,,
18712,308.211486714386,2.0399803703482777,303.98669888,312.34375778000003,308.38374252569946
18717,,,,,
18719,,,,,
18720,,,,,
18725,308.67930829093876,1.1656199038622177,307.51751354,312.70264987999997,308.3184424328572
18730,298.2213473511954,1.4652751408539801,294.43333298,300.36017966,298.48197767
18732,,,,,
18734,,,,,
18738,,,,,
18739,,,,,
18740,304.53191415197097,1.0806793789001716,301.75814984,306.56046793999997,304.65321278
18742,305.31091576730273,0.35536262065696794,304.3660991,306.70060676,305.25592364
18746,296.3552773383689,0.6697622462026,295.23656768,297.51638702,296.22095744
18749,,,,,
18751,,,,,
18752,,,,,
18757,,,,,
18758,,,,,
18760,308.2647045388367,0.2866146170462501,307.6132181,308.99068016,308.31733022000003
18761,307.21284755606877,0.30575841270013987,306.74845904,307.84906148,307.16545748
18762,,,,,
18763,303.33086104284445,0.3654512659744726,302.1443861,304.24305038,303.25410325999997
18771,,,,,
18772,,,,,
18773,,,,,
18774,304.5165088765384,0.6876379590422025,302.66734316,305.33168975,304.790788085
18776,,,,,
18779,,,,,
18784,300.529692119434,0.37051897602160433,298.29227756,301.29671714,300.540480215
18785,306.3905095181777,1.266105602838189,304.40711534,308.2968221,306.11270732
18786,,,,,
18787,300.27905625631655,0.6887107754552114,298.97588156,301.86752648000004,300.28840124
18788,,,,,
18793,,,,,
18795,298.6258413920842,0.5964285499506313,298.2307532,300.85921057999997,298.51444886
18796,,,,,
18803,,,,,
18809,296.69831683629354,0.967432205538993,294.73411874,298.3332938,296.67897212
18811,,,,,
18813,,,,,
18814,308.43194745218375,1.6372188101778025,306.39640298,313.52981072,308.13275713999997
18816,,,,,
18817,307.42548214797165,1.5150068257307727,303.87390422,311.00047592,307.3055963
18819,309.9397521254872,0.7332998311758553,308.34125636,311.46874465999997,309.8349311
18822,311.9647697289018,2.198790238806161,308.7069845,317.71346719999997,311.59179338
18824,,,,,
18827,,,,,
18830,,,,,
18833,,,,,
18834,,,,,
18835,308.8842753020652,2.1874513001548173,305.0497031,314.11429214,308.09068304725616
18838,,,,,
18840,306.1363915160382,0.3239271803434042,305.5282259,307.50384146,306.082799645
18843,,,,,
18844,,,,,
18845,,,,,
18847,,,,,
18848,,,,,
18853,311.99381803705154,1.161116732686398,310.05026636,313.60158914,312.21729103999996
18855,307.14342420739354,0.7621250526517439,305.38808708,308.49848527999995,307.23039986000003
18856,300.52055024410134,0.6361021895359225,299.16729068,301.272791,300.54817076
18857,,,,,
18862,,,,,
18864,309.27379694367966,1.6166664921516332,306.63224635999995,313.235861,309.07271263999996
18865,302.97029891448847,0.7296546197988577,301.5804128,304.36951711999995,302.81773604
18866,,,,,
18868,297.88854836269263,1.3719451599466617,294.83324131999996,299.80987844000003,298.1453027
18872,312.6919542380184,0.838202433159536,311.41747436,314.15189036,312.69923186
18873,,,,,
18874,306.45590071880713,0.5190374029387598,305.55215204,307.16545748,306.54679586
18880,289.7512945616533,2.0958756689194584,285.02694194000003,293.10030517999996,290.29333209863904
18881,,,,,
18882,303.9607371457979,0.5405850034494627,302.62974494,304.88563813999997,303.93030154999997
18885,301.2999311461961,0.6395899797652659,299.5979612,302.72032247000004,301.26595496
18886,,,,,
18887,303.06715091435603,1.0041685982242219,301.41634783999996,304.36951711999995,303.42956161999996
18888,308.3226577370179,2.0122776837901437,306.03409286,313.15382852,307.48903004
18889,,,,,
18892,309.22006372177805,1.3599985897610432,307.9037498,316.95124874,309.2231026975227
18894,295.1515915671174,0.06010490937615301,295.06566668,295.22973163999995,295.15795321999997
18895,314.28810212054145,0.805221573611523,312.18994688,316.23346454,314.40482384
18897,,,,,
18898,306.6407126725126,0.5243345954748178,305.55898808,307.93109396,306.61656129588926
18902,,,,,
18904,,,,,
18906,,,,,
18907,299.19337516887873,0.3687050879559328,298.28202350000004,299.62530535999997,299.35528178
18909,,,,,
18910,,,,,
18911,,,,,
18913,,,,,
18916,,,,,
18918,308.676470629477,0.6288845116895482,307.07317093999995,311.27733553999997,308.70712624253554
18919,,,,,
18920,,,,,
18923,,,,,
18925,,,,,
18927,,,,,
18929,,,,,
18930,306.85581068938257,0.6545323498664468,306.32804258,309.60592376,306.64536563949883
18932,,,,,
18933,311.26832556232654,0.6691536940101747,308.72749262,312.23096311999996,311.32860584
18938,309.6996420680562,0.6531250211597165,308.23529773999996,311.1337787,309.74606258
18940,300.1711076431223,0.7911438575041811,298.26151538,301.4949623,300.37385173999996
18945,,,,,
18946,301.23715459833244,0.3176048533535727,300.67121948,301.79916607999996,301.22493871999995
18948,292.78551675725873,1.7919152563786225,289.89762043999997,296.82252896,292.55513098999995
18950,,,,,
18952,303.47325608936984,0.32076050795969163,303.152702,304.01746105999996,303.5115941
18956,300.9460013478355,0.9669087584549845,299.53301882,303.40221746,300.8333717211543
18958,,,,,
18960,300.6923938271708,0.29073107514492197,299.83038655999997,301.24202882,300.73274384
18962,,,,,
18964,,,,,
18966,,,,,
18970,304.58532675071655,0.4593045724619996,303.52184816,305.57266016,304.66255426184466
18972,,,,,
18976,,,,,
18978,291.38445914,0.0,291.38445914,291.38445914,291.38445914
18979,307.39621292849074,0.6061248707448919,306.56730398,308.62495202,307.240304896831
18981,293.3506267485407,1.1888405034568659,290.16080797999996,295.54077146,293.4844992607262
18985,,,,,
18992,,,,,
18993,,,,,
18995,299.70533842470286,0.34020606533496744,298.86992294000004,300.42170402,299.6150513
18998,,,,,
19000,302.0139782551635,0.45421042093068975,301.05745574,303.01256318000003,302.05551758
19001,,,,,
19002,,,,,
19003,,,,,
19005,,,,,
19006,285.2894907119618,1.6443754638175514,282.2344196,288.24671678,285.16893521765957
19007,304.2758797631512,0.795963709351519,302.93394872,306.14688752,304.22596028
19008,306.4200882564031,0.45960298598205895,305.83242968,307.89007772,306.30799019599993
19010,311.9350338038745,1.4215711431278493,307.53802166,314.32279136,312.2389929704382
19011,,,,,
19016,,,,,
19023,,,,,
19024,,,,,
19026,303.8293959643847,0.7865410068853211,302.05722658999997,304.99159676,304.07471289499995
19028,314.81885829501465,2.220831189560684,309.73580852,317.82626186,315.14824319
19029,302.50112556280703,0.6880408884931577,298.25297033000004,303.43639766,302.6102133971428
19030,,,,,
19031,,,,,
19033,,,,,
19035,,,,,
19038,,,,,
19040,310.6104293046008,2.4258823226706916,304.17127196,314.19974263999995,310.72192627900006
19045,,,,,
19046,,,,,
19047,,,,,
19050,306.261142042789,2.168933647057161,303.32018498,312.72657602,305.44277539999996
19051,,,,,
19053,,,,,
19054,309.55342077880056,0.537103834111765,308.47114111999997,310.9116074,309.665256883702
19058,,,,,
19061,,,,,
19062,307.3347040924737,1.3940776601897482,305.30263658,311.48241673999996,307.17229352
19064,302.5945248961808,0.20231486153117795,301.92563282000003,302.89976852,302.59556474
19069,301.84625982722565,0.7553055654564468,300.49690046,303.06383347999997,301.77523994
19072,,,,,
19074,,,,,
19077,,,,,
19078,305.44927233577647,1.7893346501789533,301.82992826,310.12546280000004,305.3573249
19079,301.6504017346973,0.7382164391747913,299.78595229999996,302.27427086,301.74105973999997
19081,,,,,
19082,,,,,
19086,,,,,
19088,295.2655582854984,0.8897716954857648,293.37032876,296.75416856,295.32201818
19089,300.1425382288284,0.48877364169710785,299.69024774,301.10872603999996,299.905583
19090,,,,,
19092,304.8107944907422,1.756018105808741,300.61994918,308.57368171999997,304.49940188
19093,309.96921155689193,0.14019091438538042,309.86569327999996,310.19724122,309.86569327999996
19097,,,,,
19098,,,,,
19100,,,,,
19105,300.68481087161297,0.5076108300689304,299.734682,302.05551758,300.5495390411617
19106,,,,,
19109,310.094601173873,0.9746408285048127,308.53950152,312.12158648,310.05710239999996
19112,303.71213388511796,0.9713137265162245,302.65367108,306.35538674,303.38170934
19114,,,,,
19115,309.56138395458674,0.9671919019956497,307.9721102,310.73045234,309.9374717
19117,,,,,
19123,,,,,
19124,,,,,
19126,,,,,
19129,,,,,
19132,319.98638772445844,1.4602091642213038,316.65388099999996,321.85268942,320.51430387364996
19134,307.7136006534859,0.4098902992836709,306.570722,308.27973199999997,307.83219284095355
19135,,,,,
19136,,,,,
19138,,,,,
19139,,,,,
19141,311.01747947432335,1.9995271631864606,307.80462722,314.53129058,310.54473992
19142,,,,,
19143,302.11871992614067,0.9113113486606649,300.58235096,304.95058052,302.00424727999996
19144,,,,,
19145,,,,,
19146,306.70504728110615,1.2019113440177334,304.63612267999997,308.7069845,306.67668061999996
19149,303.60413069997816,1.6652035553068583,301.52914250000003,308.11566704,303.6141347
19150,,,,,
19151,,,,,
19152,,,,,
19153,300.22684853909567,0.6005855674252294,298.41874429999996,301.82309222000004,300.18037027716537
19154,,,,,
19156,302.4947360913131,0.5025663436015239,301.5804128,303.9217565,302.418682205
19157,304.8635978778182,1.1005930223728537,302.90660456,307.34319452,304.855559564
19158,,,,,
19159,,,,,
19162,293.2522979842553,0.09725186276212834,293.20284577999996,293.43868915999997,293.20284577999996
19165,,,,,
19166,301.2535311199458,0.6350611335437134,300.66780145999996,302.78697386,300.97884128
19168,297.3014519925262,0.5471171055759891,296.61402974,298.46317855999996,297.17116699999997
19169,,,,,
19170,295.8243880820962,1.0240722419717223,292.39961108,297.47195276,296.05005644
19171,,,,,
19176,,,,,
19178,,,,,
19179,,,,,
19180,292.24883252734304,1.6587077389076659,289.62076082,295.31176412,291.89032610000004
19183,,,,,
19185,,,,,
19190,,,,,
19192,307.64667562985636,1.1929397091164724,305.7845774,310.59373154,307.41668530758346
19193,,,,,
19194,,,,,
19196,,,,,
19198,,,,,
19201,,,,,
19202,300.8963129275184,0.6476035750422522,298.08377834,301.67269934,301.0880727531274
19203,300.28386826582334,0.5078974924731767,299.51934674,301.39925774,300.1457734877307
19206,,,,,
19207,,,,,
19209,306.49097480476604,0.868472822590973,305.51113580000003,310.0741925,306.30351364965117
19212,,,,,
19213,,,,,
19214,,,,,
19216,,,,,
19219,,,,,
19222,301.8442461809004,0.42094131436291166,300.73957988,302.65367108,301.95981301999996
19226,,,,,
19227,307.7533028670288,0.23377557729965537,307.1346953,308.2455518,307.77728306
19229,303.6883729804187,0.754209935709874,301.60433894,305.07704726,303.93922770327526
19230,,,,,
19231,,,,,
19235,,,,,
19236,,,,,
19238,,,,,
19239,305.3208658691941,0.7233471173817041,304.007207,306.64933646,305.40859520000004
19241,302.9805393748167,0.44356682100250006,302.29819699999996,303.46715984,303.10484972
19242,299.9077855928976,1.0400864591019516,298.65458767999996,301.7000435,300.27131113999997
19249,,,,,
19250,304.78501179138846,0.3815846964199309,304.14050978,305.3915051,304.78309753999997
19251,,,,,
19253,,,,,
19254,,,,,
19260,,,,,
19261,302.2010043474442,0.4666236792255657,301.57015874,303.31334893999997,302.07260768000003
19262,,,,,
19263,,,,,
19266,306.922297178765,0.5793942743096329,305.83242968,308.19769952,306.82365547999996
19268,308.82832410312,0.6925930952083758,307.36370264,310.7407064,308.7878279007367
19269,305.2217591720102,3.0338099559121914,301.13436119,308.7411647,307.67132444000003
19270,,,,,
19271,,,,,
19281,305.8385649490329,0.448552366507295,304.78993358,306.4340012,305.94864236
19283,295.9318892459194,1.1566714322171632,293.54122975999996,297.76590248,295.91675366
19284,,,,,
19289,,,,,
19291,302.1528560027854,1.015893355864899,300.88313672000004,303.90808442,302.08286174
19292,,,,,
19296,308.0865402481488,0.4771373832043282,306.75187705999997,309.35982632,308.0358892854139
19298,,,,,
19301,,,,,
19303,,,,,
19308,,,,,
19310,,,,,
19311,,,,,
19312,,,,,
19313,,,,,
19314,304.80921902150294,0.31663094907943534,304.48914781999997,305.34365282,304.80018764
19315,303.56767896175376,0.354149110754532,303.33043904,304.4515496,303.45690578
19317,290.6043663558,0.5594301056923775,289.52505626,291.2750825,290.82732188
19318,,,,,
19321,,,,,
19324,,,,,
19325,,,,,
19329,,,,,
19333,293.0358213174875,1.1682246672884433,290.88542822,295.03832252,293.02852676
19337,289.782674259951,0.7831314483247471,288.39369164,291.69208094,289.5387328138481
19338,,,,,
19339,,,,,
19340,,,,,
19341,,,,,
19342,,,,,
19343,305.0531932687281,0.7154343578630566,303.23473448,306.2972804,305.2206041
19350,293.5781313693905,1.635508363970622,290.88542822,296.42262062,293.4247583766514
19351,,,,,
19352,,,,,
19353,,,,,
19355,,,,,
19358,,,,,
19359,301.3351262899376,0.3928175459834625,300.56184284,302.20249244,301.35596282
19363,297.494194419786,2.506282219052946,293.55490183999996,302.15805818,297.48220682
19366,,,,,
19368,,,,,
19369,,,,,
19370,,,,,
19371,,,,,
19372,306.8428189613076,1.4188170087579095,304.81044169999996,309.74264456000003,306.79236968842554
19373,290.71862377107067,1.6275858172410813,286.52745272,292.72090496,291.04664796005494
19376,,,,,
19377,,,,,
19378,,,,,
19379,,,,,
19381,,,,,
19382,,,,,
19385,,,,,
19386,307.1597815814057,0.5732822125154615,305.57266016,308.20453555999995,307.1945039216141
19388,305.6612770918324,0.9923133335830402,303.90124837999997,307.79437315999996,305.8187576
19389,304.21459703711287,0.33780409572584824,303.11168576,305.23085816,304.2291265853489
19392,,,,,
19394,309.2227408181141,0.43317101467583097,308.450633,309.59225168,309.52730929999996
19396,,,,,
19398,301.46885592360866,0.03924112531680509,301.38558566,301.50863438,301.4778722
19399,309.4276900164043,1.2316088020358216,307.27483412000004,311.31835178,309.28804790000004
19400,,,,,
19402,,,,,
19409,299.8805478847972,0.15180203764259997,299.70733784000004,300.17218856,299.91925507999997
19410,,,,,
19413,300.13964200740634,1.027924764376153,298.66484174,302.20932847999995,299.90216498
19414,,,,,
19415,306.5483785837299,1.215470080788204,304.03455116,308.98384411999996,306.45450932
19417,,,,,
19421,,,,,
19425,,,,,
19426,,,,,
19427,,,,,
19431,301.6147569940205,1.0844273050995805,299.67999368,303.13902992,301.8367643
19432,,,,,
19440,304.635247874856,1.1618881303433715,302.35288532,307.65765236,304.55579921000003
19446,306.273512740548,1.187948105088644,304.7591714,308.93940985999996,306.33487862
19451,301.8907482462798,0.29114828208707283,301.33089734,302.42808176,301.815401675
19453,,,,,
19454,296.1452864146073,1.6159602987993351,292.46455346,298.90068512,296.2276442622101
19458,,,,,
19464,293.96772331832585,0.908013908763549,292.15693166,296.34742417999996,293.84030651
19473,306.4600168257636,5.071424553292628,297.81717277999996,311.77636645999996,309.47922080081673
19477,,,,,
19480,,,,,
19482,303.2626730922239,1.3095131018144264,299.80646042,305.26332935,303.45362014809865
19486,307.527241742556,2.3374653594195607,305.88028196,315.23198468,306.6464242456502
19492,,,,,
19493,310.86155467610513,1.6138319339643288,309.03853244,314.7056096,310.60740362
19494,,,,,
19495,299.5207336510355,1.1319729147663509,298.15555675999997,301.57699478,298.9998077
19496,307.0401033952873,0.9664906731113633,305.55898808,309.5102192,306.77238518
19503,306.3821493202826,0.8551678214827954,303.88415828,307.76361098,306.55704992
19505,,,,,
19506,,,,,
19508,,,,,
19510,297.18451865733584,2.221193427114301,291.89032610000004,300.54817076,297.50271494000003
19514,292.738236758716,2.5528011678426554,288.16810232,297.42068245999997,292.41328316
19515,,,,,
19516,303.8021258,0.0,303.8021258,303.8021258,303.8021258
19517,,,,,
19521,,,,,
19522,306.8855442050576,0.3421532139991123,306.30753446,307.66107037999996,306.85696618368416
19523,,,,,
19528,,,,,
19530,,,,,
19531,,,,,
19534,,,,,
19537,,,,,
19538,,,,,
19539,,,,,
19542,304.43988118689657,0.5673158165316051,303.41930756,304.67372090000003,304.67372090000003
19544,300.0770084805107,0.2973689023583138,299.55352694,300.65071136,300.07990201999996
19545,,,,,
19549,,,,,
19550,,,,,
19552,288.8433731529624,0.39898728460784977,288.20228252,289.7027933,288.88588652
19555,,,,,
19556,,,,,
19558,312.01562786,0.0,312.01562786,312.01562786,312.01562786
19562,288.8938222226062,0.38986252111988995,287.93567696,290.2667666,288.86879641999997
19567,290.5815151891895,0.4396330392737504,290.21207828,291.531434,290.29411075999997
19568,,,,,
19572,303.8531511020629,0.4756347932157308,302.55796652000004,304.29090266000003,304.08582146000003
19573,303.53658154741265,0.4115450790306158,302.88267842,305.32998074,303.51843013999996
19574,306.58670528915803,0.6128110340192678,305.51455382,309.16499918,306.55534091000004
19576,301.3771149147827,0.05127030000223832,301.33773338000003,301.44027398000003,301.33773338000003
19578,,,,,
19580,,,,,
19582,290.74126395643725,0.2932934030541345,290.17789808,291.24432032,290.75554346
19585,310.00632746521734,0.167106652452493,309.68453822000004,310.06052042,310.01266813999996
19587,,,,,
19588,,,,,
19589,304.1284695812827,0.6537903688216165,302.88951446,305.99307662,304.13538274999996
19591,,,,,
19593,,,,,
19597,,,,,
19599,299.8672186547531,1.0218820286651313,298.14188468,301.94272292,299.88336587000003
19603,307.5659613207564,2.80669551335398,303.96960878,314.1929066,306.34171466
19604,,,,,
19607,,,,,
19611,310.56858350342657,1.345582632505204,308.56000964,314.1587264,310.42624856
19613,,,,,
19614,,,,,
19616,305.61796846647235,0.2714560572183632,305.16249776,306.16397761999997,305.57430303723015
19617,,,,,
19618,,,,,
19619,306.30851881204865,0.28389894470844357,305.55215204,306.88176182,306.35538674
19621,299.30422725951206,0.22643071199754147,298.95879146,299.68682972,299.29717544
19622,,,,,
19623,307.39251701858177,0.2755886947394016,306.93986816,308.108831,307.364386244
19624,,,,,
19625,,,,,
19626,308.50239178734245,0.38243689241811246,307.91400386,309.34273622,308.40278072
19627,299.4836873209368,1.2872646572733806,298.10770448,302.06918966,298.57939124
19628,,,,,
19629,,,,,
19631,296.6230345847448,1.1626185006842997,292.76875724,298.71269401999996,296.82594698
19635,,,,,
19638,,,,,
19639,,,,,
19640,306.5455643069093,0.25059737827574363,306.0409289,307.22014579999995,306.52856642
19643,299.21887869069246,0.9278773387310914,297.62918168,300.76692404,299.30286617486905
19649,305.8534848971604,0.655687335290373,304.71815516000004,307.77728306,305.87002789999997
19650,,,,,
19651,303.8897904111078,1.5765827445295302,299.24248711999996,306.15372356,304.39230391999996
19655,,,,,
19657,,,,,
19659,298.51159629589785,0.4629297987730313,297.6155096,299.15703662,298.58280926
19663,,,,,
19664,,,,,
19665,,,,,
19666,,,,,
19667,,,,,
19671,,,,,
19674,,,,,
19676,302.04657206810884,1.0632506836108342,299.82355052,304.13367374,301.92563282000003
19683,,,,,
19685,,,,,
19686,306.2597330882739,1.5570087006186397,304.78651556,312.10107836,305.89636538287675
19690,,,,,
19691,,,,,
19693,302.8684242303875,0.6358791895905584,301.81625618,304.22596028,302.77318323595375
19694,,,,,
19695,,,,,
19696,,,,,
19697,312.68343815455734,3.801433810042387,301.58553983,317.7989177,313.18282275862066
19699,303.7866306384263,0.6862379923897949,301.84360033999997,304.85487595999996,303.83716050500004
19702,,,,,
19704,299.12932785306026,0.4286655924227059,298.0598522,299.99103349999996,299.0738648
19705,302.7639463668526,0.5627268063685585,301.73422370000003,304.08923948,302.8792604
19707,,,,,
19709,,,,,
19712,305.32958794162096,0.47479510447111584,304.13025572000004,306.08536316,305.4598655
19714,303.9635366368026,0.8020209603885413,302.09995184,305.58633224,303.89783036
19718,,,,,
19723,,,,,
19724,308.18521006999896,0.2250965225404459,307.61663612,308.51215736,308.2284617000001
6913,310.29891912950535,2.9951939933239933,305.32656271999997,317.61434462,309.22310552
6924,,,,,
7034,,,,,
7040,309.4632263770228,1.6918926339870335,306.51261566,313.06837801999995,309.3206844780645
7062,,,,,
7099,306.31768341526765,1.4409151214012486,304.7420813,309.70846436,306.1092893
7155,,,,,
7251,,,,,
7263,301.2658625559814,1.4527269298915855,298.34354786,303.28258675999996,301.57699478
7266,310.6165104712937,1.4148155177790045,308.61127994000003,312.7573382,310.73728838
7278,,,,,
7281,,,,,
7338,,,,,
7365,306.7026106928691,1.480221340593992,304.86513002000004,309.55465346,305.9520257379054
7371,,,,,
7376,307.0578660054507,1.691533629856198,302.54771245999996,310.32028994,307.26458005999996
7414,,,,,
7418,,,,,
7444,301.4374408618181,0.34602564244897294,301.36165952,302.15805818,301.36165952
7447,309.354110291624,1.6909309550862317,307.30217828,313.5605729,308.82480566
7567,,,,,
7577,314.97760140134346,1.6931702554741448,312.039554,317.78524561999996,315.2695829
7583,305.27154083161577,2.20735505109005,301.67782637,310.25876558,305.6409569266489
7592,308.79411365892594,1.530122001476392,305.97598652,313.99807946,308.93257382
7690,,,,,
7717,,,,,
7752,,,,,
7816,,,,,
7833,,,,,
7893,314.89573073628117,2.592586418891637,309.20601541999997,319.33360868,315.30315193086096
7978,,,,,
8000,,,,,
8028,300.4585800847337,3.448186729451224,295.04686757,309.6127598,300.22174985000004
8137,,,,,
8202,,,,,
8232,,,,,
8398,,,,,
8450,,,,,
8673,309.5256600991036,2.095411426569234,305.07362924,313.04103385999997,310.11293006
8677,312.35004416629107,1.5751891954773853,309.31539206,316.09674373999997,311.76269437999997
8729,313.3049577350196,2.0348516289119996,309.44869484000003,316.17194018,313.45119625999996
8737,315.3638093741925,1.1674360350110335,313.72805588,318.875594,315.17216429856717
8741,,,,,
8810,,,,,
8831,,,,,
8844,,,,,
8871,,,,,
8875,,,,,
8881,,,,,
8882,,,,,
8907,,,,,
8974,308.73550334147126,2.3571438178320823,305.00526884,313.71096578000004,309.21057754711296
9075,,,,,
9159,,,,,
9271,,,,,
9306,,,,,
9311,304.85145794,0.0,304.85145794,304.85145794,304.85145794
9328,,,,,
9423,,,,,
9427,,,,,
9459,311.4801509395265,1.1926656423444624,307.7328488,313.748564,311.5952114
9495,316.40403655958164,0.6593996352806473,314.4834383,318.47910368,316.517615936
9512,,,,,
9635,310.994562309657,1.8811048538467232,309.07954868,315.72076154,310.55955134
9703,,,,,
9726,,,,,
9737,313.5659625467861,1.0678198601880897,311.12694266,315.91558868,313.60500716
9758,314.7634808736952,4.258680906296604,307.89691375999996,320.92982401999996,315.05766566
9824,,,,,
9861,289.88105184514234,0.8035461565094932,287.05724582,290.78288762,290.24284046
9897,,,,,
9904,,,,,
9977,,,,,
10081,310.5547775053999,0.7406745889971529,309.09663878000003,312.66846968,310.39719539
10131,,,,,
10138,,,,,
10222,,,,,
10233,,,,,
10328,,,,,
10350,311.2307547272447,1.4538017664594025,306.35196872,312.79835444,311.6635718
10424,,,,,
10491,318.8934099910627,1.971623727931099,314.18265254,322.52262134,318.87901202
10496,309.02466691533874,1.0547166195546502,306.75187705999997,313.52981072,308.88490515264465
10619,,,,,
10626,,,,,
10644,305.8297086882477,2.5620268225824097,300.13117232,309.53072732,306.38273089999996
10695,310.79818497315335,1.6850431476905978,308.90522966000003,314.49027434,309.6640301
10696,298.6753007380211,1.5394691641899185,296.1970313,301.79916607999996,298.74687422
10797,,,,,
10839,,,,,
10925,312.1011636167347,1.2235634467551326,309.78707882000003,314.12796421999997,312.45997046
10926,308.5414271168765,2.430913342435063,305.53847996,314.28861115999996,307.97211020000003
10988,,,,,
11061,,,,,
11103,308.1478253930912,1.083804381253776,305.82559363999997,310.672346,308.00970842000004
11177,312.7646625117595,1.2583772288883066,311.13719672,315.54644252,312.35021403999997
11222,,,,,
11290,,,,,
11351,292.701498167488,0.9772476746143456,290.7111092,295.40063264,292.65083555
11426,,,,,
11440,,,,,
11623,,,,,
11669,,,,,
11767,308.8889909695575,1.0601895425159484,306.26651821999997,310.29294577999997,309.14790908
11793,314.1809142253654,1.4529245011846728,311.35595,319.33019065999997,313.98525582468085
11918,313.2380078617152,1.2530011385775814,310.9286975,315.89508056,313.14357445999997
11922,,,,,
12009,,,,,
12074,310.2569993418663,1.9356706684537868,307.17912956,313.97757134,310.61765768
12122,311.9022238989264,1.3801518871873841,308.50532132,316.2608087,311.73193219999996
12157,,,,,
12243,306.2064739075884,1.2082179633068735,303.88074026,308.40961676,306.55704992
12280,307.3949113185899,1.0472034357767603,305.11122746,309.4076786,307.41247172041267
12315,305.51058085499744,0.7623736943501642,304.37635316,307.5619478,305.44961144
12409,303.50171542947976,0.5218388645071523,302.7083594,304.06189531999996,303.6995852
12424,307.3456066301175,1.4003854817671035,304.69422901999997,309.55807147999997,307.425227
12454,310.1432774476365,1.345531723876064,307.85589752,313.57424498,310.07928588807084
12470,312.50173979409453,1.5880072847619537,309.7836608,316.08648968,312.70151054
12495,299.3638165400722,0.45950394339521405,298.07352428,300.10041014,299.47491248
12520,316.0221052655503,1.5224505807469961,313.03761584,319.06700312,315.83013818
12535,,,,,
12564,,,,,
12567,,,,,
12771,,,,,
12776,310.92342165171334,1.4035126502764135,307.50384146,314.10403808,311.08934444
12795,,,,,
12811,310.762024939788,2.0483319840224175,308.22162566,315.92926076000003,310.19040517999997
12820,,,,,
12824,308.6144835734194,1.4225964558045114,306.3656408,311.56444922000003,308.61127994000003
12828,300.8250523844206,0.3993499657211703,300.56867888,301.7000435,300.86604662
12925,295.8423789739373,0.41016240000016735,295.11351895999996,295.93384376,295.93384376
12926,305.96576218797173,1.7772732618503242,302.57505662,309.87252932,305.89053602
12961,,,,,
12967,,,,,
12996,310.4574942511863,2.1974042435020533,308.40619874000004,316.11041581999996,309.51705524
12998,,,,,
13056,,,,,
13147,,,,,
13239,,,,,
13242,314.9657064306287,1.0537574726998502,312.06348014,318.40048922,314.89815806
13294,310.2599293685905,1.3327212014932477,307.99261832,312.7915184,309.92721764
13524,,,,,
13569,,,,,
13602,,,,,
13662,,,,,
13684,,,,,
13686,311.3709017131091,1.0523064271854703,309.46236692,313.13673842000003,311.3046797
13710,,,,,
13732,308.56300182458943,1.1788829648441137,307.02190064,312.24121718000004,308.53266548
13755,307.7561135635491,0.34711748447328095,306.85783568,308.44379696,307.83994676
13977,,,,,
13982,,,,,
13984,,,,,
14097,,,,,
14151,306.04948483473447,1.5021346059862337,303.5457743,312.55909304,305.7241899964435
14210,,,,,
14281,313.03105841517555,1.0104254494580345,310.63474778,315.19438646000003,312.89918603
14345,,,,,
14362,303.44608461800914,0.699523653243222,301.7171336,304.39344326,303.62097073999996
14379,,,,,
14485,,,,,
14526,305.3820950347567,1.2213577818040435,303.38512735999996,308.48139518,305.16819446
14530,,,,,
14596,,,,,
14655,,,,,
14669,308.96892385486353,0.5363338752086717,308.05414268,309.69479228,309.05562254
14745,309.06707962142025,1.573212528785738,306.85441765999997,313.06154198,308.83686925999996
14764,306.7438090076784,0.6882696358616326,305.50429976,307.84564346,306.68351666
14787,,,,,
14827,313.4727362559974,1.9488359599683045,309.64010396000003,316.99226497999996,313.49563051999996
14846,307.8529544455308,1.1895646258455739,306.56388596,310.9286975,307.35003056
14956,312.55509919470705,1.5099591397380696,310.76463254,317.98007276,312.20874599
14969,,,,,
14982,313.66506197722117,1.7810110167498456,308.09515892,316.21295641999995,313.92971906
15016,314.5714392821696,3.79578933744733,308.66938628,321.48354326000003,314.58426989
15023,313.41454461135,0.881518412427485,311.59862942,315.20464052,313.42043408
15100,,,,,
15122,,,,,
15125,,,,,
15139,,,,,
15279,,,,,
15336,,,,,
15378,,,,,
15468,308.9864316895875,0.7047821774391586,307.94476604,311.15428682000004,308.90181164
15472,311.4330692968899,2.7048596956004856,303.49792202,317.0469533,310.9799678
15543,,,,,
15667,,,,,
15690,,,,,
15693,,,,,
15723,314.48411839833835,0.8041622462282662,312.6206174,315.29692706000003,314.4834383
15898,,,,,
15954,,,,,
15973,303.4888073,0.18489631324804284,303.25182458,303.70300322,303.5115941
15979,311.16377554956676,3.4194051344761323,307.35003056,318.13730168,309.89303744
16004,,,,,
16113,,,,,
16116,,,,,
16187,312.0450495154276,0.8038548422944597,310.81590284000004,314.15189036,311.86528254687875
16223,,,,,
16239,,,,,
16244,,,,,
71,,,,,
98,,,,,
135,,,,,
202,308.3688773214598,1.6491078066233509,304.85145794,312.49756868,308.2284617
234,,,,,
270,,,,,
282,315.0152173329166,0.6740262642193071,313.56399092000004,315.55327855999997,315.14995220000003
330,,,,,
331,,,,,
416,,,,,
475,,,,,
492,310.4167104634309,2.4396959730660033,305.64785659999995,313.75198202,310.8451046195652
535,305.2765137627295,0.34844945034837416,304.18494404,306.15372356,305.29409152999995
543,,,,,
720,,,,,
773,,,,,
870,,,,,
878,311.07248711526984,1.8114017753198137,305.61367640000003,314.57572484,310.899490133609
889,308.4096566901402,0.6726041243634449,308.01312644,310.58347748,308.25922388000004
947,,,,,
1016,,,,,
1030,314.5997306925695,2.3769215407904722,309.64010396000003,316.49665208,315.48833618000003
1059,305.77690360783885,1.9017525314668748,301.73422370000003,311.0825084,305.00868686
1151,,,,,
1235,311.295852729939,1.721259062007977,307.19621966,313.61867924,311.40380228000004
1254,313.01317044626666,1.1126000787509225,309.65035802,314.88676466,313.11964832
1306,,,,,
1315,,,,,
1321,,,,,
1361,309.0011082314001,1.28421097562386,306.2972804,311.84472686000004,308.83572992
1381,,,,,
1388,,,,,
1441,308.21853983156103,0.9528308484305975,306.23575603999996,309.95797982,308.16693734
1445,305.2520596252137,1.3653849086438747,303.84314204,307.75335692,304.59852446
1450,,,,,
1481,,,,,
1489,301.63253923511235,2.277774220756483,296.94557768,304.59510644,302.12387798
1578,,,,,
1581,,,,,
1602,,,,,
1612,302.76125981864556,1.509425940742877,298.57939124,306.05118296,302.60608333107945
1674,,,,,
1679,,,,,
1688,,,,,
1799,312.6004438002979,1.153790145847003,310.2109133,314.34671749999995,312.84620672
1851,,,,,
1910,,,,,
2038,,,,,
2067,,,,,
2115,,,,,
2125,310.79074648212054,1.045562017977855,308.79585302,312.61378135999996,310.86888215
2209,300.43164442765686,1.885366141107917,293.64718838,303.44665172,300.53108066000004
2238,,,,,
2256,,,,,
2370,306.37367236805284,0.6275437332255596,305.62051243999997,308.03363456,306.30411644000003
2373,,,,,
2403,,,,,
2466,301.41976524064387,0.5862657149394361,300.16535252,303.14244794,301.4778722
2576,,,,,
2605,,,,,
2661,315.5823503869643,1.8597448428184291,310.672346,319.16954372,315.77203184
2691,,,,,
2701,,,,,
2734,,,,,
2750,311.4926388440095,2.6878408007935866,308.27631398,319.4395673,310.73728838
2781,320.87605227021396,1.8039326444051722,316.02496532,322.59439976,321.47328919999995
2782,312.5883608363106,1.0148534062623449,310.41257648,314.61332305999997,312.66334265
2796,,,,,
2818,305.36361903542866,0.2909164501741516,304.76942546,305.79141344,305.3915051
3000,,,,,
3072,,,,,
3131,,,,,
3146,,,,,
3155,,,,,
3250,,,,,
3272,,,,,
3280,311.15190205786115,2.2647258801644043,305.29238252,315.67974530000004,311.16026835499997
3282,311.1962790471848,1.577168859320273,308.37885458,314.95512506,310.8261569
3332,,,,,
3340,313.5139129525581,0.5983260037571992,312.3300857,313.75198202,313.34865565999996
3381,,,,,
3429,,,,,
3468,309.71116387729717,1.1497941748546536,307.21672778,312.71632195999996,309.59225168
3491,,,,,
3506,,,,,
3521,310.42179393175365,1.7467132663217175,307.73968484,314.64066721999995,310.11862676
3540,307.23998671291844,3.8391740838901978,302.09311579999996,313.3896719,308.01312644
3553,314.81734022591115,0.8648625002532345,312.89405899999997,316.53766831999997,314.69706455
3656,,,,,
3681,303.46686149542217,1.0489128085807022,302.1443861,306.8954339,303.45690578
3767,308.25331866109906,2.463174324673849,304.06531334,313.48879448,308.05243367
4036,309.294912689801,0.934541913947642,307.96185614,311.57128525999997,309.01460629999997
4113,,,,,
4154,,,,,
4179,,,,,
4190,,,,,
4193,313.1849864033916,1.6077167217188195,310.9799678,317.2178543,312.89064098
4256,,,,,
4310,,,,,
4357,310.2156947901246,1.4012654776770959,307.47307928,312.66505166,310.71336224000004
4362,,,,,
4413,,,,,
4457,316.9427030493214,1.9020165882814195,312.0908243,321.52114148,317.15974796
4521,,,,,
4526,315.6712136325878,1.8603118453048724,312.9453293,319.9180901,315.09184586000003
4536,301.077306761961,0.9192079750713182,299.32110158,302.31186908,301.272791
4590,314.56938275695484,1.7860368538573193,311.98486568,319.13536352,313.85964965
4606,,,,,
4664,,,,,
4704,,,,,
4786,,,,,
4794,,,,,
4896,,,,,
4928,,,,,
4930,,,,,
4968,,,,,
5005,,,,,
5083,,,,,
5138,,,,,
5174,,,,,
5205,311.8436546640728,2.0308016578737997,308.61127994000003,315.29692706000003,311.64989972
5266,312.91476948737164,3.816783501984197,305.43252134,318.58164428,313.3384016
5305,,,,,
5347,,,,,
5421,315.19956293655684,1.416878634007335,311.54735912,317.41268144000003,315.31401716
5442,,,,,
5452,308.26947794,0.0,308.26947794,308.26947794,308.26947794
5471,312.43592373175045,0.9302271111839575,309.69137426,313.70071171999996,312.61014383412845
5486,,,,,
5598,,,,,
5638,,,,,
5754,,,,,
5777,,,,,
5877,,,,,
6042,,,,,
6061,,,,,
6103,,,,,
6136,,,,,
6150,311.44801362565215,0.17068058541584127,311.2534094,311.66698982,311.4072203
6182,313.99401818888725,1.2423590411816208,311.43798247999996,320.45471924000003,313.7231516681915
6187,,,,,
6224,296.82147558700757,3.839758427410741,287.02648364000004,302.34263125999996,297.62918168
6233,,,,,
6259,,,,,
6304,,,,,
6363,310.79505209046937,3.4566935590932624,306.06485504,317.48787788,310.16078233999997
6472,,,,,
6673,,,,,
6684,,,,,
6756,,,,,
6761,,,,,
6825,309.30011414560914,1.0609026423791004,308.22162566,312.77442829999995,308.825247992
16447,,,,,
16492,304.2874532213352,1.0702513875055735,303.10826774,306.50919764,303.80896184
16583,,,,,
16592,,,,,
16623,310.2748525828299,1.4712682506923134,308.12250308,313.63918736,309.92152094
16710,,,,,
16716,315.25104599427397,0.9980190406774677,313.19484476,316.68464317999997,315.457574
16812,,,,,
16826,,,,,
16865,309.1832770099273,1.107570874780751,307.59270998,311.60546546,308.90181164
16962,,,,,
16968,,,,,
16971,301.84506493089737,2.728632357033325,295.7526887,309.34102721,301.39925774000005
17000,,,,,
17005,304.23786323407035,0.5420289558749105,303.38512735999996,304.690811,304.2464684
17015,320.1546731253915,0.758584129541094,317.81600779999997,320.87171767999996,320.2769822
17020,307.8390617509639,0.6039621037758757,307.02190064,309.95114378,307.7707379153191
17058,,,,,
17088,,,,,
17127,,,,,
17283,314.6104262157089,0.8233271153192641,312.88722296000003,317.0127731,314.61674107999994
17333,301.72197061618186,0.06323337024912788,301.6487732,301.77523994,301.77523994
17337,,,,,
17363,,,,,
17365,,,,,
17443,,,,,
17521,305.5941544540094,0.26836142421526343,305.0155229,305.87686394,305.65469264
17539,306.0047514443859,1.0125861807709107,303.6995852,307.62689018000003,305.78115937999996
17548,,,,,
17555,,,,,
17616,,,,,
17620,,,,,
17731,314.5621104354826,2.6454656344984837,309.72555446,318.78330746,314.70021964538466
17753,,,,,
17773,,,,,
17836,,,,,
17880,309.15803949954994,1.1729754625561932,307.27825214,312.90773107999996,309.00093422
17939,307.4248507112511,1.0658894599803315,306.08194514,309.2025974,307.19963768
17950,305.9474269904655,2.09281543641539,301.66586329999996,311.14403275999996,306.16632085184136
17986,,,,,
18007,,,,,
18058,308.20598885409436,0.989934450595165,306.8270735,310.8774272,307.95160208
18090,296.5262295317623,0.8038663822317643,293.68136858,297.58132939999996,296.66530004000003
18113,296.97633986,0.0,296.97633986,296.97633986,296.97633986
18185,310.64651049849925,2.7255376714873667,307.70208662,316.01471126,309.66022144914285
18238,,,,,
18242,,,,,
18265,,,,,
18309,314.01210926584633,1.3035759636221105,312.17285677999996,317.03328122,313.66994954
18318,,,,,
18323,302.9909456078359,1.0226491788677603,301.2898811,305.16591578,302.49644216
18377,312.6367885149386,1.133114044400531,310.71678026,316.70173328,312.67796418
18441,307.5350598039211,0.7140355010254058,305.74356116,308.80610708,307.61663612
18448,,,,,
18474,310.36788225912136,2.0563047897738813,306.6219923,314.69535554000004,309.95456179999996
18556,,,,,
18620,,,,,
18631,,,,,
18701,313.6141864356424,0.9295581193871528,311.73876824,315.87457244,313.55373685999996
18782,,,,,
18794,,,,,
18849,311.7272895259033,1.942775216254499,309.40084256,317.00251904,310.98338581999997
18859,303.294841824511,0.6012633934355105,302.12387798,304.75575338,303.5457743
18947,302.9181776850659,2.4863790744171737,299.0339879,309.12740096,302.89007632630137
19056,306.3003551431492,2.0272201623822,304.58485238000003,312.42579026,305.48037362
19057,316.5241451612129,1.8905814658756317,309.8349311,318.69443894,317.01960914
19380,,,,,
19452,,,,,
19490,,,,,
19577,298.5554651,0.0,298.5554651,298.5554651,298.5554651
19605,305.9431556260952,1.5355042992678227,303.82263392,309.21968749999996,305.43252134
19661,,,,,
19711,,,,,
19716,309.44623127948876,2.581722115150882,304.59852446,314.32279136,308.60330456
6986,,,,,
7000,305.8989888948485,0.8909001196575509,304.4173694,308.34125636,305.67178274
7010,,,,,
7046,304.04679633145867,0.5121435883809986,302.33921324,304.77967952,304.08240344
7080,,,,,
7182,,,,,
7191,312.78213942556357,2.485652585730747,309.42818672,316.68464317999997,313.24953308
7238,,,,,
7272,,,,,
7440,306.02637357552084,3.921254320496233,301.11385307,314.66117534,305.66665571
7540,,,,,
7557,,,,,
7615,,,,,
7629,309.62792382279923,0.9972347903023298,308.05072466,312.71632195999996,309.61703232499997
7656,306.8076889177809,0.4255101625989926,306.11270732,307.61663612,306.84758162
7689,311.48406853501484,1.692709303339125,309.32564612,316.72224140000003,311.5439411
7773,310.2465902737104,1.8481434052616632,305.97256849999997,312.77442829999995,310.7060558302752
7805,,,,,
7862,,,,,
7876,,,,,
7912,,,,,
7986,,,,,
8019,306.03815500534955,0.42511774036643085,305.95206038000003,306.98088440000004,305.95889642
8039,,,,,
8177,307.1933155033365,2.798493904805964,304.29090266000003,313.39650794,306.23575603999996
8378,,,,,
8380,304.92959166801097,1.403189103239085,302.17173026,306.67668061999996,305.37783302
8426,304.65922024362794,0.5185578650255837,303.56286439999997,305.84268374,304.7420813
8496,,,,,
8531,,,,,
8539,310.8438856224863,0.5707920004332228,308.87446748,311.64306367999995,310.96287770000004
8556,,,,,
8808,,,,,
8814,,,,,
8829,,,,,
8886,,,,,
8976,300.74111604857643,0.9941715293797156,299.24590514,302.91002258000003,300.5720969
8996,,,,,
9014,301.48129022,0.0,301.48129022,301.48129022,301.48129022
9018,,,,,
9059,311.4322137452313,1.1083396146709392,309.05562254,312.6547976,311.5610312
9219,,,,,
9257,312.59485349774724,1.3275726800149557,309.93063566,315.75835975999996,312.947892815
9260,,,,,
9280,307.50681653981235,0.8326168961954974,305.71621700000003,308.98384411999996,307.5277676
9308,,,,,
9379,,,,,
9383,,,,,
9404,,,,,
9435,,,,,
9457,,,,,
9471,,,,,
9565,309.8837289659591,1.2664123020151135,306.73991399,313.75369103,309.61105079
9615,,,,,
9621,,,,,
9689,,,,,
9727,311.42245826751076,2.767442226077897,307.28850620000003,318.39365318,310.3637870009678
9876,,,,,
10005,308.5914529338625,2.114178095849292,305.85635582,314.08011194,308.13959318
10077,,,,,
10198,,,,,
10201,,,,,
10302,,,,,
10316,,,,,
10338,,,,,
10607,,,,,
10622,312.9364581625747,0.8484445130745728,311.36962208,314.72611772,312.76759226
10661,,,,,
10766,,,,,
10767,,,,,
10801,,,,,
10827,310.56769737145737,2.9288781843192395,306.5194517,319.03282292,309.54098138
10843,,,,,
10845,,,,,
10872,,,,,
11036,,,,,
11051,,,,,
11116,,,,,
11210,298.16839361385007,0.9176133060360215,297.41726444,301.34798744,297.9402215
11302,,,,,
11333,,,,,
11419,310.6400860445544,2.1623925351041193,305.54531599999996,314.6543393,310.58689549999997
11432,,,,,
11459,,,,,
11495,307.36830164349516,0.2142225457564437,306.8612537,307.60980008,307.3910468
11505,,,,,
11511,302.8125080400436,2.041357013064278,298.6750958,307.2372359,302.87242435999997
11564,,,,,
11572,308.2812147839632,1.6097326903678397,305.26162034000004,311.32176979999997,307.58245592000003
11580,,,,,
11633,,,,,
11684,,,,,
11760,305.5651294829807,0.5556031027619187,304.48231178000003,306.64591844,305.4940457
11856,,,,,
11877,,,,,
12073,,,,,
12093,310.7632456456721,2.1506933726177384,307.79437315999996,316.09674373999997,310.3032360734275
12175,,,,,
12246,,,,,
12260,,,,,
12268,,,,,
12556,309.93447114809163,0.5363484863326637,308.86421342,311.51659694,309.97620926
12585,312.74528293340796,2.010595021344767,309.12056492,317.0127731,312.39502808
12590,,,,,
12600,,,,,
12618,291.17863502720576,1.4964342716801053,288.80727206,294.60423398,290.89278753993483
12660,,,,,
12683,,,,,
12746,305.6608076728049,1.0857240315501817,303.00230912,308.62837004,305.5853889552597
12755,,,,,
12801,,,,,
12887,306.4330845273235,1.789204728836404,304.75575338,310.19724122,305.4166762141722
12943,,,,,
13087,,,,,
13103,291.96677753700936,2.701141201305903,287.9254229,297.32839592,291.27337349
13138,,,,,
13207,311.10896217567495,1.1948478599134609,308.34467438,313.98440738,311.02098404
13343,309.7082125710428,1.538054923386973,307.8353894,315.10209992,309.32179870050254
13345,300.10901142548147,0.38583603873985095,299.18438077999997,300.59260502,300.20295074
13371,,,,,
13405,,,,,
13466,304.49831358635856,0.928574372601979,301.72396964,305.5282259,304.79164259
13485,316.9875743780767,2.427504930783422,309.82467704,320.19836774,317.8330979
13541,,,,,
13554,310.7529569790049,1.4916418025768567,307.14836737999997,313.03761584,311.10814355
13624,310.30359606234765,1.2109870103963352,308.00287238,313.02394376,310.2694362835214
13625,,,,,
13640,,,,,
13656,,,,,
13672,,,,,
13717,,,,,
13932,311.73277920255003,0.960723658406188,309.99216002000003,314.25443096000004,311.893946348
13981,,,,,
14050,315.1662428363549,1.1666366128803904,312.5009867,316.6880612,315.64488149600004
14062,308.20466564914,1.7686231749520882,304.51991,312.49756868,307.76551871209307
14064,311.001954208561,2.365025212914354,307.87982366,317.35799312,310.151952455
14065,310.96550385698254,1.1936140049515886,309.96481586,315.26274686,310.60892273999997
14186,,,,,
14194,305.767179409772,1.533075909316706,304.00378897999997,309.8862014,305.38808708
14235,,,,,
14265,,,,,
14342,,,,,
14355,,,,,
14360,,,,,
14409,,,,,
14494,,,,,
14501,302.8567726806002,0.7638351223101119,301.56674072,304.43787752000003,302.82457208
14544,307.3473813860971,2.4988335044754133,304.26697651999996,311.91650528,306.89201588000003
14589,,,,,
14591,,,,,
14722,,,,,
14791,,,,,
14839,312.0117728455863,0.43828454911883774,311.43456446,312.723158,311.82763676
14860,,,,,
14880,300.483759902049,1.6785374750292335,296.64137389999996,302.98863703999996,300.3499256
14961,,,,,
14977,,,,,
15027,,,,,
15059,,,,,
15116,,,,,
15156,,,,,
15195,308.0746822773454,1.3454004905052144,304.9300724,310.09811864,308.27973199999997
15286,,,,,
15296,306.042594468426,1.7328301429399768,302.56480256,308.48823122,306.25284614
15446,321.4898392754745,2.234728970840898,318.06894128,325.67403578,321.22035572
15526,,,,,
15569,,,,,
15676,311.3621015666961,1.3387701975077893,308.6044439,314.60990504,311.8585586605608
15710,306.33248520427514,1.8837236647182567,302.20420145,309.99557804,306.47501744
15780,310.2369459700128,1.110384236500881,307.79779118,312.07715222,310.6381658
15813,311.3227434165232,1.4856283680357192,307.75335692,314.3296274,311.74189328685713
15844,307.42612283001404,1.2735099008622868,305.69229085999996,310.76463254,307.204386254429
15860,,,,,
15878,,,,,
15937,,,,,
16039,,,,,
16067,299.48277999349114,0.08842922656518552,299.30401148,299.56036298000004,299.51592872000003
16082,,,,,
16088,,,,,
16089,307.5522264622294,0.5112822366625771,306.1947398,308.42670685999997,307.3910468
16120,,,,,
16211,,,,,
16225,,,,,
16241,,,,,
30,,,,,
79,306.36492072034963,1.5137071532955626,303.63806084,309.52730929999996,306.78263924
233,,,,,
251,306.8000340668945,0.1917411394966077,306.64591844,307.05266282,306.64591844
269,315.939335200107,1.6217452598003466,310.86033710000004,318.33896486000003,316.369046
291,310.6775047563408,1.0198203946505136,308.98384411999996,313.62551528,310.57968874937313
361,,,,,
514,,,,,
630,,,,,
683,,,,,
695,,,,,
698,,,,,
752,313.0156826915435,1.164404954818607,311.19530306,315.30034508,313.01710772
789,,,,,
862,314.19908313822356,2.6721597653245523,309.5785796,321.19642958,313.66482251
952,,,,,
979,,,,,
1000,,,,,
1008,307.6983379756901,2.1473817845870364,303.97815383,312.07715222,307.596982505
1074,,,,,
1148,313.01285029226136,1.5128498335639138,310.53904322,316.74616754,312.69239582
1215,,,,,
1303,284.23933082466215,0.8450787043758724,283.13335886,285.62167741999997,284.23054328
1314,,,,,
1332,,,,,
1407,,,,,
1457,,,,,
1467,,,,,
1511,307.46551795621616,1.1728070666244443,304.04480522,309.7153004,307.74139385
1527,307.40341056755466,0.893956803600934,304.2122882,308.51557538,307.64056226
1576,301.35016822794563,1.0617436523192099,300.27472916,304.35584503999996,300.984822815
1584,,,,,
1697,,,,,
1709,,,,,
1755,,,,,
1925,,,,,
1970,,,,,
2034,307.3902208577667,1.334543338022662,305.2718744,310.05026636,307.58587394
2253,,,,,
2280,,,,,
2292,,,,,
2320,,,,,
2384,,,,,
2386,,,,,
2434,314.201286327371,1.4185560338262848,310.46042876,316.5855206,314.37406166
2449,,,,,
2491,,,,,
2501,,,,,
2568,,,,,
2584,,,,,
2594,311.1700007079459,0.9360134038104997,309.86569327999996,313.62551528,310.99022186
2651,,,,,
2681,,,,,
2729,310.05026876570105,2.3651545217106595,303.89099432,313.97757134,310.4062261266785
2768,,,,,
2845,,,,,
2855,303.445968116,1.3961118485137043,301.65560924,305.71279898,303.32531201
2909,310.3790758850654,1.645831145992748,307.44573512,313.29054931999997,310.58005946000003
2993,311.2380697047059,0.13455401603158618,310.96287770000004,311.31151574,311.23973732
3029,313.5469055073559,1.8451695128164602,311.1508688,316.99226497999996,312.88038692
3039,,,,,
3087,,,,,
3170,311.10217516123083,0.8547691037587682,309.93405368000003,312.44288036,311.26366346
3276,,,,,
3283,,,,,
3300,,,,,
3338,,,,,
3343,310.9777111240392,1.6548232497416833,307.01506459999996,316.08307166,310.73159168
3348,,,,,
3408,,,,,
3412,,,,,
3471,,,,,
3482,306.77877216672226,0.9728309099843224,305.76406928,310.3476341,306.45804170720913
3574,,,,,
3598,,,,,
3639,,,,,
3670,,,,,
3837,300.3973326179901,0.855451082684039,298.05643418,302.25376273999996,300.26789312
3890,,,,,
3904,306.1488536851097,0.3709063580134899,305.57266016,306.49210754,306.07852712
4008,308.138264656962,1.1277598031910807,306.04776494,309.5443994,308.53266548
4129,306.38511512785925,1.68482862803923,302.30845106000004,308.27631398,307.00822856
4189,,,,,
4303,309.5771702372392,1.3402750271699149,307.81146326,313.40676199999996,309.20088839000005
4329,305.27289347781675,0.46339335206742605,304.36268108,306.14688752,305.28554648
4496,299.8650693792663,0.3190572603322933,299.25274118,300.12091826,300.02179567999997
4524,,,,,
4554,306.96790376149806,0.5188276346338383,306.0409289,307.74310286,306.98088440000004
4599,296.8512585483944,1.9546474720086604,291.39471319999996,299.10918433999996,297.26003552
4619,,,,,
4648,295.0144550312045,3.4477439294245436,286.78722224,300.41828599999997,296.14906057376237
4668,,,,,
4726,,,,,
4761,,,,,
4770,,,,,
4775,,,,,
4806,,,,,
4812,,,,,
4833,,,,,
4885,,,,,
4922,,,,,
4965,307.1348037425625,2.0263282177703132,304.88905616,312.44629838000003,306.57584903000003
5134,,,,,
5181,,,,,
5299,,,,,
5310,,,,,
5319,,,,,
5476,312.0884390723442,1.8778819956821775,307.06291688,314.5347086,312.52149482
5643,,,,,
5878,308.05270426725696,3.3867216477376565,304.19861612,315.06791971999996,307.23837524
5944,,,,,
5977,,,,,
6100,,,,,
6121,,,,,
6186,300.7064859151695,0.26716062956340225,300.43879412,301.17366842,300.59944106
6220,315.30627607557784,3.1652890515070995,309.70504633999997,320.57434994,315.38579558000004
6267,309.1633468267516,1.308862334548423,305.47011956,311.35936802000003,309.18892532
6289,,,,,
6349,,,,,
6376,,,,,
6411,,,,,
6419,309.57079634763096,1.1555416440375668,307.00822856,313.1504105,309.54667808
6484,,,,,
6495,,,,,
6498,,,,,
6554,304.19132434399995,0.4670682606857128,303.8021258,304.94374447999996,304.30799276
6615,,,,,
6628,,,,,
6826,,,,,
16409,315.1710553906617,1.833174026026139,310.18356914000003,321.36733058,315.17216933
16424,301.4219789349411,4.861931066091208,295.95776989999996,312.27539737999996,298.9310200475
16434,308.6973657247622,1.3770266811117042,307.15862144,312.26514332,308.17640110635836
16532,,,,,
16540,305.15167986656394,0.9915310359522672,302.63658097999996,306.92619607999995,304.88280028392103
16615,,,,,
16733,,,,,
16774,,,,,
16777,294.8464499960766,1.4809701639035133,291.77753143999996,297.37283018,294.96312608
16859,,,,,
16973,299.13414576176785,1.4589299611008786,297.17800304,301.73422370000003,298.50077678
17002,,,,,
17018,,,,,
17035,,,,,
17137,,,,,
17195,312.6307476132752,1.9571412485466828,309.59908772,316.7906018,312.31983164
17208,316.9926585980414,1.7736791442477196,312.91798514,319.34728076,317.46053372
17232,,,,,
17305,314.14546549407606,2.195082456621088,309.58883366,318.40048922,313.85794064
17313,,,,,
17316,,,,,
17398,,,,,
17458,,,,,
17466,312.9514226638603,1.5335406208109115,309.76315267999996,314.92094485999996,313.3208732923077
17469,303.63900293662874,0.6556696012397145,302.36997542,304.73182724000003,304.00378897999997
17505,,,,,
17513,,,,,
17655,,,,,
17672,,,,,
17725,,,,,
17781,,,,,
17796,,,,,
17807,,,,,
17853,,,,,
17920,307.67614331590465,1.2611217545625144,304.70448308,311.21581118,307.39446482
17976,,,,,
18061,301.3222308907677,0.45490873603910964,300.6062771,302.7083594,301.2695251521233
18085,,,,,
18160,308.1518733825706,1.6650608364666484,305.79483145999995,311.76953042,308.04730664
18173,310.584148942885,1.2239028747257894,307.41839096,312.53858492,310.5383596160001
18189,,,,,
18368,,,,,
18463,315.45421004433643,1.1933726646971445,313.33498357999997,317.81942582,315.4496716863696
18482,,,,,
18709,,,,,
18721,,,,,
18777,,,,,
18800,,,,,
18941,,,,,
19025,,,,,
19036,,,,,
19044,,,,,
19071,,,,,
19107,,,,,
19228,,,,,
19280,,,,,
19419,309.1741629348861,0.6043637594697506,308.74458272,310.22458538,309.51363721999996
19441,,,,,
19479,,,,,
19511,,,,,
19519,,,,,
19541,,,,,
19662,308.3370206339132,0.760915681712375,306.88517984,310.06393844,308.34125636
19684,305.9472185056397,3.2651119945059826,302.41099166000004,311.84130884,304.53016405999995
19689,,,,,
19700,,,,,
6958,300.28540931463414,0.6285675643057942,300.17560658,302.0418455,300.1790246
7591,,,,,
7669,313.64854475875194,2.3575847537138843,307.99945435999996,318.23984228,314.3296274
7847,,,,,
7861,311.08528746292535,1.8793532935348367,306.72795092,314.69535554000004,311.4289509863476
7998,307.95939974476556,1.567778805321801,305.8187576,311.7832025,307.57732889
8298,300.69084214385526,0.3238275244148327,299.71417388,301.18392248,300.78401413999995
8768,314.6721871091509,1.0679587705587958,312.85646078,317.22469034,314.4760403936986
9229,,,,,
10261,311.31193308853375,4.504313931776664,303.30309488,315.03373952,313.44436022
10317,,,,,
11008,,,,,
11206,310.78391268057766,1.0940117674631924,308.05072466,312.74366612,310.80564877999996
11726,,,,,
11736,,,,,
11749,,,,,
11953,,,,,
11965,309.06292459543585,0.748683886051014,307.96869218,311.66698982,308.8976657083333
12006,,,,,
12179,,,,,
12185,,,,,
12215,,,,,
12353,,,,,
12360,,,,,
12456,,,,,
12649,,,,,
12821,,,,,
13070,310.13797366094786,0.6245829664635827,308.84028728,311.53368704,310.02634022
13075,,,,,
13197,,,,,
13285,,,,,
13378,,,,,
13431,,,,,
13479,,,,,
13523,,,,,
13626,295.8786423358867,1.6208560936792804,292.9499123,298.77080036,295.43481284
13667,313.6307724577256,3.4130984182476283,309.46920295999996,320.4649733,312.6121764832258
13790,310.03308462592224,1.2050233995974922,307.35003056,311.50292486,310.08786458
13805,,,,,
13833,,,,,
13969,309.890717689876,1.0655017291481197,306.73820498,311.44823654,310.08216788
14000,,,,,
14106,,,,,
14153,,,,,
14369,,,,,
14435,309.95102715272634,1.8233336775896671,306.058019,313.99124342,309.7665707
14716,,,,,
14718,315.13468725095396,1.8101981237738929,312.46680649999996,317.89120424,315.1328621
14932,,,,,
15650,310.78109400539336,0.8194972875209038,308.31049418,312.63428948,310.91373211513513
15775,309.89392134801244,1.2295731192261228,307.41155491999996,311.96093954,309.98532398
16122,308.9102572034551,2.2404177555814346,305.374415,313.30422139999996,309.17354423
399,,,,,
550,,,,,
768,310.2469584185594,1.4595268283969254,307.7328488,314.38431572,309.7112442330435
916,,,,,
985,,,,,
1319,,,,,
1572,,,,,
1680,,,,,
1745,,,,,
1932,,,,,
2189,312.49461816092395,0.5888783219041284,311.48241673999996,313.88870282,312.43604432
2235,314.12584127199835,1.3336632382077833,311.29784366,317.03328122,314.37064364
2285,308.55128600155996,2.091991169675374,306.22550198,312.77442829999995,307.6752616529114
2385,,,,,
2445,,,,,
2490,306.89366653356103,1.6063988120186106,303.88074026,309.29146592,307.12444124
2514,314.12055845660507,3.1820986752654288,309.02144234,319.50450967999996,314.24417689999996
2560,,,,,
2659,,,,,
2696,316.58705149917114,3.7501691245824085,311.73535022,324.41620442,314.88676466
3263,,,,,
3484,,,,,
3638,,,,,
4158,,,,,
4380,,,,,
4502,329.79788092437826,2.063956134404505,324.20428718,332.0178809,330.30545287999996
4525,,,,,
4800,,,,,
4859,,,,,
4882,302.8272123086657,1.4446683410878858,301.87436252,307.05266282,302.26059878
5130,,,,,
5252,,,,,
5279,305.7643199929508,1.2399772767163817,303.44665172,308.03705258,305.54189798
5416,,,,,
5505,,,,,
5921,,,,,
5942,,,,,
6196,307.6922786507936,0.6679535008511632,307.14494936,309.12398294,307.67816048
6325,,,,,
6342,,,,,
6344,,,,,
16258,,,,,
16470,,,,,
16489,,,,,
16517,,,,,
16598,309.064778168912,1.264208972524368,306.90910598,310.92186146,308.85054134
16794,291.4435515704459,1.7857692559768579,288.57142868,293.97873632,291.873236
16909,,,,,
17568,310.5018542979344,1.6492618311843488,307.87298762,314.3296274,310.41770350999997
17618,,,,,
17728,,,,,
17758,,,,,
18325,313.2949353032505,1.8171381020598643,310.68943609999997,317.48445986,312.79402494799996
18415,,,,,
18527,,,,,
18557,307.0258306793219,0.8681618819245609,302.74595762,308.5702637,306.84758162
18565,,,,,
18692,304.78651556,0.0,304.78651556,304.78651556,304.78651556
18877,,,,,
18921,,,,,
18977,,,,,
19094,,,,,
19104,,,,,
19252,,,,,
19346,310.98596939330196,1.6765364978928743,307.40471888,314.6885195,311.014148
6935,,,,,
7011,,,,,
7045,306.3103342479674,0.3011678668722822,306.02725682,307.46282522,306.24942812
7064,,,,,
7116,,,,,
7157,308.9692366728217,1.725325354460139,306.4169111,312.31983163999996,308.88130351999996
7163,305.26436874668804,1.0296037724270724,302.5374584,307.24407194,305.47011956
7207,,,,,
7233,,,,,
7360,,,,,
7478,,,,,
7548,310.27585568,0.0,310.27585568,310.27585568,310.27585568
7673,,,,,
7699,,,,,
7758,304.77658902105577,1.2199173441614664,302.95787486,307.79437315999996,305.04387701955966
7953,,,,,
8092,,,,,
8393,,,,,
8507,316.52972181112165,1.5206798919600661,312.95900138,319.37804294,316.42829168000003
8529,,,,,
8538,,,,,
8763,314.78335032382967,1.3693203637211997,312.46680649999996,317.9698187,314.68510147999996
9037,305.635827646808,1.6459949814062897,302.14096808,308.13275713999997,305.99649464000004
9050,303.40241608146164,0.7764884672584729,301.74447776,304.30457474,303.68021642
9222,313.0767098045375,2.669860907198639,308.76509083999997,319.46007542,312.62232641
9292,,,,,
9347,304.86237971044665,0.9445060249250161,303.10143170000003,308.09857694,305.0182546246457
9366,304.78732148759286,0.5902509735366518,303.6312248,305.99649464000004,304.61219654
9533,306.85339707624485,0.8930297361743352,303.63464281999995,308.60786192,306.95467957999995
9671,,,,,
9725,,,,,
9728,,,,,
9843,,,,,
9855,308.6606737135488,0.5946378679373675,307.60638206,310.32712598,308.614435456064
9867,,,,,
9921,,,,,
9941,,,,,
10013,311.4328259976735,1.829420983992971,309.34957226,315.02348545999996,310.8261569
10018,309.8441115052573,1.6061513023138894,307.00822856,314.55863474,309.72384545
10217,309.58160927192336,1.7066819389490997,308.03021653999997,315.2354027,308.98384411999996
10362,,,,,
10409,,,,,
10445,308.043362761468,0.4749747303364211,306.66984458,309.31881008,308.13446615
10519,,,,,
10524,,,,,
10527,,,,,
11042,310.4317149959416,1.5300070090566769,308.53266548,315.286673,310.0740146104833
11187,309.9278790752509,1.9184775575801951,306.8783438,314.77738802,309.44869484
11245,,,,,
11350,,,,,
11451,,,,,
11460,,,,,
11468,,,,,
11584,304.3461995149871,0.8706812265852304,301.8538544,305.61025838,304.48914781999997
11622,308.72307428812985,0.7705080391861497,306.70744279999997,309.85543922,308.83345124
11665,298.7527485059032,1.1114800974580512,297.58474742,301.34798744,298.36063795999996
11680,300.646779155833,1.0880382078471635,298.6750958,303.21080833999997,300.39265085
11732,,,,,
11864,317.6007731957095,2.826657421157887,312.95558336,323.25749564,317.18367409999996
11875,308.17291445348945,2.1856278066615586,304.24305038,312.60010927999997,307.99432733
12211,,,,,
12286,298.5259811269252,0.5704690739731103,297.66336188,299.38946197999996,298.67167778
12338,,,,,
12362,,,,,
12374,,,,,
12379,315.37813592072297,0.23022321413508592,315.115772,316.01471126,315.37554151999996
12493,,,,,
12596,305.31442055303734,1.0095177265510131,303.90124837999997,307.54485769999997,305.21718608000003
12696,,,,,
12703,,,,,
12729,,,,,
12902,,,,,
12910,,,,,
12949,298.9955358150786,0.5408318211813186,298.4700146,300.60285908000003,298.85283284
12953,,,,,
13035,,,,,
13099,,,,,
13190,,,,,
13307,,,,,
13427,,,,,
13522,308.9732977400861,1.43884760416158,306.35880476,311.8857431,308.27289596
13553,,,,,
13605,,,,,
13719,,,,,
13846,,,,,
13916,,,,,
13918,307.42579605558973,1.1779902666022148,306.05118296,309.99557804,306.8612537
13988,300.381791230199,0.3790469448914925,299.00664373999996,300.9480791,300.47297432
14034,303.8620529149479,0.93065484652865,300.6746375,306.42032912,303.84855854400655
14126,,,,,
14136,309.6785600052626,1.361044687041894,305.63418451999996,311.55761318,310.08444656
14327,,,,,
14489,314.19298278478306,0.6981715858551738,312.29932352000003,315.22856665999996,314.08352995999996
14657,,,,,
14723,,,,,
15053,301.70486747880807,0.5901940962649116,299.5466909,302.60923682,301.86410846
15080,,,,,
15339,,,,,
15437,,,,,
15439,,,,,
15501,,,,,
15585,,,,,
15642,308.7814422129062,1.5401425302942453,306.17764969999996,311.36620406,308.92573777999996
15822,,,,,
15910,,,,,
15987,,,,,
16119,,,,,
16130,303.55580000754935,1.0514174195944943,301.93588688,305.93155226,303.29113181
16174,,,,,
16216,,,,,
36,,,,,
211,306.30232231971803,0.7030065940697274,304.62586862,308.11566704,306.44357165599996
212,296.96089161870583,6.31126803436686,290.55729829999996,305.65127462,293.49337748
280,,,,,
516,,,,,
915,,,,,
1011,,,,,
1039,300.03296780322313,0.6185534562615548,299.08867622,300.63703927999995,300.2302949
1172,,,,,
1201,310.6841932778452,1.5155214006756832,307.24407194,313.58449903999997,310.88768125999997
1307,302.5093932351733,1.130993727780476,301.06087376,304.53358208,302.25376273999996
1339,,,,,
1426,306.19555737105645,0.9844292032007728,303.64489688000003,308.0746508,306.08080579999995
1535,313.3174155405999,3.0858664517851317,309.24703166,319.25841224,312.9795095
1814,,,,,
1845,,,,,
1860,311.7809960269643,0.8509682283794184,310.06393844,312.89064098,311.93359538
1950,,,,,
1983,298.22869167125907,3.2704855210137227,292.44404534,304.22254225999995,297.9402215
2029,,,,,
2072,311.282278073087,1.0370792151670396,309.98190596,314.97905119999996,311.05687324999997
2406,,,,,
2410,310.46420970459565,1.1693649455115807,307.06291688,312.57618314,310.76634155
2521,,,,,
2538,,,,,
2546,305.80040008696346,0.794621539338625,303.03648932,306.5023616,305.87002789999997
2627,,,,,
2674,,,,,
2728,316.30733976861984,1.6972485456432247,310.99363988,318.92686430000003,316.73021678000003
2842,,,,,
2871,303.5381550644696,0.31149959823335016,303.29625884,304.03113314,303.37829132
2973,,,,,
3026,,,,,
3111,,,,,
3168,,,,,
3234,292.60624191930896,1.3973672308143001,290.68376504,298.09061438000003,292.1998468
3355,,,,,
3444,303.28516944221667,0.43151078888692235,302.18198431999997,303.8533961,303.35094716000003
3556,,,,,
3586,308.43861480064515,0.5205896941044225,307.65765236,309.46578494,308.45746904
3610,,,,,
3679,,,,,
3725,,,,,
3829,,,,,
3879,,,,,
3880,,,,,
3913,305.0506830303611,1.0534175166464346,301.76156786,306.14346950000004,305.38125104
4199,,,,,
4225,314.5811711907904,1.1965767719358364,310.7748866,317.16316598000003,314.60990504
4259,,,,,
4278,,,,,
4305,,,,,
4317,,,,,
4326,303.8804653842655,1.6751834313960663,301.55306864,306.6732626,303.11168576
4507,,,,,
4520,,,,,
4589,,,,,
4675,,,,,
4724,,,,,
4878,295.75920679956846,2.1940357105774413,292.32099661999996,299.93634518,296.13550694
4913,,,,,
4997,305.4536743114457,2.618694985020249,301.50521635999996,309.34273622,305.67178274
5007,,,,,
5101,,,,,
5143,309.3227981436766,2.3539991307868777,307.17912956,316.45563584,308.57368171999997
5272,,,,,
5368,,,,,
5446,,,,,
5453,308.80918542564245,0.6690974304391956,307.01164658,310.11520873999996,308.885405144
5456,310.3593397229807,0.9865476510870289,308.94966392000003,312.46338848,310.3818143
5646,,,,,
5668,310.0307550313605,1.9973376245497578,307.8353894,315.21489457999996,309.17372793465796
5692,,,,,
5873,,,,,
5991,313.91294827727614,0.9957435991724713,311.38329416,315.82672016000004,314.07745679107234
6050,304.5783906143927,1.3416248310040662,302.90318654,309.48287503999995,304.53016406
6078,,,,,
6293,,,,,
6486,,,,,
6534,,,,,
6649,,,,,
6735,298.2621119320182,1.3383744956073784,295.98853208,301.23177476,298.11795854
6746,,,,,
6849,303.09801368,0.0,303.09801368,303.09801368,303.09801368
6882,,,,,
16266,,,,,
16363,,,,,
16433,,,,,
16481,307.89802568339434,0.23156184245517197,307.33977649999997,308.58735379999996,307.86273356000004
16521,317.39236365058,1.4711181102354676,314.99272328,320.32141646,317.52889412
16525,293.5408351587942,1.3286538538891886,291.18963199999996,297.1028066,293.2681110119918
16577,,,,,
16608,,,,,
16675,,,,,
16874,305.75005724557855,1.1178602460454548,303.4432337,308.66596826,305.85977384
16875,,,,,
16928,,,,,
16996,305.7335698904474,0.2225593854325627,305.20009598,306.11954335999997,305.76748729999997
17042,306.0219905891727,1.4160295596615495,304.08582146000003,310.81248482,305.7004604456818
17077,,,,,
17130,,,,,
17203,,,,,
17278,,,,,
17321,,,,,
17502,,,,,
17583,,,,,
17587,307.76521017009907,0.7905372822544108,304.91981834,308.8095251,307.63714424
17601,,,,,
17656,304.7737106123801,2.338476381978146,301.8709445,309.84860318,304.42420544000004
17828,,,,,
18135,312.2373596081514,1.1111510198012233,309.38033443999996,315.46099202,312.24121718000004
18191,,,,,
18282,,,,,
18295,,,,,
18316,,,,,
18391,,,,,
18524,,,,,
18539,,,,,
18555,312.4987000637151,1.6119821796980027,309.73580852,314.42533196,313.0307798
18599,,,,,
18619,311.20415297735167,1.1941865044694724,308.46088706,312.97609148000004,311.1166886
18767,,,,,
18781,,,,,
18884,,,,,
18905,,,,,
18994,,,,,
19172,,,,,
19243,306.8067817577197,0.3504107555905112,305.89737206,307.33294046000003,306.8479941396552
19255,,,,,
19293,313.0480000390546,0.9383371116077547,309.82809506,314.31595532,313.26607158989776
19327,,,,,
19367,305.2243384278575,0.5596246409557173,303.69616718,305.9383883,305.37099698
19408,,,,,
19456,,,,,
7053,,,,,
7192,,,,,
7286,,,,,
7372,,,,,
7549,,,,,
7795,,,,,
7871,,,,,
7949,,,,,
8152,,,,,
8280,,,,,
8346,,,,,
8376,,,,,
9626,309.7417289520763,1.7147714727120378,306.48868952,312.80519047999996,310.09470062
9967,305.599417581236,0.8905321925189845,304.87538408,307.37053868,305.14198964
10038,306.8595741731549,0.3377857580541834,306.10245326,307.6303082,306.89201588000003
10141,312.11591537835244,2.2117665125887784,308.78901698,316.87605229999997,311.84814488
10244,,,,,
10301,,,,,
10425,,,,,
10614,,,,,
11021,,,,,
11073,,,,,
11181,311.15770484,0.0,311.15770484,311.15770484,311.15770484
11225,,,,,
11234,,,,,
11313,,,,,
11690,312.7114008788495,1.5573738475853947,310.30661785999996,315.84039224,312.11133242
11830,308.45344175369905,1.6637034581499226,306.77922121999995,312.44288036,307.91400386
11988,,,,,
12197,,,,,
12225,,,,,
12242,,,,,
12264,,,,,
12310,,,,,
12541,,,,,
12617,,,,,
12632,314.35484910694254,2.475569876688994,310.16306102,319.50450967999996,313.691597
12700,,,,,
12860,,,,,
13304,,,,,
13317,,,,,
13455,313.3484561748323,1.25614013616471,309.95456179999996,315.14311616,313.59817111999996
14108,,,,,
14417,,,,,
14519,,,,,
14727,305.84070171998496,2.625148361749965,302.18198431999997,311.9711936,305.21212234666666
15457,308.8264405199674,1.2912240351310473,307.39446482,313.92288302,308.6396201083954
15622,,,,,
15671,,,,,
16157,301.68318749876556,0.7049351704719334,300.46613828,302.24350868,301.97006708000004
8,309.9896537145065,1.521460206031378,305.2718744,312.23438114,310.45517743836365
165,,,,,
205,,,,,
271,,,,,
523,311.74982816846773,1.11465787461914,309.59908772,314.05960382,311.75927636
623,,,,,
652,308.6104437107981,1.3522103565986596,306.96037628,310.40232242,308.03021653999997
832,,,,,
1098,,,,,
1132,308.3480924,0.0,308.3480924,308.3480924,308.3480924
1354,310.07599419645396,1.5628474057862511,307.28508818,313.60158914,309.38887949
1605,,,,,
1611,,,,,
1702,,,,,
1868,310.0181558913504,1.1464960178897041,308.20111754,311.93017736,310.19040517999997
1907,,,,,
2000,313.999234393157,1.8331356217324175,308.58735379999996,317.32723094,313.83059648
2775,312.3088082223864,1.0642680673985518,310.69969016,314.40140582000004,312.44629838000003
3176,,,,,
3390,311.4054072540162,1.7195316627602075,308.18744546,315.41655776,311.02440206
3712,,,,,
3727,,,,,
3891,305.4588839504684,0.7251055509659807,304.2635585,305.84268374,305.75723324
4007,311.5619077248407,2.4360998087581183,306.51603367999996,316.45563584,311.30240102
4095,309.83536076845576,1.7915817188573473,306.42716515999996,313.09914019999997,309.15474512000003
4180,,,,,
4474,,,,,
4986,,,,,
5010,313.8527082355592,1.1221763525782695,311.05858226,316.59577465999996,313.76907212000003
5170,,,,,
5733,,,,,
5884,310.2654762587501,1.9532797958381605,305.9896586,313.99807946,310.4672648
5951,,,,,
6374,,,,,
6508,,,,,
6553,309.6050784541492,0.7633501176363193,307.02531866,311.01072998,309.55069397148515
6561,317.8646293898971,4.5786408448493425,309.12056492,325.24336526,317.61776264
6629,309.06474083159884,0.2349550030667199,308.55317360000004,309.2025974,309.15474512000003
6737,,,,,
6813,,,,,
16800,298.24288504146875,1.9261820481206073,292.15693166,300.7429979,299.04727867600315
16911,,,,,
17162,,,,,
17592,,,,,
18184,,,,,
18498,,,,,
18802,,,,,
19320,315.0071124174166,2.173872935716738,311.54735912,319.99670456,315.59057364690165
7070,,,,,
7108,315.0661220399979,1.0992777328110401,312.98976356000003,318.28769456,314.88545352566945
7933,310.1048670466822,1.5861624198020683,308.73432865999996,315.97711304,309.51210986182207
8336,306.56709730653813,1.0850364443591556,305.33339876,309.85202119999997,306.14688752
8343,,,,,
8348,,,,,
8709,305.0113632341509,0.7365489574383121,304.06531334,306.22208395999996,304.8958922
9269,,,,,
9323,,,,,
9422,,,,,
9536,311.7095071127614,1.1868313514780295,308.80610708,313.67336756,311.7490223
9552,,,,,
9577,,,,,
9618,,,,,
9658,316.11122339933024,1.0458363897800735,313.9878254,318.0723593,316.11041581999996
9971,292.1876138447943,1.6818343254784232,289.01235326,295.0519946,292.43379128000004
10177,,,,,
10632,,,,,
10673,,,,,
10752,321.93599312272625,1.8062144518437813,318.01425296,325.35615992,322.10220488
11266,,,,,
11559,291.3007333309547,2.5611333347552634,286.95470522,297.32839592,290.88260240810365
11748,315.64911853686493,1.9215638948816005,310.32370796,318.88584806,315.66151586
11814,,,,,
11876,308.9220833940825,0.9261545328226336,307.30901431999996,311.02098404000003,308.83345124
11890,298.5254936338281,0.9344962925328637,297.42068245999997,301.73422370000003,298.32645776
12430,311.6872587910524,0.9195398982566061,309.48629306,314.26468502,311.6495186167247
12734,,,,,
13241,,,,,
13512,,,,,
13521,,,,,
13666,307.9742005337247,0.809587030314357,306.61857427999996,310.1938232,308.04730664
13765,,,,,
13800,,,,,
14018,,,,,
14238,306.06862869894564,0.5537120386300329,305.04628507999996,307.14153134000003,306.14346950000004
14262,,,,,
14344,307.067739408709,1.4640475152078878,302.26059878,309.88278338,307.10393311999997
14488,311.48000358830217,1.5581346367154714,307.95843812,314.49711038,311.58837536
14521,,,,,
14627,306.1628602623255,1.64763373843596,303.5115941,310.51169905999996,306.30753446
14870,311.36945790522407,1.3755867722290172,309.48287503999995,314.54838068000004,311.34227792
15102,,,,,
15804,,,,,
15985,,,,,
16010,303.1540247566664,1.8200071120110906,301.04720168,306.79972934,302.51695028
16235,318.35836541498986,2.0646330067420573,314.52445453999997,322.0201724,318.61582448
111,311.467092314079,1.336214159200985,308.48823122,314.1929066,311.40290332098266
449,,,,,
1530,310.0451113299201,1.4265944947935472,306.86467172,313.86135866,309.77340674
2262,,,,,
2575,,,,,
2843,,,,,
2970,309.78311420740437,1.06230856743137,308.24896981999996,312.52491283999996,309.5980363386972
3258,309.52832379074613,2.901221725281763,304.39344326,313.88870282,309.59566970000003
3267,,,,,
3292,,,,,
3418,318.4432958979455,1.4864351532591296,313.63918736,321.17933947999995,318.70298399
3460,,,,,
3623,306.2336220549222,3.1481771128389577,298.99809869,311.9199233,306.21353891
3834,,,,,
3897,312.2490675256882,2.2057563401349074,307.7328488,315.34477934,312.79493642
3930,,,,,
4057,306.6797106710903,0.2533559382981651,306.1605596,307.23381788,306.73136894000004
4131,313.2754113382587,2.3901167318604495,308.69673044,317.29988678,313.07863208
4233,,,,,
4245,311.28509094260914,1.194000310876978,307.425227,313.3384016,311.35253198
4265,,,,,
4382,,,,,
4616,,,,,
4620,301.27087784821356,0.8109118284034242,300.18244261999996,303.49792202000003,301.15828733
5105,293.7586794916018,1.1846937405960807,290.84441198,295.40405066,293.9411381
5144,,,,,
5307,310.1292693115495,0.7812488332807821,308.46088706,312.52149482,309.9146849
5756,308.6703856879244,1.1659871246947648,306.8612537,312.14551262,308.64033311000003
5778,,,,,
5809,314.11096579430927,1.015528087749733,310.53220718,315.4746641,314.3968444901742
5920,305.9757585479032,0.7594478184281913,304.73866327999997,307.38421076,305.84268374
6116,,,,,
6162,296.085486996644,1.2233019115448198,293.3088044,298.6580057,295.98340505
6334,,,,,
6391,,,,,
6562,,,,,
6572,295.48407789018614,2.685203696248983,290.73161732,301.91537876,295.4851629038461
16738,,,,,
17050,313.9398388059708,1.307726167770336,309.9032915,316.04889146,314.08019332142857
17158,309.36728150979945,1.3984129266829208,306.97404836,313.23244298,309.0658766
17223,,,,,
17251,,,,,
17463,304.12748175621886,0.8259817350892541,302.66734316,306.07681811,304.08411245
17684,314.7341029255793,2.3036451187916986,311.28417158,319.54552592,314.72269969999996
17794,,,,,
17844,319.0197166482528,1.0563585990734419,316.35309524,320.8238654,319.27208432
18383,,,,,
18635,,,,,
18647,,,,,
18733,,,,,
19175,,,,,
19224,282.15070668490125,2.4209517564273515,277.32614288,286.57530499999996,282.18998534
7363,,,,,
7878,,,,,
7931,,,,,
8167,,,,,
8548,,,,,
8657,,,,,
8779,,,,,
8819,312.952150687537,0.6218653365926811,311.72509616,313.93313708,312.93507524
8993,,,,,
10245,309.10759147447317,1.42850618054538,307.11418718,313.01027167999996,308.98555313
12000,315.0716272903093,1.872959727135244,311.09276246,320.51282558,315.03487886
12004,314.26190035206747,2.2934676726829286,307.78753712,316.92048656,315.14995220000003
12223,,,,,
12739,317.0244187809028,1.2233571248702995,314.13821828,320.17102358,316.98764843350654
12978,,,,,
13012,318.32101464625896,1.5848871549633543,315.0986819,321.43227296,318.10312148
13169,,,,,
13273,310.56934658816635,2.0561067341305064,308.08148684,315.26274686,309.98532398
13499,,,,,
13598,,,,,
15617,,,,,
16069,,,,,
176,,,,,
1188,,,,,
1442,303.92663182612216,2.597099299756728,301.34456941999997,310.81248482,302.6012912221398
1880,,,,,
3961,,,,,
4992,,,,,
6665,,,,,
16410,308.8374575126733,3.3210995025366175,303.36461924,315.18755042,308.15912034358746
16463,,,,,
16721,,,,,
16834,,,,,
16913,307.5772427937782,1.896406634093873,305.12489954,312.20703698,306.8143291682857
18205,,,,,
18657,312.79591245354305,1.5122242443579026,310.03659428000003,315.3721235,312.75050216
19133,,,,,
19285,,,,,
19334,,,,,
19401,308.4526483517512,3.489706640069211,302.91685861999997,314.68168346,308.38569062
19406,310.3697004105663,1.76870131832151,308.17377338,315.34477934,309.92721764
7089,,,,,
7137,,,,,
7550,,,,,
7812,309.3527025039767,0.8499293435355263,307.1005151,311.17479493999997,309.5194981415235
8713,,,,,
9203,,,,,
9286,305.75884631757214,0.892175620671119,303.43297964,307.09026104,305.96345378
9841,311.89049067094084,1.8499790444692905,308.27973199999997,316.41120158,311.6607222656549
9893,,,,,
9978,,,,,
10309,,,,,
10532,,,,,
10860,,,,,
11174,304.5737357850772,1.7843298835675079,302.68443326,308.62495202,304.19178008
11270,305.39449896701774,1.7738174003680518,303.68078608999997,310.89964433,304.92836339
11810,311.134330849096,2.2817376033722763,308.33442032,316.88630636,310.41941252
11868,,,,,
12565,,,,,
12589,306.9215025549755,1.6397921087055953,303.20397230000003,309.26412175999997,307.596128
13160,295.4218760784702,2.6791984201654064,290.85124801999996,300.01495964000003,295.7679553792887
13234,,,,,
13562,,,,,
13567,,,,,
13828,309.55774241397506,1.5657502370435685,306.1605596,312.77784632,309.47945702
13836,,,,,
13867,,,,,
14121,311.7960078380138,1.7529514423589012,310.07761052,317.68954106,311.33715089
14324,,,,,
14546,311.10145777791536,1.4991217799433783,307.32952244,314.3296274,311.1508688
14993,308.9984814166098,1.0927232298291225,307.22356382,312.68214176000004,308.8569154854054
15017,310.8313974206769,2.2375916186806446,308.08490486,316.57526654000003,310.40232242
15105,,,,,
16053,,,,,
611,,,,,
1271,,,,,
1796,304.7249283792481,1.0121260935322924,303.50134004,306.48868952,304.53016406
2462,,,,,
2504,,,,,
2549,,,,,
3095,,,,,
3132,306.51659820114537,1.8470153972983374,303.82946996,312.41724521,306.05972801
3483,,,,,
3489,,,,,
3826,315.56369947663234,1.6020493829073468,311.63622764,319.55236196,315.97711304
3871,296.0610605283598,1.9393566327992822,290.89568227999996,298.15213874,296.92336055
3924,,,,,
4456,,,,,
4702,,,,,
4764,,,,,
4787,,,,,
4888,,,,,
4991,,,,,
5248,309.47254571161073,1.8961594384280673,306.89885191999997,315.44390192000003,309.06929462
5370,,,,,
5540,310.426995198755,1.0089330102240548,306.97404836,313.50930259999996,310.236890252
5632,307.9727760855245,1.2311826357364684,306.2118299,310.66209194,307.4844898129323
5690,,,,,
5722,,,,,
5738,288.3198487658979,2.6051525459284655,284.19636307999997,294.68626645999996,287.87757062000003
5849,307.55721017685465,0.8424688493644868,306.11954335999997,309.46578494,307.5790379
5954,,,,,
6138,305.8126236400728,2.794221555827308,301.15828733,310.6039856,306.912524
6301,,,,,
6558,314.3445243604207,1.8836070843547266,310.1767331,318.12704762,314.64750326
16385,310.97767736075684,2.9156380035820604,305.05312112,313.82717846,311.66698982
16389,,,,,
16951,,,,,
17898,,,,,
18209,315.153577554734,1.5560249317448887,313.29738536,319.8326396,314.79447812
18423,,,,,
19274,,,,,
19418,,,,,
19448,305.41964006282177,0.612156689382115,304.72840922,306.9296141,305.47011956
7139,307.29990207833123,2.1793498131334728,303.45690578,312.61719938,307.09026104
7201,312.7476836362765,0.9765301569977229,310.48093688,314.3296274,312.85646078
10270,,,,,
10903,,,,,
10953,,,,,
11844,,,,,
12314,,,,,
12715,311.2269457651541,0.8768658444478101,309.08638471999996,312.5864372,311.35595
13906,,,,,
15216,312.1279453906528,1.0842135906740464,309.7836608,314.87309258,312.3529303879446
15313,,,,,
15447,291.9253409593976,2.03303624013784,288.82778018,296.4704729,291.98928007811656
15666,307.3677345929566,0.2720675215677252,306.92619607999995,307.62347216,307.33294046000003
15803,,,,,
537,315.7079744143528,1.2951608577071645,312.28223342,319.29942847999996,315.55591013292036
628,,,,,
702,,,,,
1268,307.7875730732519,1.569296998864247,305.18300588,310.52195312000003,307.65936136999994
2743,311.67462541384486,1.6103336137286677,308.16693734,314.83891238,311.82649742
2933,,,,,
4155,,,,,
4755,,,,,
6859,311.34495065744363,1.6235732634223023,307.1346953,314.32279136,311.2032400968269
16443,,,,,
17889,317.9377936662957,1.5784872761262663,313.84426856,319.97961446,318.36032748499997
18226,,,,,
18973,,,,,
19630,,,,,
7399,,,,,
7448,307.45316975647,1.22400142439754,304.92665438,309.50680118,307.4208946948147
7564,,,,,
7975,,,,,
8259,311.4033172271492,0.9741726300179675,309.21968749999996,313.31105744,311.29232203155266
8372,,,,,
8534,,,,,
8562,,,,,
8723,,,,,
8858,,,,,
8885,309.36767537180424,1.660078138270819,306.75187705999997,312.49073264000003,309.32222809999996
8923,,,,,
8966,,,,,
9022,,,,,
9109,,,,,
9252,287.4808788411844,1.4546404409280476,285.79257842,291.32293477999997,286.95470522
9456,,,,,
9524,306.58413655794516,0.38439715337603375,306.1947398,307.2372359,306.63566438
9614,,,,,
9919,,,,,
10033,,,,,
10247,304.65277674907236,2.506675753292134,300.8113583,309.58199762000004,304.5882704
10391,,,,,
10447,,,,,
10575,,,,,
10637,291.32583874422164,0.17175337932706755,291.08367338,291.57245023999997,291.39129518
10785,,,,,
10806,,,,,
10914,301.6266309484539,0.43888103347504975,300.86604662,302.19223838,301.57357676000004
11055,,,,,
11229,310.8775770720746,1.485199590479301,308.7069845,315.17387834,310.66209194
11400,,,,,
11644,286.2303634142134,0.6110112055369281,285.32089166000003,287.59729298,286.13779844
11708,312.6924214829155,1.4485665027377506,309.16158115999997,316.40094752,313.08888614
11834,300.5137130440243,1.533658027230494,296.2995719,302.71861346000003,300.86217199427483
12012,310.08653306317666,1.067989480798593,307.4594072,312.1079144,310.44846569
12035,,,,,
12076,,,,,
12441,,,,,
12501,,,,,
12522,,,,,
12613,,,,,
12749,,,,,
12963,,,,,
12979,,,,,
13037,,,,,
13081,312.998756656525,1.7111308052680925,308.9975162,315.57378668,313.26320516
13148,303.5168607140069,0.4651267274482768,302.26401680000004,304.20203414,303.55602836
13171,,,,,
13256,311.2627750872606,1.2214561096194803,310.02634022,315.21489457999996,310.80564877999996
13288,,,,,
13534,,,,,
13619,,,,,
13795,,,,,
13929,300.7882995484731,2.396130183223221,296.86696322,305.09755538,300.95491514
14032,309.8181989369832,2.9236692355517877,303.38170934,313.31105744,310.52537114
14130,,,,,
14150,,,,,
14172,313.9207227039126,2.0183188209431,309.63326792,317.9014583,313.22560694000003
14180,309.58883366,0.5821636822239175,308.26947794,310.35788816,309.71188238
14248,,,,,
14267,,,,,
14311,,,,,
14401,,,,,
14404,,,,,
14626,,,,,
14929,,,,,
15056,313.09472116402026,1.6683474675605448,307.34661254,314.99272328,313.40334398
15106,306.89586655412904,2.356581709070088,303.48766796,315.5259344,306.51261566
15659,,,,,
15661,,,,,
15818,312.2075022069293,2.240213952187628,306.87150776,316.22321048000003,312.33692174000004
16027,,,,,
16114,,,,,
16132,,,,,
16206,291.0460073672173,1.0124342959264916,289.0362794,294.56321774,290.99480486
52,315.1044071449728,2.605792352736164,310.2109133,322.53629342,314.2777649698925
84,,,,,
180,,,,,
327,,,,,
398,302.3483004122679,2.148446046953552,298.44950647999997,308.29340407999996,302.32895917999997
428,,,,,
442,,,,,
447,310.54036508549916,0.9738603490408253,307.81829930000004,312.48731462,310.7919767
461,,,,,
496,,,,,
584,,,,,
798,,,,,
830,,,,,
866,,,,,
868,,,,,
881,,,,,
1079,,,,,
1083,,,,,
1219,309.716512640901,1.0121291958838208,307.5619478,312.35401184,309.66915713
1238,309.54920895299847,0.8256653519470253,308.23187972,310.6039856,309.70504633999997
1269,,,,,
1294,308.9668002932198,0.7024406066913974,307.97894624,311.32176979999997,308.8716949230043
1327,,,,,
1422,,,,,
1586,316.1096850664745,3.162885054238053,307.84564346,321.86294348,316.97688389
1601,310.63860875902606,1.9776987330692681,307.69183255999997,314.35697156000003,309.81100496
1644,,,,,
1839,,,,,
2056,313.68998845168204,3.734106775937715,307.65423434,320.49573548,313.98440738
2357,306.18694170933884,1.3443810291246336,304.8958922,309.97506992,305.7282534180686
2396,307.11004125634867,1.5955156269407889,303.44665172,310.38523232,306.91138466
2660,,,,,
3156,,,,,
3260,310.1953868783819,1.6745069453234316,307.79779118,314.30570126,310.1777096771429
3523,,,,,
3591,,,,,
3849,303.77409953571885,4.68205273459572,295.08275677999995,312.76417424,304.76258942
3870,,,,,
3887,300.46593254403956,0.7304772791862121,299.47833049999997,302.47251602,300.26959540161414
3959,302.51868108908906,2.0662148455534526,300.54133472,307.27825214,301.62826508
3960,307.06229380343746,0.5918693104228518,306.46134536,307.91058583999995,307.22014579999995
4010,293.4267777038598,3.243072104770519,289.48404002,298.97246354000004,293.84372453000003
4038,,,,,
4086,,,,,
4105,305.5492350187703,3.359118134463671,300.70539968,310.78172264,305.83242968
4422,,,,,
4542,,,,,
4638,,,,,
5464,308.4691672657219,1.7966771996816024,305.39492312,312.4155362,308.35834646
5483,310.9464132466439,2.1850185898733985,307.07658896,314.71244564,311.24315534
5522,315.2771992514521,1.3661035334284113,311.61571951999997,317.12556775999997,315.79595798
5642,,,,,
5663,302.21098710629695,1.1217495331386709,300.3670157,304.88563813999997,302.60240078
5667,303.5076202457021,1.5379820505114001,300.46272025999997,305.88028196,303.7508555
5698,,,,,
5803,311.8613752499323,1.6466380369119211,309.1000568,314.99272328,311.83447279999996
5827,,,,,
6385,,,,,
6417,,,,,
6523,314.2960400695529,3.851413470289537,308.95649996,320.85462758,314.1758165
6747,,,,,
6854,,,,,
16282,,,,,
16332,,,,,
16349,,,,,
16524,309.0095537855919,1.2082716137439158,306.3143705,311.26708148,309.0829667
16587,,,,,
16649,313.0766495941084,1.458971643024166,310.86033710000004,315.91558868,313.59817111999996
16892,316.2840123345644,4.073738114559223,309.26070374,322.77555482,315.88482650000003
16960,318.9964572587274,3.1397721651773796,314.34329948,325.24336526,318.87901202
17041,301.6425769980068,2.977542899968349,294.6247421,307.53289463,302.09653382
17092,,,,,
17212,,,,,
17473,,,,,
17644,,,,,
17786,302.3804005257724,1.90611810255944,299.89874696,307.22356382,301.8367643
17940,311.3885264378896,0.6685317083603303,309.69137426,312.37110194,311.61742853
17991,,,,,
18034,,,,,
18045,309.4260587951768,2.1764970747312455,306.33487862,313.67678558,309.21626948
18186,312.5638258981882,2.403201049235528,308.5702637,317.1153137,312.5180768
18228,,,,,
18350,,,,,
18412,,,,,
18444,,,,,
18585,,,,,
18832,,,,,
18861,,,,,
19221,,,,,
19459,303.55759947528577,0.3084969172791766,303.11510378,304.18152602,303.56628242
19470,,,,,
19472,,,,,
19646,314.732868705352,1.441168349967065,311.14061474,317.28621469999996,314.72611772
19721,,,,,
7429,,,,,
7498,,,,,
8465,,,,,
8520,,,,,
8889,302.1833340112089,1.5845805497189993,300.4353761,307.15862144,302.03500945999997
8990,,,,,
9125,312.9707251664336,0.7830949231062821,309.67770218,314.35697156000003,313.1037528677669
9282,,,,,
9321,318.5368483576578,3.91707442270444,311.8515629,326.0705261,318.1065395
10002,,,,,
10139,305.65322970047333,0.4322811083169713,305.02235894,306.7928933,305.61709442
10150,308.39435896332265,2.8068160246500393,302.39731958,313.6631135,308.51386637
10720,313.08959838681983,0.7660503641766996,311.91308726,316.57184852,313.1675006
11591,,,,,
11609,,,,,
11740,311.5956881142785,1.707128465637817,308.77192688,315.64898312,310.91958278
12032,300.27751079189187,0.21527798395881095,300.15851648,300.68489156,300.15851648
12270,,,,,
12414,,,,,
13576,308.9527495333721,2.1972465761150075,303.72692936,313.0307798,308.37201854
13821,,,,,
14177,311.773969200355,2.200161691019908,307.58587394,317.7989177,311.84415719000003
14595,,,,,
14628,305.5621072314402,4.798660524686561,292.34492276000003,310.27585568,307.8272888178022
15294,,,,,
15467,311.3787247108749,2.9357099445853327,305.43593936,315.39946766,311.7145039213427
15502,,,,,
15613,,,,,
15762,,,,,
230,310.0062275309924,1.0336806218983723,307.65423434,312.4155362,310.1514993397579
290,,,,,
319,,,,,
706,,,,,
1093,312.2866441790689,1.6518530316410955,309.46920295999996,315.58745876,312.14893064
1678,,,,,
1952,,,,,
1987,,,,,
2171,,,,,
3247,312.5367710955686,3.063139928934072,307.45598917999996,322.93961978,312.13525856
3337,,,,,
3859,,,,,
3877,314.33149686906575,1.2731906955268273,312.02588191999996,317.10164162,314.6399778309168
3926,,,,,
3943,,,,,
4070,,,,,
4741,,,,,
4873,305.5230829829311,2.2265851346993455,301.42318388,309.84518516,305.35903391
5614,,,,,
5644,,,,,
6035,,,,,
6254,311.1280476729676,1.175164747269941,309.57516158,314.75346188000003,310.8552806902479
6437,,,,,
6736,,,,,
17607,,,,,
17612,311.3962267953653,2.5335932107977355,305.22744014,314.78764207999996,312.15918469999997
17772,317.9480419759578,3.262606450315459,308.44721498,323.77361666,317.679287
17919,,,,,
18116,309.7908937499869,1.2917929024805868,305.74356116,312.20361896,309.85995207453124
18593,,,,,
18797,,,,,
19637,,,,,
7044,,,,,
7174,,,,,
7290,,,,,
7424,310.1987049720736,0.46793664712864574,308.75141876,310.75096046,310.31687192
8199,,,,,
8936,,,,,
9715,,,,,
9874,,,,,
10253,,,,,
10320,,,,,
10436,304.96885232021395,1.4011175570617294,301.4778722,317.508386,305.05902497272723
10468,311.0946102001425,3.2896106520860013,306.6732626,320.04455684,309.77511575
10596,,,,,
10765,292.2142389078791,1.906475254909242,286.78722224,295.51000927999996,292.6422905
11354,,,,,
11476,,,,,
11689,312.06115889078393,0.8760279061375704,309.53072732,314.04593174,311.8842420874529
11862,,,,,
11906,,,,,
11989,307.46049222395845,1.9021537570775793,303.72351133999996,311.2363193,307.3883909865505
12405,,,,,
12523,,,,,
12676,,,,,
13404,309.87403148394225,1.1454492613824252,307.24748996,311.7661124,310.054538885
13465,311.76790206351336,1.3593927977306837,309.8862014,315.36528746,311.765257895
13508,,,,,
13655,308.4853508703307,1.5783923686309447,306.41007506,311.19188504,308.47455914
14331,316.56311048367695,1.5864376884356342,313.1504105,318.97471658,316.73249546
14529,309.38927415225226,1.9386253075690585,305.56582412,313.9878254,308.82319717999997
14678,312.73874704156265,3.4914134368323166,307.95843812,319.55919800000004,311.79345656
14784,306.872884076448,0.8646604080009226,305.47353757999997,309.33590018,306.61686527
15162,,,,,
15179,316.30254555338564,1.21992802949987,313.23927902,319.97277842,316.1366191487173
15262,315.03570067901643,1.0841123220661482,313.28029526,317.27937866,315.19780448
15265,306.66582094253033,0.26337478622159044,306.20499386,307.08342500000003,306.6903527
15672,,,,,
16107,,,,,
16176,,,,,
67,,,,,
85,,,,,
102,312.27198736098325,1.902894635106615,309.38717048,316.5855206,311.96777557999997
195,,,,,
450,,,,,
1133,,,,,
1262,302.2234830200851,0.45251850102336943,301.67269934,304.007207,302.05665691999997
1326,,,,,
1954,,,,,
1990,,,,,
2114,,,,,
3287,,,,,
4077,291.33359538732896,2.4381037747451124,287.0709179,297.35232206,291.28533655999996
4298,314.59451252002435,2.585417801583078,308.35834646,318.08261336,315.0907005548691
4933,,,,,
5647,,,,,
5949,,,,,
6340,,,,,
16284,,,,,
16304,,,,,
16390,,,,,
16867,,,,,
16889,310.8211734163458,0.8404118506590914,308.91548372,313.17433664,310.86033710000004
16893,298.4659901570967,2.667140319347917,290.4889379,301.99057519999997,298.95195542
17329,,,,,
17706,304.30148680915886,0.21919344129405507,303.92859253999995,304.52332802,304.37635316
18737,,,,,
18755,,,,,
18766,,,,,
18801,,,,,
18837,311.38455804108344,3.223557393929282,305.85635582,317.60409056000003,311.06541830000003
19099,306.4403936621893,4.096169362814946,300.63020324,314.06643986,306.09903524000003
7179,,,,,
7481,311.062794612671,0.8268438108187129,309.14790908,312.93165722000003,310.93040651
7518,307.0187602693473,3.9108812303155505,298.98442661,311.16454088,308.6692893773712
7568,,,,,
7723,314.1931251986484,3.437724471134334,308.39594467999996,319.84631168,314.41165988
7987,314.4478159686452,1.813137316444031,309.2538677,317.01619112000003,314.98930526000004
8823,,,,,
9498,,,,,
10129,,,,,
11508,,,,,
11858,,,,,
13181,,,,,
13462,,,,,
13467,,,,,
14557,,,,,
14622,,,,,
14942,,,,,
15348,,,,,
15711,,,,,
15950,,,,,
16190,,,,,
4,,,,,
1139,,,,,
1212,,,,,
1305,,,,,
2199,,,,,
2420,,,,,
2687,,,,,
3799,,,,,
5718,,,,,
5990,,,,,
16781,309.8769138752186,2.19542962094378,302.71177742,311.9882837,310.47068282
17070,,,,,
7385,,,,,
7511,307.6939219452664,0.38494349041584947,307.30217828,308.85737738,307.63372621999997
7720,314.86482803084436,2.2701842870099362,309.08638471999996,318.08944940000003,315.16020626
7919,,,,,
8459,,,,,
8571,309.68112636820644,1.2083778112448718,307.8353894,312.64112552,309.55807147999997
9415,,,,,
9458,315.25357102829514,1.9852045839000212,311.90283320000003,320.0035406,314.66459336
9496,,,,,
10180,311.32916353388146,0.3764566358577144,310.5527153,311.88232508,311.36620406
12139,,,,,
12285,,,,,
12437,,,,,
13047,305.25833636,0.19468383692988467,304.99159676,305.44619342,305.34365282
13406,,,,,
13713,309.9559796825689,2.196673459172223,307.47307928,314.44242206,309.84176714
14225,,,,,
14423,,,,,
14992,302.78953133272427,1.0152290950406433,300.98567732000004,305.35390687999995,302.89122347
16180,307.4369373963121,1.4978740206828627,302.58189266,309.58199762000004,307.76446548499996
336,,,,,
787,,,,,
1070,305.56114396817145,1.8469657600072331,301.92905084,308.84712332000004,305.62734848
1124,,,,,
1162,,,,,
1725,,,,,
2379,309.05710923932196,1.7187487564480992,307.06291688,314.1587264,308.61640697
3022,,,,,
3407,,,,,
3997,311.678111237713,1.9617273240746114,307.79437315999996,314.84916644,311.6003484633268
5869,314.43129277615844,0.8111091972466326,312.9282392,316.81110992000004,314.19461560999997
6151,,,,,
6718,,,,,
16453,,,,,
16475,316.8741243866147,0.9676256402933058,315.16020626,319.82238554,316.82820002
16639,,,,,
16714,306.70961687680165,0.6985644583582471,305.94522434,308.8095251,306.53995982000004
17716,,,,,
18668,307.11765215082414,0.24469394866105584,306.78263924,307.46282522,307.00481054
18756,,,,,
18770,,,,,
18858,,,,,
19356,,,,,
19361,,,,,
7368,314.4920206418396,1.8760545126851176,308.12250308,317.68612304,314.45438513
8738,,,,,
9077,,,,,
9717,,,,,
10291,313.09094774698264,2.4131554885604887,307.29876026,319.1661257,312.590709725
10852,,,,,
11160,310.56339139054,3.362443667150646,304.98476072,315.64214708,310.8475330885714
12066,,,,,
12642,,,,,
12742,,,,,
14759,,,,,
14980,,,,,
15802,314.47528820410236,1.182104776059951,311.25682742000004,316.55817644,314.53812661999996
277,,,,,
530,,,,,
1123,316.98392395101723,2.4147516177187507,312.8769689,320.85804559999997,316.7248115390698
1597,,,,,
1615,,,,,
2668,,,,,
3597,313.91654699602617,0.8928967382374416,312.63087146,314.83891238,313.88870282
3993,,,,,
4660,,,,,
4796,,,,,
6288,,,,,
6791,,,,,
6872,,,,,
16302,308.7953635964017,1.5239546146810954,304.92323636000003,312.64454354,308.9252138348703
16374,,,,,
17270,,,,,
17448,,,,,
18768,,,,,
19467,307.008649679689,0.3147966730306166,306.57414001999996,307.47307928,307.00139251999997
7430,310.83750333565627,2.203935217241962,306.45792733999997,315.78912194,309.7782346528287
7989,,,,,
8066,304.86092870374995,0.756822055361189,303.13561189999996,306.0921992,304.82069576000004
9710,,,,,
10374,316.20704352463764,2.294113597958118,311.98486568,321.97573814,315.77747107074424
10435,,,,,
10793,307.2251206135671,0.37230026483860673,306.62882834,308.19769952,307.22014579999995
10901,311.26946570718366,0.7857385513295589,309.56490752,312.90431306,311.33202386
11196,315.98342840486356,0.872872082877948,313.95706322,318.25009634,316.07965364
12407,,,,,
12788,,,,,
13149,310.4984528428872,1.9852253254256378,306.31778852,314.63383118,310.88421381368187
13217,,,,,
13670,,,,,
15448,,,,,
15486,,,,,
15679,,,,,
194,,,,,
2597,,,,,
3208,,,,,
3918,,,,,
4156,,,,,
4445,313.7337288912463,1.3993479642566506,311.02098404000003,317.40926342,313.86043536010595
5569,,,,,
16379,,,,,
16511,,,,,
17193,,,,,
18052,,,,,
18165,323.75334347417083,0.9114856524326368,320.98109432,325.5920033,323.8683205367623
18310,,,,,
7110,,,,,
7237,307.15591326216287,0.674481973685947,305.94864236,308.66938628,307.10735114
8573,314.679715641798,1.6694195496131334,310.5527153,318.4141613,314.4222447161291
9424,314.6692820358698,0.9260395399381222,312.11133242,316.27106276,314.66288435
10199,,,,,
10431,313.30764699308247,1.4916782431147741,309.43502276000004,316.56159446000004,312.92311216999997
11520,309.3297223260798,0.5628349415058901,308.09515892,310.33054400000003,309.39058850000004
12031,,,,,
12261,,,,,
12432,,,,,
12802,,,,,
13484,,,,,
13812,307.96902806246345,1.3540978041885696,305.85977384,311.4926708,307.9229488910638
14668,,,,,
14721,314.6849921896811,1.572213304150944,311.24315534,319.06358509999995,314.84574842
14756,,,,,
15233,,,,,
1129,,,,,
2515,,,,,
3143,,,,,
3145,309.73114358283254,0.8576978142338483,308.82319717999997,312.03613598,309.34273622
3442,,,,,
4353,313.5160321076457,1.4235940681621775,310.55613331999996,316.03521938,313.43056774582476
5349,311.85839894000003,0.17431901994416651,311.68407992,312.03271796,311.85839894000003
6141,,,,,
16530,,,,,
17560,,,,,
17648,,,,,
17945,,,,,
18245,314.0257593183926,0.8268756455925748,311.38329416,315.4404839,314.14163629999996
18277,298.4358344,0.0,298.4358344,298.4358344,298.4358344
18376,,,,,
19067,,,,,
7559,,,,,
8254,,,,,
8260,,,,,
9644,,,,,
9913,,,,,
11120,,,,,
12239,,,,,
12421,,,,,
12532,,,,,
12655,310.01608616,0.0,310.01608616,310.01608616,310.01608616
15320,,,,,
15530,,,,,
1392,,,,,
1475,,,,,
2801,,,,,
3076,,,,,
3162,,,,,
4079,308.7690505467736,0.6961309480658293,307.48333334,310.68943609999997,308.8148256148164
4497,,,,,
4591,,,,,
16637,,,,,
16803,309.91234436557306,1.31470989578039,308.18402744,312.78468236000003,309.48287503999995
16864,,,,,
17129,,,,,
17328,,,,,
18300,,,,,
18764,,,,,
19297,,,,,
7159,,,,,
8756,,,,,
9530,,,,,
9582,,,,,
10124,,,,,
11310,,,,,
11710,,,,,
11807,314.05642030680235,1.523506733133201,310.8090668,316.40778356,314.33988146
12249,323.85915201735355,4.01260084742321,316.69831525999996,330.98222083999997,323.65740398
12342,,,,,
12610,,,,,
12985,,,,,
14887,318.28750826829094,1.7536988160246127,315.30376309999997,323.13444691999996,317.80575374
15146,,,,,
2637,304.4726718937972,2.1846148720472196,299.61334229,309.47432999,304.02458668225
2787,,,,,
3224,,,,,
4451,,,,,
4739,,,,,
6603,314.8341193877234,1.3944966974003896,312.039554,317.74081136,314.45267612
6642,311.17639022986015,1.9179460096646368,307.89007772,313.74514597999996,311.63622764
16792,291.8850407559567,1.8617165331671583,289.30630298,297.19851116,291.61688449999997
6943,,,,,
7054,,,,,
7713,309.73677861418895,2.7659140384488206,305.96231444,314.93803496,309.67428415999996
8872,,,,,
9486,315.4765231835797,1.7509387552952353,310.7407064,317.88778622,315.58062272
9705,313.1737814838853,0.08539731424743889,313.0820501,313.26320516,313.26320516
9752,312.6345956079979,1.4226957153226627,309.82809506,314.9619611,312.8538655226152
10337,,,,,
10769,,,,,
11307,312.74291204423065,2.327368453723469,308.69331242,317.64168878,312.2275451
11656,,,,,
11805,,,,,
11901,,,,,
11927,308.88115962577865,1.1981228486804785,306.84758162,312.30957758,308.70356648
12062,,,,,
12416,316.4537712921018,0.9335263093227917,313.60842518,318.7388732,316.4658899
12552,,,,,
12832,302.09824704977774,0.706369662608989,301.56332269999996,304.2464684,301.78940149373784
13170,,,,,
13830,,,,,
14226,290.9180789024104,1.6144899404797632,288.3868556,295.5817877,290.35677446
14418,315.5292653663515,1.1723926665386044,312.68555978,317.88095018,315.41313973999996
14892,,,,,
16191,317.4148299830194,2.745887421537979,312.4838966,322.42691678,317.87240512999995
590,,,,,
975,301.1119254034723,3.3821991819530144,294.90331073,306.86467172,301.19759455999997
1372,292.5328257512305,2.1786417126931004,288.8311982,297.41384642,292.65660345875006
1425,,,,,
1449,,,,,
1513,,,,,
1801,306.9957133285581,1.9167130395900536,303.54235628000004,311.0483282,306.6663451785714
3049,,,,,
3188,,,,,
3717,,,,,
4847,317.77307678358346,1.118380664017172,314.78080604,319.41905918,317.9245840175949
5479,314.5194565534376,2.4865527041922317,309.98532398,319.62414038,314.07441523999995
5745,311.0916816703588,1.2962210660245344,306.97063033999996,312.82228058,311.07225434
5860,315.92465113277746,1.3049424831998555,312.4838966,319.10801935999996,315.853722518
6309,,,,,
6333,,,,,
6787,,,,,
6844,,,,,
16681,,,,,
16907,,,,,
17224,,,,,
17325,303.6081407808696,0.8857364651508465,302.72886752,305.2718744,303.24157052
17802,312.9270008870303,1.5389502873794263,310.43992063999997,315.67290926,312.87355088
17847,301.99475575482455,4.904923140530633,295.15966223,312.34033976,301.40780279
18285,308.1147126648991,1.2199280840785296,305.203514,310.93211552,308.23187972
18352,,,,,
19680,316.39589131250176,0.7382815550837049,314.48685632,317.90829434,316.4148526468182
6984,312.47127083083075,1.618698764623044,308.59077182,314.96879714,312.85304276
7766,,,,,
8577,301.6942667443141,3.4715737206535713,295.35278036,305.01210488000004,302.87242435999997
8700,315.16595762494313,1.8329055313743392,310.3818143,318.7388732,315.66503840660556
9518,,,,,
10160,319.06799497665145,2.1009926343038026,314.2954472,322.75162867999995,318.7835121999667
10526,,,,,
10537,310.38456471412957,1.5189230161949856,307.86273356000004,312.71973998,310.48777292
11752,,,,,
11764,314.36711301682953,0.8701518044501055,311.9541035,316.13434196000003,314.2054310599127
12298,,,,,
13004,,,,,
13184,,,,,
13414,311.254628655555,1.92100735342232,307.46282522,314.25443096000004,311.56444922000003
13658,,,,,
13957,,,,,
14143,,,,,
15123,,,,,
15352,314.1250190634501,1.5414238915554859,312.11816846,318.54404606,313.66539218
15429,317.2163433651604,2.004917552229232,312.95558336,320.18127763999996,317.56307432
1785,,,,,
2328,,,,,
3195,306.67280560198816,1.0322490966466062,304.52674604000003,308.8437053,306.5724109825391
3366,,,,,
4582,305.37553914518213,0.26484285991754636,304.69764704,305.71279898,305.4256853
5959,,,,,
6130,,,,,
6646,,,,,
16571,306.73662870864075,0.06080810335919496,306.64591844,306.81681944,306.71769686
16938,313.021443826146,2.6297273932532903,309.69479228,319.4053871,312.73341206
17851,316.1645504267437,1.1500544072078167,313.65627745999996,318.7217831,315.92926076000003
18190,,,,,
19177,,,,,
19258,315.0298096549722,2.2149595225219345,311.16112286,320.02063069999997,315.2321586057965
19592,312.0104559220978,2.209450527745934,307.767029,316.04205542,312.3984461
8008,307.5002147709117,1.9211641218244018,300.81306731,310.68943609999997,307.9550201
9043,,,,,
11142,,,,,
11254,,,,,
12447,,,,,
13542,,,,,
14694,,,,,
15374,317.504959706069,1.715894007340461,312.68555978,319.52843582,317.98121210000005
15389,,,,,
16017,,,,,
113,,,,,
1491,,,,,
1643,,,,,
2014,301.998714186188,0.5504815714824808,300.15851648,302.30503304,302.1443861
2999,,,,,
4487,,,,,
4530,,,,,
6154,,,,,
6719,312.69921429242225,2.9931650639729024,305.30947262,317.96298265999997,312.00879182
16509,,,,,
16563,311.4010104445764,1.9782924274754263,308.06097872,318.09628544,311.14488726499997
16672,,,,,
17192,,,,,
17266,296.6487783123462,0.28389463149702365,296.2824818,296.9319056,296.9319056
18050,,,,,
18662,,,,,
11787,,,,,
12148,309.82090711858734,2.371615060692061,305.60342234,316.85554418000004,309.6925136
12863,,,,,
13492,,,,,
13757,,,,,
14294,,,,,
14531,,,,,
15060,,,,,
15370,,,,,
15386,,,,,
15798,,,,,
1406,312.3006849647043,1.9400165083466028,309.22310552,317.04353528,311.82080072
2738,,,,,
2889,,,,,
2962,309.7767284584617,1.7005302289123632,306.59464814,312.68214176000004,309.78707882000003
3744,,,,,
5175,,,,,
5316,,,,,
5591,,,,,
6611,302.71260732491044,0.4123711040964518,302.10678787999996,303.37829132,302.48960611999996
16484,314.4339311838332,1.6990618988446171,311.59179338,318.31503871999996,314.20999670000003
18162,,,,,
18389,,,,,
18710,,,,,
18724,,,,,
19487,309.8552214013288,2.317417961151202,303.50646707,314.82865832,309.96127931188704
7992,,,,,
8064,,,,,
8411,,,,,
9944,,,,,
10699,,,,,
13194,,,,,
15148,,,,,
15240,,,,,
75,305.8586369245071,2.8746621974043727,302.39048354,309.95797982,304.77284348
2798,,,,,
3121,,,,,
3461,310.4197515418364,0.9547637266825576,308.46430508000003,312.29932352000003,310.37156024
4563,,,,,
18047,,,,,
19113,,,,,
7248,310.012730763429,1.8892342271711635,306.38956694,312.8427887,310.4142888475835
7274,,,,,
8540,,,,,
8788,306.3078723501543,1.0326182250221825,303.8021258,307.95502009999996,306.63566438
8920,315.51294139399096,1.1533874800890995,312.49073264000003,318.53037398000004,315.54736275615386
9144,301.46436438198873,1.6216622685334527,298.81865264,305.53164391999996,301.13436119
9277,,,,,
10437,,,,,
11094,,,,,
12276,,,,,
2745,,,,,
3777,308.0322514318695,2.5328218614325086,300.8113583,312.89064098,307.90830716
4523,,,,,
5861,,,,,
16999,,,,,
18792,,,,,
7748,,,,,
7901,,,,,
8467,,,,,
8841,,,,,
9245,311.8625093340716,1.2261600845928775,308.99409818000004,313.08546812,312.26172529999997
9699,313.81193725338073,0.4622770645401928,313.31105744,314.43900404,313.87161272000003
9929,,,,,
10028,,,,,
11223,309.62098913975575,0.4583135884178975,308.88130351999996,310.32370796,309.71188238
12266,305.49933886668583,1.731517166899401,302.75621168,308.17377338,306.21866594
13022,315.73349167628453,2.656301510950567,310.56638738000004,320.32141646,315.88140848
13216,,,,,
13570,309.5137945816939,4.5354664802996245,302.69468731999996,315.81646609999996,310.89964433
15948,311.11620031142854,0.6171837485741128,310.08786458,311.59179338,310.97313176
484,,,,,
657,315.47977238533883,1.2957804266007502,312.8086085,318.6876029,315.48990505118
1313,,,,,
1505,,,,,
2830,308.89298188893184,2.370890717425754,305.67861877999997,317.26228856,308.5189934
2996,310.7702234571263,1.682822264539577,308.59418984,315.19438646000003,310.22800340000003
4089,,,,,
5735,,,,,
5816,310.82504365148395,1.7553250192492074,307.85247949999996,313.5605729,311.10643454
6624,308.5564397706551,2.2980103205034235,305.99307662,313.30422139999996,307.50042343999996
6725,311.0132000335155,0.973607230617934,308.85395936,313.24269704,311.00902097000005
6873,,,,,
16462,,,,,
17265,,,,,
19127,296.6613297943378,1.6807629651207765,293.82834344,299.88165686,297.050402069148
8943,306.7468865604625,1.523352307887114,305.04286706,310.85691908,306.28702634
11097,,,,,
11382,,,,,
11765,,,,,
12322,,,,,
12514,,,,,
12526,,,,,
13536,,,,,
14289,,,,,
15094,,,,,
276,,,,,
2260,310.61592877484276,2.1872663540039636,306.51603367999996,314.3979878,310.65183788
3533,313.26174557896206,1.0164216107799653,311.66015378,315.67290926,313.14015644
4686,,,,,
4807,,,,,
6268,,,,,
6579,304.73170187126965,0.40534216339931195,303.88415828,305.35390687999995,304.8446219
16734,,,,,
17959,313.0820501,0.0,313.0820501,313.0820501,313.0820501
18170,,,,,
7284,,,,,
7860,,,,,
8045,,,,,
8947,317.4191081420428,1.0263865148873152,315.60113084,320.2769822,317.20418222
9410,318.1718243980286,1.5214277028760481,315.18071438,321.22377373999996,318.39001081119693
9634,314.3333279009917,0.21020823001713812,314.31595532,314.73637178,314.31595532
11457,,,,,
13006,,,,,
14473,,,,,
15588,311.6833638026918,2.3343339149175826,308.06439674,316.06598155999995,310.92641882
15845,,,,,
1645,,,,,
4766,,,,,
5502,307.8555990029694,0.3648486193574737,307.50042343999996,308.53266548,307.69525058
6189,,,,,
16331,,,,,
19403,,,,,
6895,,,,,
7060,,,,,
7221,308.8358143477922,0.4738580060643456,308.17377338,309.68795624,308.71723856
8439,,,,,
8834,,,,,
13105,,,,,
14431,,,,,
384,,,,,
1684,,,,,
2102,,,,,
4291,313.06817987391304,0.2939497199928111,312.7060679,313.29396734,313.29396734
6817,,,,,
18430,,,,,
19460,302.41134484434593,2.3093263821151764,299.36724485,308.52924746,301.5963140234782
19500,309.72309348560003,0.3545233586472156,308.99068016,309.83151308000004,309.83151308000004
8271,,,,,
8506,,,,,
8916,307.5452461772519,2.411323207572403,303.49792202000003,311.70458804,307.4935874
9832,,,,,
9902,309.5206885977495,1.152494679483508,307.55511176,311.69091596,309.41451464
10214,,,,,
10349,305.1307022251163,0.06665138992321983,305.04286706,305.17616984,305.17616984
10694,,,,,
11014,309.63351469281815,2.696160821788749,303.92859253999995,313.19826278,310.26560162
11625,291.16478562384617,0.6823552822062275,290.56413434,292.23554612,291.39471319999996
11852,,,,,
14397,,,,,
14413,,,,,
14924,,,,,
15980,,,,,
1373,,,,,
1869,,,,,
2282,296.25110230941647,1.0547696817390062,292.99776457999997,298.10086844,296.29786289
2414,307.99336831719427,0.771704932126263,307.12102322,309.18208928,307.58245592000003
2854,,,,,
3212,,,,,
3773,,,,,
4299,,,,,
5840,309.006216731846,0.7800786799018031,307.73968484,310.47068282,309.22310552
5910,315.58061865805473,1.31716360335397,312.60010927999997,318.21249811999996,315.55327855999997
17418,293.7568764459882,0.9388772213378181,292.044137,295.2058055,293.67111452
17903,,,,,
18571,312.9176443315794,1.9074834964834928,308.29340407999996,316.35993127999996,312.9722923567247
11258,309.01792835568375,0.9358096689134051,306.9637943,310.73728838,309.15987214999996
12102,,,,,
965,,,,,
1394,,,,,
1776,,,,,
16751,311.960983542329,3.0166817893284628,303.81579788,316.12066988000004,312.42408125000003
17163,,,,,
18003,,,,,
18541,,,,,
19335,313.414395578,2.586680107299815,309.09663878000003,317.8672781,313.49563051999996
19717,,,,,
8243,315.67080443656147,0.6587081259830425,314.5859789,317.05720736,315.4746641
8522,,,,,
8822,,,,,
10386,,,,,
10396,,,,,
11244,,,,,
11806,302.7138115896163,0.6700287205046476,301.74105973999997,304.007207,302.639999
15966,,,,,
16003,,,,,
16042,,,,,
16162,,,,,
16169,305.9336079496902,3.0369839041627467,301.34798744,310.47068282,306.9296141
355,,,,,
471,306.7325350528023,0.75490049147177,305.49062768,308.84712332000004,306.741623
5443,,,,,
16305,,,,,
17585,,,,,
18023,,,,,
7994,,,,,
9461,,,,,
9901,,,,,
11319,319.50103532022007,1.1491935547814873,316.8418721,321.94839398,319.2379445699408
12186,,,,,
4003,308.21027648903726,1.0863762717806602,307.36712065999996,311.56786724,308.09857694
4056,313.7255003624471,1.6881148976229159,308.5360835,317.68612304,314.0307027978881
4108,,,,,
4356,,,,,
16259,316.2096955812458,2.2325421491719077,313.5605729,322.0372625,315.99762116
18138,,,,,
9320,310.86851018491615,0.9711466173279973,308.90181164,313.23244298,310.82179171783133
9370,,,,,
15411,,,,,
15867,,,,,
451,,,,,
511,303.5013512558162,0.46433290725739246,303.0501614,304.20545216,303.2552426
1223,305.60024338463,1.78020468590782,303.31334894,309.47432999,305.35390687999995
2708,,,,,
17475,,,,,
17721,,,,,
18606,312.74400511577903,1.684745172169888,308.91890174,316.81452794,313.1717353150442
18667,309.28328369213807,2.045571137107647,303.37829132,311.42772842,309.79049684
18953,,,,,
9090,,,,,
10473,,,,,
13407,,,,,
364,,,,,
434,312.801714737105,0.2687215934460992,312.51465878,313.20168079999996,312.7573382
1877,,,,,
2972,,,,,
5971,,,,,
6084,,,,,
16316,,,,,
17489,312.55162967109305,0.2913074125257565,312.32324966,313.15724653999996,312.56934709999996
18278,,,,,
8793,296.95816821372847,1.0481610609023546,295.6501481,299.7005018,296.59693963999996
9261,,,,,
9575,,,,,
10592,,,,,
11282,,,,,
12995,,,,,
14968,,,,,
15188,289.95547537124486,0.6931292232868816,288.24671678,290.74187138,290.07535748
843,308.99691729917004,1.1562051865911396,306.73820498,310.52195312000003,309.19917938000003
1246,317.97363678650333,1.1146060556493913,314.06985788,320.70423470000003,318.05185117999997
2222,,,,,
4335,,,,,
4480,,,,,
6212,,,,,
16969,,,,,
17385,,,,,
17422,,,,,
17954,,,,,
19633,,,,,
10103,,,,,
10985,,,,,
12081,,,,,
12785,312.11133242,0.0,312.11133242,312.11133242,312.11133242
13188,313.73767774103084,0.5108362663422513,312.59669126,314.69535554000004,313.66994954
13798,311.40467725426316,0.45418819442391845,310.18698716,311.96435756,311.36962208
42,,,,,
2077,,,,,
18974,,,,,
7052,,,,,
7962,311.32583981843476,2.317464406666757,307.86273356000004,317.78524561999996,310.89109928
8517,,,,,
9172,,,,,
15656,309.3904300288709,2.478220152035344,305.34536183,314.66117534,308.6119574160757
306,,,,,
2076,,,,,
18578,,,,,
18901,288.9813309675995,0.7109028176919184,287.95276706,291.02556704,288.7740615791574
19719,,,,,
7718,,,,,
11836,314.2325143693392,0.9110916832448995,312.64796156,316.1240879,314.0443721317271
13454,,,,,
13914,291.27030884449823,1.584557668131294,287.71008764,293.56857392,291.58612231999996
14551,,,,,
5075,299.6855482581488,2.9575863505214426,293.03878082,304.32850088,299.79278834
6145,294.38777858075554,1.9578307642671844,291.0529112,299.35869979999995,294.34104644
18922,,,,,
9989,,,,,
10111,,,,,
10889,,,,,
11921,,,,,
15847,303.76920402074006,1.5205260538522782,300.30549134,307.39788283999997,303.69274916
107,,,,,
614,310.8178116432774,1.070067907147736,308.40961676,313.2529511,310.8491321622556
2711,,,,,
6235,312.5912992930198,0.440511350740772,311.99170172000004,313.72463786000003,312.64112552
17608,,,,,
18622,,,,,
19246,,,,,
8806,,,,,
9135,,,,,
10133,,,,,
10647,,,,,
11232,,,,,
12901,,,,,
14574,,,,,
15799,,,,,
15824,,,,,
828,,,,,
4023,310.1722340935663,1.566019941481297,306.54337784,313.04103385999997,310.68601808
6306,,,,,
16648,307.3201226043006,1.1566325040501817,304.72157318,309.56490752,307.6734431441781
16884,,,,,
11812,,,,,
12164,,,,,
4048,311.16047446879617,1.6437581375993187,304.94374447999996,314.35355354,311.3551375798287
6168,,,,,
6439,,,,,
6504,313.5956697250271,1.5185450543827883,309.04195046,315.71050748,313.68703963999997
18406,,,,,
18470,,,,,
19670,,,,,
19672,,,,,
11619,316.2197327467626,2.3883997907180334,310.7748866,320.64612836000003,315.7081249685221
12782,,,,,
12895,,,,,
15340,,,,,
2437,318.4554889004765,1.5890326374492312,314.26810304,322.0372625,318.8608820585266
16380,,,,,
18432,,,,,
19182,,,,,
8935,312.1063479648288,2.6400225960414705,306.53995982000004,316.91365052000003,312.26514332
10663,,,,,
13210,,,,,
14366,307.6955654304067,0.5947274714280207,306.65959052,308.93599184,307.62005414
472,,,,,
1138,306.88814863268124,3.586456511640885,301.48812626,313.67678558,307.19963768
2906,314.04547772316863,3.2777996821535433,309.18208928,318.75938132,314.30570126
5099,,,,,
6339,312.40312433580635,1.0777615500921676,309.73922654,315.81646609999996,312.27197936000005
6599,,,,,
19137,,,,,
7216,,,,,
9340,,,,,
12385,290.5801212307582,1.004361838032043,287.85022646,292.48164356,290.5439246555798
15435,,,,,
245,,,,,
4239,,,,,
4846,317.7013872866475,2.1577375284967313,313.84085054,321.24086384,317.68270501999996
6576,,,,,
6632,310.6055423818238,1.1006137745519766,306.06143702,313.16920961,310.70481719
11481,,,,,
14270,,,,,
300,,,,,
452,307.9613109606193,3.3157526482962094,300.14655341,314.19974263999995,307.2162843509021
6602,310.4157580621537,1.5336280856626074,307.39446482,313.23927902,310.763778035
18893,,,,,
11673,,,,,
16071,,,,,
62,,,,,
2870,,,,,
16359,,,,,
8197,,,,,
11054,,,,,
12889,,,,,
14686,,,,,
16340,,,,,
9670,,,,,
9770,314.2688029517955,1.450760022819641,310.6210757,316.56159446000004,314.67997445
12762,317.4830318036381,1.6369855065436025,313.53322874,319.66515662,318.0133333911675
13510,306.863304512,0.2393356083393246,306.6732626,307.3226864,306.82365547999996
14152,,,,,
14873,,,,,
15376,,,,,
7506,313.27704179631127,1.6666324919351285,309.7323905,315.46782806,313.42043408
7747,,,,,
12403,,,,,
897,,,,,
3388,,,,,
6584,,,,,
6600,,,,,
18495,,,,,
19121,,,,,
8334,,,,,
11265,,,,,
16233,,,,,
239,,,,,
796,315.67317742131024,1.9527375606120956,312.9282392,319.06358509999995,315.06791971999996
19306,,,,,
6876,,,,,
7389,,,,,
9773,,,,,
11022,299.9628446753379,1.5342662436843555,294.9323639,302.43149977999997,299.96027132
15858,,,,,
1834,310.91683912562945,1.769328419694669,306.79972934,313.9536452,311.27391752
3357,,,,,
17089,,,,,
7225,315.3076699258263,1.3546514764330544,311.77294844,317.00251904,315.36528746
8040,,,,,
8293,,,,,
13003,,,,,
13316,,,,,
2112,,,,,
4499,,,,,
5956,,,,,
6381,,,,,
16454,311.6742369073383,2.3175496817779417,307.88324167999997,316.17194018,311.62597358
7309,,,,,
11785,297.2103126689944,1.2677092778906471,294.44358704,300.83528444,297.02099546768073
12905,,,,,
13815,,,,,
15303,319.52609546574314,0.8543304842414253,318.05868722,321.0460367,319.57287008000003
3667,,,,,
16296,317.7027026340689,1.718732765643204,313.14699248,320.31458041999997,318.0890735967539
17776,,,,,
19319,,,,,
9356,,,,,
10587,,,,,
2954,,,,,
4865,,,,,
5983,,,,,
16737,,,,,
13630,,,,,
15764,,,,,
2590,,,,,
2986,306.6940717355426,1.1830476927284728,303.22448041999996,307.87982366,306.98430242
17519,313.50092293806455,0.13501179006595307,313.4922125,313.76223608,313.4922125
9588,,,,,
16020,312.98975772131365,1.0428837084055484,310.38865034,315.42681182,312.87355088
986,319.3188648339987,1.9164654936405585,315.23198468,321.58608386000003,319.77453326
16887,,,,,
9925,313.1598490216228,0.7968451321029764,311.65673576,315.09526388,313.19142674
13111,,,,,
14917,,,,,
4334,307.82485443443966,1.3962552129814927,304.7933516,310.16989706,307.95843812
11501,,,,,
1026,,,,,
1316,,,,,
3531,,,,,
10772,,,,,
15525,,,,,
1043,,,,,
18489,,,,,
7395,315.6931468892086,1.768531191874127,312.49415066,319.01573282,315.85008897176743
7571,,,,,
8318,,,,,
10408,310.27091650406607,0.656381835672231,308.9291558,311.44481852,310.43308460000003
10465,312.42443064978573,2.4607506384378426,306.20841187999997,317.78524561999996,312.66278692297203
12733,,,,,
423,,,,,
1480,308.98412828214435,0.9104539178596454,305.90762612000003,310.66209194,309.20601541999997
3289,293.57126709343925,2.165267569681245,288.8311982,297.97781971999996,293.53952074999995
3413,,,,,
16706,314.0371426984657,2.9471959779981396,307.88324167999997,318.67734884000004,313.87161272000003
17493,315.2899533758729,1.5422941479643566,311.54735912,317.5767464,315.8711544199999
18805,,,,,
16620,,,,,
18846,,,,,
8147,,,,,
8991,308.45356174813224,0.7499027267227588,307.06975292,309.63326792,308.62837004
14586,,,,,
150,296.18853011191555,1.0687482296027422,293.98899038,299.18096276,296.16626912000004
883,,,,,
1251,,,,,
1409,,,,,
2779,,,,,
16449,297.92863191658427,1.4351430791465842,294.0607688,300.09357409999996,298.13163062
17724,,,,,
19488,,,,,
11994,,,,,
3713,,,,,
3937,,,,,
5550,311.9348142717186,0.8679622734555984,309.41451464,313.68362162,312.04980806000003
18140,305.7181548222535,3.4758507461170134,301.26253694,311.06200028,305.35390687999995
6988,,,,,
8428,,,,,
9858,,,,,
1661,,,,,
9905,,,,,
12803,313.46206650883903,1.251951666025578,312.19678292000003,316.69147922,313.31105744
13881,,,,,
1777,,,,,
2130,,,,,
3550,,,,,
5824,,,,,
18402,312.6858574081646,3.0314606259110812,308.20795358,318.11679356,312.82911662000004
11974,,,,,
13728,,,,,
13889,,,,,
699,307.7582135712301,3.3984846287577652,302.71177742,313.59133508,308.19769951999996
2941,,,,,
16480,,,,,
9646,,,,,
9713,,,,,
13939,,,,,
3058,,,,,
18867,,,,,
1185,,,,,
1759,,,,,
3578,310.28092319835173,2.9818828360198237,305.04628507999996,319.23961312999995,309.26387761571425
6210,,,,,
17117,312.84753073580725,1.5695369066203126,307.82171732,315.58404074,312.91846354752107
10376,,,,,
11345,,,,,
11568,312.73437218375454,1.3332418623076296,308.31733022000003,315.46782806,312.98463653
14323,,,,,
14926,,,,,
6457,,,,,
16482,,,,,
18119,,,,,
18125,310.86021966440416,1.5402067093152563,307.43889908,314.0561858,310.6381658
19184,,,,,
8184,298.43034736374835,1.210529420961473,296.1628511,300.9651692,298.479414155
418,,,,,
6493,,,,,
16570,,,,,
8644,,,,,
13072,311.66004276776476,1.9942360817748075,306.96037628,314.26468502,312.05273779142857
13683,,,,,
15537,313.18603462481576,0.44520806225604936,312.00537380000003,313.74172796,313.32472952
16471,,,,,
17987,311.18973071274326,0.9961035794030033,309.15474512000003,312.50782274,311.5097609
18876,307.48222479297306,0.3999083400123645,306.70402478,307.50384146,307.50384146
13001,,,,,
15971,315.60420685021785,1.7693059073045936,311.4584906,318.73545518000003,315.36357845
9220,,,,,
7175,308.2228957591101,1.6485678001500956,306.17081366,311.91308726,307.7328488
11404,,,,,
9300,,,,,
10395,,,,,
5996,,,,,
16839,307.12666875496774,1.4182291530432343,304.47889376,308.84712332000004,307.91400386
7129,,,,,
8124,,,,,
8185,,,,,
11483,,,,,
2956,312.52950803194426,3.365242179471081,305.97256849999997,318.93711836,312.39469863228913
8195,,,,,
9514,,,,,
13761,,,,,
13983,309.25419591125046,2.290704241357033,302.97154694,312.26514332,309.5216840437624
17603,311.605387675597,2.482677182182822,307.19621966,315.29350904,311.50634288000003
13195,,,,,
14967,307.398482934889,3.185427872699208,301.46420012,313.65969548,306.82365547999996
15947,,,,,
402,,,,,
5082,313.00472893333085,2.029783535751739,308.108831,315.286673,313.66653152000004
12117,,,,,
12856,297.2312292289827,1.5770326785525914,293.3429846,300.11408222,297.4253503529851
15186,,,,,
15563,307.47790327280075,0.7272963116077387,305.75723324,309.5785796,307.50725948
7757,305.665397835018,0.8152102601019815,303.94226462,307.58074691,305.64443858
13810,,,,,
14260,311.7863475104249,5.015513021319357,304.54725415999997,319.17296174,312.10107836
2221,308.16628002846153,0.45078601183911726,307.99261832,309.1684172,307.99261832
2540,,,,,
8386,314.5160200951754,2.4727962550696123,305.80850354,317.15632994,315.13798913
9522,,,,,
14743,318.7936925261123,1.142073572574467,317.05037131999995,321.60317396,318.36061232
3994,,,,,
4423,,,,,
11664,,,,,
15515,,,,,
6855,,,,,
7539,,,,,
12241,,,,,
13506,,,,,
6029,,,,,
17936,,,,,
8333,,,,,
2712,308.201317434234,2.486392491386162,303.6995852,311.94043142,308.966475101454
6683,,,,,
10595,,,,,
6009,,,,,
17941,,,,,
19489,315.7895976680446,1.5948450179461544,312.13525856,318.62607854,316.23688256
561,,,,,
4891,,,,,
8972,,,,,
9783,,,,,
8337,317.60031012303307,1.4662683866770092,313.73489192,320.19836774,317.87753216
3202,315.3707381774777,1.1932387663227486,313.57082696,319.0123148,315.23198468
16790,302.3703219089099,2.2779422375636353,294.68626645999996,304.86854804,302.8929057244619
11150,315.09514217421116,1.5402127607557439,311.7661124,317.62459867999996,314.80587152000004
5473,,,,,
1636,317.519145787449,0.49942485134243614,316.6026107,318.26376842,317.50154996000003
16554,,,,,
19073,,,,,
6188,,,,,
1964,313.7819289072107,1.4990703720646905,310.44333866,317.73397532,313.9286616237741
3115,,,,,
5989,,,,,
17368,,,,,
17729,,,,,
573,317.07394280621065,1.0810715060412326,315.48833618000003,319.15587164,316.6880612
2564,297.16340645574957,1.262074788460821,294.97338014,300.17560658,297.2566175
4405,311.7578501492179,0.7434983164918849,309.70504633999997,313.12990238,311.75244032
8702,,,,,
19205,310.20308368682305,1.4252593453859992,306.30069842,312.94874732,310.4789220471579
7877,,,,,
12886,,,,,
1333,,,,,
9804,321.8100541178948,0.3234602111793944,321.17592146,321.89370566,321.82534526
15540,,,,,
5362,,,,,
6353,,,,,
5786,304.9680643875302,3.0035960557866916,297.47878879999996,307.76361098,306.06827306
8093,,,,,
11353,,,,,
11999,,,,,
12129,315.28660461609314,2.6040850601431336,309.17525323999996,320.21887586,315.09355742076116
16886,,,,,
10174,316.11625581122706,2.3348477569849653,307.93109396,319.1661257,316.51886921
13740,,,,,
160,,,,,
5396,317.0334479207937,1.4870385553547691,312.69923186,319.66857464,317.41609946
19701,,,,,
1047,,,,,
6217,316.8637474279999,0.32300288999765747,316.84529011999996,317.49129589999995,316.84529011999996
12209,,,,,
1466,,,,,
17855,,,,,
9896,317.4345480186057,1.3677963703635818,313.49563051999996,319.10801935999996,317.81600779999997
10108,,,,,
613,,,,,
16870,,,,,
16926,,,,,
2156,,,,,
9211,311.59858879546607,1.04136859616416,309.40084256,313.93313708,311.6470188174286
6453,310.55775926761055,2.0662660459693605,305.66836472,314.90043674000003,310.58689549999997
16970,,,,,
16775,305.249632312757,2.9431350518712383,302.41099166000004,311.82080071999997,303.91833848
7533,,,,,
10534,,,,,
1476,311.65844476999996,0.6648048900258983,310.99363988,312.32324966,311.65844476999996
11011,313.76832214739716,1.334603139509368,309.17525323999996,316.24713662,313.95706322
133,308.4342507543685,2.6371839495408875,304.30799276,313.29054931999997,307.44146259499996
7209,,,,,
10306,,,,,
12160,,,,,
575,,,,,
1919,,,,,
18908,,,,,
6704,,,,,
8024,,,,,
10488,,,,,
11958,,,,,
5189,306.99874234788183,1.2643032541674675,305.21376806,309.75973466,306.58097606
7275,311.2020610062721,1.2852828950197641,308.81636114,313.50588458,311.37987613999996
15384,,,,,
10340,,,,,
6489,,,,,
15915,313.3262996361838,1.0841985333400415,310.67576402,315.46782806,313.24269704
261,305.9193342082367,0.3232729182660828,305.53164391999996,306.35538674,305.89053602
3676,,,,,
16293,,,,,
16878,,,,,
10878,,,,,
14600,,,,,
13032,318.1584911288888,3.3244497284549923,312.1420946,327.4719143,317.46395174
14373,,,,,
15333,310.4670772387724,2.6111734392510457,305.2889645,314.59965098,311.523069360851
7204,,,,,
9121,,,,,
7762,,,,,
2219,309.3080182540894,1.5812655172750436,305.52138986,311.76782141,309.44527682
5463,,,,,
15382,,,,,
14504,,,,,
7091,310.38922351988754,2.11552807120299,305.57266016,315.00981337999997,309.90158249
2155,,,,,
19653,319.9324829106031,1.0735371579846038,316.83161803999997,321.68520644,319.89587297
8770,,,,,
8178,,,,,
17596,,,,,
8356,,,,,
14602,,,,,
1368,,,,,
16546,,,,,
17639,,,,,
10277,,,,,
6013,317.2803931476514,1.5999887881136066,313.35890972,320.46155527999997,317.56649233999997
15958,316.4507667630768,1.0942414906012268,313.91262896,319.08751124,316.42829168000003
2264,,,,,
16165,,,,,
7483,310.8617073996763,0.6344712109884039,310.16306102,312.77442829999995,310.69969016
9056,,,,,
15466,304.47193390506135,1.0576423042769183,302.1443861,306.34855070000003,304.45838563999996
6604,301.50794264677086,1.4911777105344117,298.83916076,304.74549932,301.23348377
615,,,,,
17500,,,,,
19009,,,,,
41,316.9975090171305,1.6089672406433124,311.39696624,319.12852748,317.3317883
16972,,,,,
17476,315.8725550307948,1.3188089616103735,312.91456712,319.54894393999996,315.77544986
10092,,,,,
12227,,,,,
3850,,,,,
2157,,,,,
11586,,,,,
17553,318.53425778977754,1.3464442069970706,316.16510414,322.10220488,318.454323035
1741,,,,,
16622,,,,,
6838,318.09106342045413,2.317977471188924,313.56740894,323.7120923,317.92196642
9981,314.38497722635003,0.7142925824140611,312.43262630000004,315.65581915999996,314.5085702666844
13474,301.51039220447853,1.7657398359791348,298.65458767999996,304.77284348,301.23348377
13486,301.91545220134174,1.3527036945068598,297.80691872,303.62097073999996,302.26294866875
15174,,,,,
12725,,,,,
7964,,,,,
12181,,,,,
14017,305.82031661056084,1.785209143957415,300.57551492,307.89178673,306.35367773
777,,,,,
17819,317.8973689769972,0.9055094900002805,315.65240114,319.35069878,318.03134306
8475,,,,,
17978,,,,,
17279,,,,,
14115,,,,,
10711,,,,,
16576,,,,,
14725,,,,,
19411,312.2084168184423,2.090342487663883,308.68647638,316.52741426,312.34375778000003
4103,318.1423581489059,0.9546322300843804,315.8335562,320.09240911999996,318.21023435282723
9085,311.570850895448,1.054468745858269,309.96481586,313.51613864,311.6464817
9086,,,,,
14525,,,,,
3081,,,,,
1060,,,,,
4128,,,,,
14940,294.6494126799532,3.1515939184703465,289.651523,298.74003818,295.71167246
10145,,,,,
7777,,,,,
11538,,,,,
488,321.30630654535344,2.1335988002731288,317.63485274,325.61934746,321.30067919
14156,316.3635977299269,0.9163113604405071,314.40482384,318.74912726,316.41461960000004
14074,319.6202900461891,1.4422087175115397,316.94783071999996,321.780911,320.38977686
16398,,,,,
9126,,,,,
19091,,,,,
10913,,,,,
12173,,,,,
25,,,,,
882,,,,,
11612,314.2748017951034,1.260892836899016,312.4155362,317.52205807999997,314.113608536
3552,,,,,
6738,312.0752220427428,1.623917260699125,308.42328884,314.69193752,312.18652885999995
16263,,,,,
485,,,,,
501,,,,,
3452,,,,,
980,,,,,
10360,,,,,
11006,,,,,
13438,,,,,
10714,310.9786112342455,1.4194255763216463,307.93109396,314.25101294,310.86019644074076
14128,,,,,
4410,,,,,
6027,317.19297701694023,0.8271852734607582,315.00639536,318.71836508,317.18709212
8385,,,,,
11389,315.07883672511304,2.2497307473707644,311.90625122,321.780911,314.6545893990244
14877,317.015484082766,0.7009124857756261,316.04205542,317.96298265999997,317.337485
1902,,,,,
714,,,,,
19223,,,,,
7105,,,,,
390,,,,,
4355,296.97643955626137,1.694488136414791,292.90547804,300.18586064,297.01906511
17395,311.1014570163571,1.842671714610304,307.36712065999996,315.77544986,311.02440206
16497,,,,,
13893,,,,,
794,312.04794664477924,0.5638294076439989,311.36962208,312.96925544,311.81396468
15892,,,,,
5529,,,,,
6724,314.3688536198393,2.380523954807411,306.8954339,319.4737475,314.54496266
8091,,,,,
14903,,,,,
16396,,,,,
216,,,,,
4096,,,,,
13400,,,,,
2451,,,,,
12534,,,,,
12044,,,,,
19323,,,,,
12893,,,,,
12052,,,,,
1926,,,,,
7510,,,,,
4953,309.8199997494737,0.20844430034473638,309.3734984,309.91354556,309.89303744
10586,,,,,
11287,,,,,
6023,,,,,
1832,,,,,
1947,,,,,
2227,,,,,
10168,,,,,
2351,,,,,
4469,,,,,
19160,,,,,
17680,,,,,
14014,,,,,
6865,,,,,
9987,,,,,
10367,315.38371571689964,0.7455732024580105,313.46828636,316.46930792,315.4253837431507
15620,,,,,
18722,,,,,
13435,,,,,
5367,,,,,
1122,318.82601866012254,0.8985398271425122,316.89656042,320.53675172,319.1182734200001
387,,,,,
3973,307.9522127239443,0.10769023356178037,307.77044702,308.03363456,307.91742188
17254,,,,,
13925,,,,,
12582,,,,,
6961,315.2108026398036,1.7313798361178752,311.46874465999997,319.1148554,315.00297734000003
13150,,,,,
18183,,,,,
17692,,,,,
18341,,,,,
1259,,,,,
15423,,,,,
18012,,,,,
1747,313.3999930397859,2.2672960009683987,309.94772576,317.15632994,314.33304541999996
15809,,,,,
934,,,,,
12248,,,,,
15395,,,,,
3752,,,,,
12390,,,,,
9015,323.0933537110318,1.2241992479626784,319.65490256,324.88105514,323.2842688082598
875,314.7654761379086,0.9184340230497887,313.22218892,317.14607588,314.73295376
5168,314.0083108671228,1.493275579733394,308.90181164,315.93951482,314.31444281637636
11816,,,,,
15434,312.26462974426397,0.9502021573505107,310.67918204,314.8252403,312.24023343835216
5224,313.4665001937923,1.506804526469077,310.9116074,315.48491816,313.34523764
11671,,,,,
18225,,,,,
12485,309.3229911635056,1.7682994911869196,307.60638206,313.66653152000004,309.4589489
15766,312.12578058609193,2.551428595163427,307.56536582,318.21933416,311.4521418587973
15771,,,,,
10342,,,,,
16679,309.80736052835533,0.6377170551912844,308.47626815,311.49437981,309.8070320666234
15590,317.31225172486614,0.4393902131486663,316.53083228,318.43466942,317.26057955
2832,,,,,
18092,,,,,
17958,,,,,
18728,316.0011680973454,0.7715662959071085,314.11771016,317.52205807999997,316.05060046999995
1766,306.53181598919366,0.9123057492597774,304.75575338,307.38421076,306.37589486
2459,,,,,
9293,317.4050161335443,0.7032056413844261,316.09674373999997,318.50986586,317.41268144000003
4332,,,,,
10017,,,,,
17994,,,,,
12245,,,,,
6948,,,,,
7015,,,,,
7127,,,,,
7222,,,,,
7230,,,,,
8580,,,,,
8930,312.6150297329456,1.0737566696665715,309.817841,314.28519314,312.73037514327524
9659,,,,,
9701,,,,,
9837,,,,,
10371,306.7733491085694,1.7432925721127752,304.25672246,314.59281494,306.35025971
10509,311.28056996608757,1.156279921869434,308.94966392000003,313.68703963999997,311.19530306
10729,310.4320141634308,1.1653042307246626,308.5360835,312.04639004,310.44333866
10829,303.306712880859,1.6769902510994525,300.24396698,306.07852712,303.48595895
10842,312.93231552790905,0.75684269731688,311.71142408000003,314.5176185,312.96583741999996
10980,,,,,
11190,310.0732742626017,1.59139446666132,306.46476338,313.28371328000003,310.25534756
11267,,,,,
11271,,,,,
11352,,,,,
11641,,,,,
11741,,,,,
12605,307.62668550391265,2.7730408999725764,303.32702101999996,313.94680916,307.54827572
13101,,,,,
13173,310.1542686048935,0.6420387850646367,308.1601013,311.27733553999997,309.97848794000004
13174,311.39001068881123,1.0973779892711195,309.89645545999997,313.05812396,311.7661124
13293,,,,,
13321,,,,,
13796,311.4543450355438,1.3125823163461727,309.50338316,314.72611772,311.41747436
14748,,,,,
15033,,,,,
15120,308.6441268463135,0.6099472867942584,307.1517854,310.24851151999997,308.7117740139185
281,311.8190395264886,0.3615465083774451,311.2875896,312.22070906,311.66698982
586,,,,,
1009,,,,,
1072,,,,,
1157,,,,,
1546,,,,,
1835,,,,,
2289,,,,,
2388,,,,,
2409,312.29697828834236,1.6679713708197037,308.21478962000003,315.45073795999997,312.63087146
2425,314.2892097166313,3.422807138320869,309.28121186,321.71938664,313.90579291999995
2452,,,,,
2692,,,,,
2852,297.3383288510975,0.2723088947573232,297.11306066,298.54521104,297.27370759999997
3230,,,,,
3285,311.28070165693117,1.7014715588546914,307.73968484,313.84768657999996,311.5149722309417
3347,,,,,
3646,309.20850726761904,0.8626312359540426,307.38079274,310.94920562,309.05562254
3678,309.8880285221155,1.480304172643933,307.3739567,313.53664676,309.72897248000004
3963,,,,,
4025,,,,,
4339,310.0538197153763,2.217936902279377,305.16249776,314.83207633999996,310.52652040456445
5707,,,,,
5779,,,,,
5856,309.2581264655004,3.4326809907666966,305.0155229,315.41997577999996,308.91890174
5904,,,,,
5963,,,,,
6107,,,,,
6565,,,,,
16478,,,,,
16786,,,,,
17139,,,,,
17537,306.96721232,0.0,306.96721232,306.96721232,306.96721232
17748,,,,,
17805,312.07496216642886,2.584678499696704,305.70596294,316.06939958,312.39161006
17943,305.29025773026046,1.0565990012934103,302.82799009999997,306.99455648,305.50429976
18260,,,,,
18442,,,,,
18754,,,,,
18936,,,,,
18988,,,,,
19551,306.4916372933557,3.825938676454447,302.19565639999996,313.39308991999997,305.18300588
19561,,,,,
19681,,,,,
7239,308.39616882296764,1.0342572028041868,306.70060676,312.67872374,308.42670686
7655,307.17229352,0.0,307.17229352,307.17229352,307.17229352
7683,,,,,
8211,307.63808069719374,1.3176218201867864,304.94032646,311.20555712,307.6737429943304
8825,308.2901127736692,0.7477283300818909,306.82365547999996,309.817841,308.34467438
9470,,,,,
9878,306.9801703631618,1.0336137519479187,304.97450666,309.55807147999997,306.97063033999996
9910,310.3926031853201,1.3593862624956576,308.07123278,312.69239582,310.79197669999996
10074,,,,,
10190,,,,,
10746,,,,,
10939,,,,,
11297,,,,,
11395,,,,,
11582,,,,,
12025,,,,,
12283,312.7253307145982,2.8685364557871407,308.10541298,318.56455417999996,313.3213115
12732,,,,,
13708,300.85501236717613,0.3306955198438228,300.03204974,301.51547042,300.86946464
13858,312.12114982010553,2.2016629525610782,307.18938362,315.23198468,312.53516690000004
14170,315.5286507744282,0.7588843655354458,313.98098935999997,318.09970346,315.5152738727568
14713,,,,,
14948,309.5285996751632,1.8485790848398294,305.02919498,312.4838966,309.67086614
55,314.2782501369079,0.9135384096905058,312.49415066,316.71198734,314.266784450388
120,311.6140529599135,0.7582159001715505,309.28121186,313.11964832,311.620045053995
481,317.6250602600469,9.532991630036594,310.21433132,337.50038498000004,312.70878358712326
2382,307.21325182745767,0.8209266887277314,306.66300853999996,308.96675402,307.12785926000004
2788,,,,,
3458,309.71470465500596,1.7515759397643618,305.97598652,315.04057556,309.59737871000004
3470,,,,,
3785,,,,,
4093,,,,,
4150,305.42910331999997,0.0,305.42910331999997,305.42910331999997,305.42910331999997
5123,315.61985639370886,0.6877589431666981,313.748564,316.44879979999996,315.9019166
5188,314.179810737931,0.9206717949770449,312.52149482,315.66949123999996,313.9707353
5388,,,,,
5530,,,,,
6788,,,,,
16347,,,,,
16496,,,,,
16561,312.70505878045685,2.4786735046904167,309.64694,317.34432103999995,313.0136897
16701,309.76585337510676,1.1508524306579837,308.18060942,312.45997046,309.64694
17554,,,,,
17673,,,,,
18000,,,,,
19259,,,,,
6952,,,,,
7042,,,,,
7298,313.5044113599152,1.0898864802497146,311.12694266,316.65046298,313.23234192159003
7454,,,,,
8369,308.6987243922018,2.37091430555313,304.0926575,313.07692307,309.05049551
8836,,,,,
9649,,,,,
10078,,,,,
10166,312.00565017811743,1.4630525011176219,309.30855601999997,314.40824186,312.26172529999997
10542,,,,,
11058,313.33009793559324,1.2037347477124736,310.99022186,315.16362428,313.72463786000003
11156,310.3693914342051,1.8655968331076445,307.21330976,313.67678558,310.66209194
11398,,,,,
13349,,,,,
14007,310.83727206297857,1.1121905585613647,307.36028462,312.64454354,310.9116074
14008,,,,,
15517,,,,,
761,,,,,
1978,,,,,
2205,,,,,
2991,,,,,
3185,,,,,
3259,,,,,
3822,312.4308596373028,1.166586965137278,310.38523232,314.27152106,312.43946234
3948,,,,,
4078,,,,,
4088,,,,,
5086,,,,,
5433,,,,,
6879,319.22397213807324,1.1989410410090304,316.60944674,322.01675438,319.04703659930436
16921,,,,,
17119,,,,,
17768,,,,,
18159,307.8472971718542,2.0426606689132734,303.7508555,310.74412442,308.15326526
18452,,,,,
19725,313.88861986082406,1.567547044975871,311.61571951999997,319.95910634,313.5216335140571
8588,,,,,
8937,298.70509841999996,0.06820831866041836,298.6580057,298.82207066,298.71269401999996
9256,315.31210827048386,1.1197863635635166,313.24269704,317.6621969,315.22514864
11318,,,,,
13071,,,,,
15451,,,,,
15621,,,,,
16068,,,,,
16133,,,,,
121,,,,,
242,312.2052982994993,1.0990635037489986,309.38717048,315.17046031999996,312.1421743981323
1874,,,,,
4066,315.3870921145737,1.3888768876397577,312.63428948,317.59041848,315.47637310999994
4838,,,,,
6221,,,,,
6481,,,,,
6767,,,,,
16558,,,,,
16806,,,,,
17401,308.6923017064808,0.7330047821764434,307.60638206,310.54929728,308.64887816
19642,,,,,
7023,,,,,
7969,,,,,
8315,,,,,
8442,,,,,
8725,310.5165703588019,2.9252952040220297,306.6390824,316.25739067999996,310.68260006
9374,,,,,
9480,,,,,
10348,,,,,
12722,317.75236846933024,1.8772391431197188,310.6552559,321.11781512,318.04159711999995
13753,,,,,
13884,,,,,
14765,,,,,
15428,,,,,
225,,,,,
536,,,,,
1197,,,,,
2638,306.6215044929757,1.986650309407475,302.59898276,310.1767331,306.38785793
2887,313.4311480221579,2.185110570699979,309.72897248,319.67199266,312.83766167
3564,,,,,
3715,309.18302880970714,3.789931654727696,301.42318388,312.36084788,310.91046805999997
3856,,,,,
4354,312.35824872723117,1.985258108821633,308.10199495999996,316.84529011999996,311.9477765268085
4539,,,,,
4729,,,,,
6099,309.3744924284305,1.9472646449039248,306.35196872,313.82717846,309.33590018
6312,311.75756520390127,2.9590822928748364,306.72795092,316.11725186,311.80862402375
16780,,,,,
17877,,,,,
18089,,,,,
18513,307.31864700416327,0.43756857259804943,306.52286972,308.0062904,307.3226864
18694,,,,,
19155,,,,,
19279,,,,,
7026,319.92965238123867,2.813614949273571,313.44777824,323.7633626,320.95033214
8324,,,,,
8883,,,,,
9040,,,,,
10063,313.4219943669924,1.3289085934714047,311.89599716,315.286673,312.92140315999995
10831,316.82284730194147,2.828284100702144,311.54735912,320.97084026,316.87605229999997
11539,,,,,
12544,,,,,
15464,306.7915351993259,0.45972712754178485,305.95206038000003,307.96869218,306.76213112
15707,,,,,
116,,,,,
1027,,,,,
2101,,,,,
2599,,,,,
2903,,,,,
3385,,,,,
4584,,,,,
6503,,,,,
17295,,,,,
17320,,,,,
17643,,,,,
18506,301.8331839717877,0.7158465150652477,301.04036564,303.152702,301.57699478
18577,,,,,
7084,,,,,
8303,,,,,
10824,,,,,
10880,311.6080685878145,0.6000089501740777,309.9032915,312.31641362,311.74218626
11064,308.54567796829406,2.696700357393438,305.58633224,314.76713396,307.58905891318176
11149,,,,,
11183,,,,,
11509,,,,,
13045,317.78457587755844,3.2076380537709426,310.43308460000003,323.13444691999996,318.1065395
14952,,,,,
15391,,,,,
15484,,,,,
15604,,,,,
15901,,,,,
16058,,,,,
16074,312.6019557521688,0.8217761361095428,311.4072203,314.83207633999996,312.57960116000004
16173,308.16419489376705,1.6981165944869259,304.78651556,312.0224639,308.05756069999995
1369,312.2390129957197,1.5849989717647732,303.18175517,315.17046031999996,312.17532535
2907,,,,,
3113,,,,,
3633,314.783102291329,1.31435861630036,310.6381658,318.8414138,314.90385476
5489,307.55370664267633,0.9433879680679249,306.62541032,309.17183522,307.08000698
5952,310.8098985554508,0.5690413035523993,309.84518516,311.90625122,310.79539472
6519,,,,,
17737,,,,,
18564,,,,,
7857,,,,,
8121,309.20623871256595,2.8739323160281116,304.96083458,315.05082962,309.2367776
8630,316.26192358240473,0.8456286218597663,314.48002027999996,318.42783338000004,316.24131439949156
9555,305.9171195674134,2.1482587672376425,302.73912157999996,310.67576402,305.84610176
9581,315.81463866704325,2.3257430990032355,310.52878916,320.29065428,316.11896087
10347,307.1536472344201,1.299937336807963,305.78799542,311.14061474,306.792027089452
14533,,,,,
2476,318.08667376057474,1.821472546797097,314.40140582000004,321.71938664,318.14755574000003
4583,,,,,
4791,,,,,
4844,,,,,
6726,,,,,
17825,309.49621622657446,2.096079994474698,307.67132444000003,313.68703963999997,308.94282788
18211,,,,,
18357,308.96433956604466,0.5222040299772048,307.66790642,309.55807147999997,309.07271263999996
19013,314.01101264716925,1.031602972952083,311.07225434,315.95660492,314.17239847999997
9473,,,,,
11611,,,,,
12842,314.0907146708912,2.1482555694694256,308.51215736,317.70321314,314.71500915499996
13058,313.8505962372067,0.7645725831091821,312.46680649999996,315.00639536,314.26810304
13421,308.36253536995224,0.8265015029340586,306.32120654,309.27779383999996,308.8437053
13704,308.3197891276641,1.3716930582288638,305.98624057999996,311.90283320000003,308.2455518
15271,,,,,
15545,,,,,
899,314.75181107886,2.5705383945593394,309.77340674,319.37804294,314.58711824
1506,,,,,
2713,312.7689604498522,1.5821257370752064,310.34079806,316.1069978,312.58301918
4919,310.1930088276907,3.5424624160106806,304.96767062000004,319.3370267,310.10837269999996
5553,,,,,
5911,,,,,
6068,,,,,
6807,,,,,
16287,,,,,
18069,,,,,
19299,,,,,
14823,309.5070417962153,1.3391235578868947,306.87150776,312.19678292000003,309.51328611150984
5103,,,,,
5247,,,,,
6700,308.71474602651,2.352710743951746,305.11464548000004,313.67678558,308.83345124
16930,,,,,
18769,,,,,
8607,,,,,
9074,,,,,
10323,,,,,
10427,319.6907756179996,1.100473162397383,317.01619112000003,321.71596862,319.7604111744083
10677,,,,,
13209,,,,,
1147,,,,,
1253,,,,,
1435,,,,,
1911,,,,,
3369,,,,,
3784,313.55872237212895,2.685455873427731,308.29340407999996,320.04455684,313.26662318
4940,306.1948448504605,2.563916346026726,302.39390156,312.52149482,304.9608221054744
4984,,,,,
5000,,,,,
5524,,,,,
6348,315.9060582977065,1.4066413734108654,313.82376044,319.68566474,315.44390192000003
17222,,,,,
17787,,,,,
7491,,,,,
11209,310.50382966511626,0.6948049929911794,309.91354556,311.59862942,310.54929728
11614,,,,,
12330,,,,,
13861,,,,,
2062,309.5081395335877,2.6447816795982315,303.30993092,313.28029526,309.94772576
2065,308.7855259157304,1.7115824281661185,305.35390687999995,311.46532664,309.11026092876494
3786,,,,,
17852,300.75431934168415,1.0203436959476153,298.71269401999996,301.01985751999996,300.69856364
18420,305.4308204381128,0.15869480738296293,305.27871044,305.80508552000003,305.40859520000004
19015,,,,,
19590,,,,,
8663,315.16605437247557,0.9867271474825735,312.28906946,316.8418721,315.38579558000004
8901,,,,,
11535,312.83417268237747,0.9370299207005648,310.61423966,313.80667034,313.08888614
14303,,,,,
14419,,,,,
2593,,,,,
4829,312.51397187904666,2.0576199211139503,308.81977916,315.99078512,313.07863208000003
7746,,,,,
8566,,,,,
11715,,,,,
13817,,,,,
15360,,,,,
2684,,,,,
16760,,,,,
16863,317.0533915729812,3.6269259390659983,309.9203816,322.21841756000003,317.78049881470724
17863,,,,,
9820,,,,,
10805,,,,,
15298,,,,,
16121,,,,,
1358,,,,,
2736,313.5730986456191,2.25607947369557,309.50338316,318.85508588,313.62209726000003
3153,,,,,
4658,,,,,
17446,,,,,
8094,,,,,
8120,,,,,
9751,309.48561601890725,0.8113356261903456,307.91400386,311.26024544,309.54098138
12192,,,,,
13870,,,,,
14890,310.3235647247505,0.7769577986303329,309.33248216,312.2446352,310.13571686
16249,,,,,
1472,310.6755002926727,3.8515442040270775,305.05312112,317.0469533,310.05710239999996
4803,,,,,
5213,308.86804411378506,1.4196443574752708,307.58929195999997,314.67142939999997,308.41661116386103
16548,,,,,
18055,,,,,
18810,,,,,
10084,,,,,
11756,,,,,
12120,312.1246488938808,1.528352195923409,309.61617781999996,315.57378668,311.87207102
61,,,,,
1411,316.353329869662,1.0901520847216197,314.2954472,319.07725718,316.20270235999993
1756,,,,,
5940,310.9832097943832,0.9530046939243101,308.8266152,312.59669126,311.13036067999997
6243,,,,,
6822,,,,,
17366,312.64397387,0.05148505897217182,312.552257,312.67530572,312.63770750000003
7625,,,,,
8208,309.5954307759047,0.818064352084,307.24407194,311.41063832,309.8349311
11041,,,,,
15274,,,,,
16059,314.47866217799975,2.0916157592506766,310.58005946000003,320.60169410000003,314.15684237090363
730,,,,,
16493,,,,,
19065,316.49743185154915,1.4263898473789176,314.83891238,320.07873703999996,316.05458816
8654,,,,,
10942,,,,,
14187,,,,,
110,,,,,
4513,310.4062048861471,2.011544078245192,306.66642656,315.2695829,310.39548637999997
4701,,,,,
5793,,,,,
19416,,,,,
19507,,,,,
19536,,,,,
11847,310.0987476606234,1.8999785234072804,306.2972804,315.08159179999996,309.703907
13268,311.63163411387296,3.4223258945442208,307.58587394,319.4395673,311.19188504
14705,,,,,
1001,317.3908965993738,1.5628332571358723,313.64260537999996,320.45130122,317.3980253845455
1389,319.4772191318119,2.522039374589095,314.01175154,323.77361666,320.08215506
3323,309.9509699615526,0.3088559500059374,309.46236692,310.58689549999997,310.05710239999996
4198,311.16187749749713,1.631907117177554,307.02873668,314.5517987,310.86831248
5387,309.8582558460904,1.4785662447978216,307.50042343999996,313.09572218,309.60592376
10132,,,,,
10325,,,,,
12431,,,,,
14766,,,,,
1006,311.8147341187392,1.2361406934917376,308.97017203999997,313.7143838,311.9185390347026
5822,,,,,
6316,,,,,
18703,309.81121287980284,0.5432858037919526,308.16693734,310.82273888,309.90158249
9154,,,,,
1401,,,,,
2261,309.68107766710966,2.5186716279975743,305.27529242,313.60842518,309.94772576
16955,,,,,
18077,,,,,
7963,,,,,
8314,,,,,
12929,312.323157552546,3.2056097274168627,307.95843812,317.82284384,312.80177246
13260,,,,,
15250,,,,,
2836,,,,,
18850,,,,,
19433,,,,,
11013,316.07281856209994,3.5884028962759547,311.68407992,324.86054702,314.91410882
13442,312.46139753621264,3.3622291467214613,307.74652088,320.60169410000003,312.0965406437931
13531,313.25487253075573,1.7573729969393206,310.20407725999996,319.03282292,313.23244298
2291,,,,,
6247,,,,,
16499,,,,,
17848,317.3220037825098,2.3988614490443005,311.23290127999996,321.9859922,317.47078778
19566,,,,,
10130,314.84522647685833,2.72886336442783,311.58837536,318.93370034,314.26810304
13564,,,,,
629,308.3592124185458,1.6854772066453991,306.06827306,313.62209726000003,307.79437315999996
2143,,,,,
3014,316.9454154032843,8.489948274611441,308.85395936,335.86657142,313.55715488
16358,312.11726690552655,2.531298165049356,309.65035802,318.42099734,310.5021679077208
8436,309.2709302756808,0.6294083248938671,307.99261832,309.74606258,309.49996514
9988,,,,,
9,,,,,
295,,,,,
5150,308.6976709672001,1.9659591916525436,304.50452891,313.36574576,308.1030225123234
6079,,,,,
6204,,,,,
17217,,,,,
10572,,,,,
11946,,,,,
12271,313.0760147482487,0.27538301814655197,312.381356,313.50930259999996,313.07863208000003
11157,,,,,
14191,,,,,
15856,311.2747275135914,4.272197021305068,302.7083594,315.99420313999997,312.0737342
1852,313.54735485262063,2.11143100237505,308.48139518,316.78718377999996,313.8511046
3018,,,,,
17754,,,,,
18804,,,,,
8922,322.20004436650066,3.4016460767359695,316.43512771999997,328.90064666,321.83047229
3382,,,,,
19688,,,,,
5132,312.53132642208766,2.1197401365196002,308.53779251000003,319.23961312999995,312.2973437757426
16477,,,,,
18602,,,,,
11405,,,,,
11587,,,,,
12800,,,,,
13857,306.0492213272102,2.59401082948735,301.79574806,311.23461029,305.11774919931037
2240,,,,,
4002,,,,,
5714,315.61571029908214,0.8766228185476551,313.18800871999997,316.62653683999997,315.81988412
7817,,,,,
8747,,,,,
4510,312.7004087985756,2.8264257816358196,306.50577962,315.90875264,313.63918736
8671,,,,,
10702,,,,,
11080,,,,,
11838,,,,,
12834,,,,,
15357,,,,,
17511,,,,,
13774,,,,,
15539,,,,,
6620,308.711495396912,1.8309629328852484,305.35048886,312.34375778000003,309.04536848
8818,,,,,
1256,,,,,
17584,314.55036142750157,1.268909003919591,311.26024544,316.71540536,314.699628065
17703,,,,,
7055,,,,,
10952,311.02272801695665,1.0209803994784117,309.06929462,312.45997046,311.06541830000003
15268,,,,,
16691,,,,,
9139,,,,,
9224,,,,,
9907,,,,,
10121,,,,,
12412,,,,,
14433,,,,,
5068,,,,,
5570,,,,,
11469,307.9224239391477,2.0053848982369047,305.30605460000004,310.72019828,307.98578227999997
4990,311.4965187872096,1.5618823032442464,306.17081366,314.12796421999997,311.83105478
18642,,,,,
18542,,,,,
11948,,,,,
14724,312.62434853178695,0.4286067737236918,311.2704995,313.18800871999997,312.7573382
433,312.9588984039291,0.7303644840689308,311.97461162,314.32620938,312.74024810000003
13458,,,,,
5792,,,,,
12882,,,,,
14249,316.112158020394,1.9828405715722444,311.55077714000004,319.2344861,316.31891504
3691,,,,,
5398,,,,,
1676,,,,,
1715,,,,,
6072,311.71316683451136,0.7750500394689755,310.11520873999996,313.60158914,311.82080071999997
6731,,,,,
18241,,,,,
14425,,,,,
15450,,,,,
4728,,,,,
6413,,,,,
17534,,,,,
8695,,,,,
10895,,,,,
9612,,,,,
11242,,,,,
1510,,,,,
5157,,,,,
7946,311.21541743331545,4.048720966220788,302.93736674,317.10847766,312.27539737999996
13944,314.25437931761803,3.1718493482773007,306.72795092,322.18081933999997,314.00491550000004
4537,,,,,
17166,,,,,
14410,307.7864599258182,0.570809339984527,307.3055963,308.44721498,307.3055963
4699,312.76070506242013,0.8972536922208544,310.50828104,314.95512506,312.7623300344828
6368,312.83777507743366,2.5462250261984147,308.07123278,317.5425662,313.16239375515744
9807,,,,,
12463,,,,,
16722,,,,,
8724,,,,,
9448,,,,,
10717,,,,,
4441,309.5707668607316,1.9058307282377955,307.15862144,315.12260804,309.05040684937387
6142,,,,,
19518,,,,,
7441,,,,,
14239,,,,,
5127,,,,,
14635,311.27613671616024,0.7157002434807289,310.20065924,313.34181962,311.10643454
15876,307.58754149728736,0.8707168434372735,305.46670154000003,309.13765502,307.81829930000004
3082,311.6576378012614,0.983344541862906,308.94282788,314.95170704,311.70629705
8981,321.0170145893013,2.79876907653613,315.51568034,327.20530873999996,320.95710714392857
12536,,,,,
122,315.00654318753817,0.7871318839000061,313.05128792,316.66071704,315.13115309
250,307.8640178096543,0.8939512781863309,305.74356116,310.23483944,307.88324167999997
17051,,,,,
12079,,,,,
13137,306.76632596272725,0.23753531294376112,306.60832022,307.16545748,306.741623
19533,313.3391576495657,1.9162273293366028,310.58347748,316.37360336,313.63918736
7271,,,,,
7686,,,,,
9363,309.52911265842164,2.4927811127857296,305.49575471,315.78399491,309.3505093150914
5763,,,,,
19189,,,,,
19027,,,,,
9639,,,,,
4360,314.9894958086602,2.241078117057424,309.78707882000003,318.4141613,315.27136767891625
17645,,,,,
9781,,,,,
8670,,,,,
2309,,,,,
13091,306.99505941905994,1.3888871405268826,302.66734316,309.32051908999995,307.350885065
5401,,,,,
9464,312.8293249516761,1.9799847389134677,308.5189934,315.9531869,312.95900137999996
12152,,,,,
12847,309.31043626801954,1.7328610991851634,305.7845774,313.00001762,309.39742454
12881,,,,,
5865,,,,,
7545,,,,,
2989,,,,,
1583,,,,,
2545,320.71834335048436,1.247829998153642,316.01471126,321.91079576,321.13490522
4719,,,,,
10433,310.79072385993936,1.697853345929721,307.11418718,313.8852848,310.93211552
14832,,,,,
10390,,,,,
154,,,,,
18040,,,,,
18841,,,,,
17434,309.88098268776537,0.9083440429448383,308.39594467999996,311.8173827,309.61959584
14762,312.5439153363141,0.4027772111148723,312.18311084,313.66653152000004,312.42579026
10136,,,,,
10892,,,,,
11493,,,,,
1559,,,,,
6185,,,,,
11211,,,,,
15277,316.8765472860244,1.2228787927520404,314.09378402,320.8922258,316.89143339
705,,,,,
11235,,,,,
9497,,,,,
1621,,,,,
2896,,,,,
6059,,,,,
9348,,,,,
12146,312.070289217858,2.5905350222459735,306.44083724,315.58404074,312.90944009
14603,,,,,
5682,,,,,
10646,312.3952998188704,1.6457979720433176,309.07613066,316.36676732,311.92811957244896
19101,322.39136964980975,2.479060993194205,315.99420313999997,327.591545,323.02507028
10867,319.04698586879687,1.2072758867093774,316.75300358,322.07827874,319.0219236770095
12147,315.0730840381275,2.3780886885049215,310.88084521999997,318.58848032000003,315.30376309999997
10759,,,,,
13392,308.86364377647544,4.623046174247745,293.43527114,310.66550996,309.9242887748433
149,,,,,
581,,,,,
6522,313.5291351169832,0.9572578294217872,310.83641095999997,314.9106908,313.61113199708075
1479,,,,,
6242,288.34126648918317,0.25673352725680787,288.04505359999996,288.88246849999996,288.3014051
9344,310.45914439852334,3.541719752088567,302.63145395000004,314.55521672,311.25853643
11111,,,,,
31,,,,,
5719,,,,,
2737,311.21820120318876,0.7634230308887991,309.07954868,312.2275451,311.37645812
4963,,,,,
14149,,,,,
12204,,,,,
2532,314.3651028249077,1.2488559184703236,310.19040517999997,316.12066988000004,314.55521672
10556,315.0835446558785,0.8708347306490231,310.90477136,317.34432103999995,315.23113017500003
13809,,,,,
19264,,,,,
10120,,,,,
15784,,,,,
5289,,,,,
7889,310.49837386408143,0.5550270758931074,309.02486036,311.6806619,310.43498122586834
2742,312.6680595176,0.4204164600169697,312.43262630000004,313.27345922,312.43262630000004
10334,,,,,
12948,,,,,
15260,,,,,
6296,,,,,
2904,320.170593423745,0.9946220248311037,317.7989177,322.22183558,320.07873703999996
7211,310.0108409027095,1.3841638339920486,306.73478696,314.34671749999995,309.99216002000003
2080,315.71734352,0.7212607145393163,315.3721235,316.98884696,315.56353262
5855,,,,,
3244,,,,,
14399,314.6623794079287,1.564154332643738,310.60740362,319.06358509999995,314.47660226
4783,314.56485637766644,1.3445937044037903,309.76998872,316.824782,314.79450060697366
19256,316.46957155203586,1.152557135114363,313.29054931999997,317.7476474,316.65046298
17059,,,,,
3701,317.70110357137474,1.7222380965607178,313.29738536,321.19301156,317.91513038
10781,317.3667824226777,1.653363347107049,314.09720203999996,321.24086384,317.29646876
15988,309.101422590837,1.47157217222861,306.23917406,311.14061474,309.18208928
10054,312.9247185854028,2.0544203404425976,307.46282522,315.68316332,313.2814346
9990,,,,,
5094,311.71866099888894,1.0062717057297683,309.50338316,311.91650528,311.7490223
8015,,,,,
3758,,,,,
4408,,,,,
7916,,,,,
15922,,,,,
4958,,,,,
14654,,,,,
3454,,,,,
7651,,,,,
10841,,,,,
4153,,,,,
11652,,,,,
4454,,,,,
19070,,,,,
28,,,,,
15097,,,,,
12548,312.17534156901155,0.14713780287393308,311.89257914,312.39502808,312.16943876
2880,,,,,
9506,311.8092518307148,2.862479548998556,305.11122746,316.06598155999995,312.39161006
19043,,,,,
3318,,,,,
16361,,,,,
9787,,,,,
6962,312.52522581671076,1.2167139463357441,308.64204212,313.93313708,312.63770750000003
7183,,,,,
1763,,,,,
11107,,,,,
7051,319.2011279109763,1.3726277017145607,315.03715754,321.59633792,319.03624093999997
10060,,,,,
18914,306.97405944043595,3.5113309897160287,301.34969645,319.217396,306.9273944094971
6931,,,,,
8390,,,,,
8846,,,,,
313,,,,,
14944,316.06848071291347,1.321581111738023,313.19826278,317.71004918,316.7051513
1843,,,,,
13946,,,,,
4447,,,,,
16514,,,,,
10517,,,,,
13232,,,,,
14881,317.496436125132,1.9149106118645398,312.13525856,322.67301422,317.66992801108734
7551,,,,,
10314,310.05605565104156,0.4030639275888525,308.66255024,311.48241673999996,310.0912826
12439,310.85473443381954,0.4355554588705232,310.39548637999997,311.79345656,310.76121452
1582,308.7431636066882,0.2057281791165598,308.5360835,309.03511442,308.76850886
6556,,,,,
2721,,,,,
13668,,,,,
325,,,,,
4370,310.31767890212666,1.009758517837195,307.12102322,311.55077714000004,310.5868955
13816,,,,,
5218,,,,,
109,316.9335188230705,1.934348061866432,313.20168079999996,320.7213248,316.96492082
5660,,,,,
15615,,,,,
17895,,,,,
7593,,,,,
2250,,,,,
1806,,,,,
2339,,,,,
3207,,,,,
15058,,,,,
4037,,,,,
2484,321.90054169999996,0.0,321.90054169999996,321.90054169999996,321.90054169999996
5133,,,,,
3065,,,,,
12664,,,,,
2435,309.53782092671685,1.2634924071626783,306.64591844,311.80712864,309.92379962
2727,311.7566006852781,0.5663361533583988,310.36130618,312.35742986,311.96435756
11610,,,,,
16744,,,,,
12423,319.1651605792931,0.9743709945438526,317.850188,321.84243535999997,318.8960931723036
16343,313.88920409822106,1.9124639331677198,309.22310552,316.31891504,314.39456978
4358,,,,,
3779,,,,,
3080,,,,,
4270,310.3783761821749,0.4884564230531518,309.34957226,311.4584906,310.23028208
1265,,,,,
17734,316.4993051898355,1.3877335706309644,311.86181696,319.22081402000003,316.832034016041
9687,,,,,
4414,,,,,
3650,,,,,
395,,,,,
13501,311.7577943103017,0.657657625408983,310.33396202,313.57766300000003,311.95034730134273
9927,,,,,
164,,,,,
8775,320.90064825918023,1.90460019806265,317.58358244,324.26239352,320.4629848004289
8253,,,,,
17322,,,,,
19384,311.22836457864787,1.0435834290176043,309.11372888,312.53858492,311.5097609
13134,,,,,
9284,321.93381452058475,1.2408588479177631,317.84335196,324.02996815999995,322.049567372
17870,,,,,
14637,,,,,
17072,,,,,
3097,,,,,
13077,,,,,
9898,,,,,
15603,,,,,
15930,313.83932943162307,0.6254477221445948,312.78126434,314.94145298,313.63918736
2495,313.14753877307504,1.7354349304324614,308.46088706,315.98736710000003,313.67292223815826
10257,,,,,
10998,,,,,
5637,,,,,
5593,319.6046805997701,0.39578441473944515,318.38681714,320.43762914,319.69862519944263
3524,,,,,
17538,,,,,
4989,,,,,
17097,315.7800360165057,0.47747764425461553,314.94828902,316.34284118,315.96344095999996
9217,314.62274607788066,1.1443368612110885,311.84814488,316.97175686,314.9790512
9305,,,,,
17641,,,,,
19257,310.9996970997286,0.5270937053072361,310.59031352,311.97802964,310.79539472
6983,319.9795789164116,2.064603006676713,316.95124874,324.33075392,319.16954372
7523,,,,,
15801,315.47501207927314,1.3592119679468664,313.69387568,318.86875796,314.89136289318384
13951,320.17314267979884,0.6861250889794652,318.55771814,321.29555216,320.29749032
12411,,,,,
6043,,,,,
9205,308.3656019829826,2.648278776474228,303.29625884,314.22366878,308.06781476000003
11615,305.8608901399736,1.0521818140572508,304.07214938,307.98236426,305.63760254
15037,,,,,
4886,,,,,
16407,,,,,
19288,,,,,
8489,314.9077585975374,4.338350863687303,308.32416625999997,324.93916148,314.38431572
15870,311.41914503483264,0.8641929178051627,309.31881008,313.45461428,311.426941781823
591,,,,,
2120,,,,,
3828,,,,,
4325,,,,,
16783,,,,,
8149,320.12530297528957,2.5077350196718577,316.1582681,323.99578796000003,319.84289365999996
9441,,,,,
13333,310.53198141430056,1.686738609333545,308.48139518,316.44538178,310.21433132
14563,,,,,
14905,315.32192927418924,1.9853720052192305,312.77442829999995,320.22912992,315.23996006
14990,310.0708940434456,0.5501632081065693,309.01460629999997,310.843247,310.24167548
17988,,,,,
8079,,,,,
8598,313.4110726064674,4.427340785331395,305.67861877999997,319.85998376,313.60329815
9439,,,,,
14547,,,,,
14606,,,,,
15575,307.8123998417915,0.8618632352634311,306.62541032,309.9716519,307.77728306
167,,,,,
1889,,,,,
1894,311.30559462238506,1.1510768936013773,309.35299028,315.1328621,311.11213124
6076,,,,,
6803,,,,,
17930,312.0057278507246,2.206802657233945,309.37008038,319.0977653,311.74218626
18989,,,,,
8559,,,,,
8799,,,,,
13440,,,,,
14955,313.8260021284416,2.084882221163981,310.66209194,318.23984228,313.9023749
4346,,,,,
6444,312.09745337145154,3.019865042756883,308.16351932,319.40880512,311.10833344
18852,,,,,
19444,302.36200003999994,0.21913273097343072,302.05209956,302.51695028,302.51695028
6896,,,,,
8190,,,,,
11945,316.81806675804705,2.1507130662745246,311.77636645999996,320.63245628,316.72395041
13108,,,,,
13959,,,,,
297,,,,,
1088,,,,,
3419,312.61538837217984,2.868902457600446,307.77044702,319.58312414,312.80519047999996
18726,310.94528817230145,1.14578631543466,308.93940985999996,312.7915184,310.88426324
18783,,,,,
18943,,,,,
7041,,,,,
7807,310.4661494506012,3.813729354817161,305.1009734,317.4229355,310.1083727
11839,,,,,
14179,322.2671418206452,1.9804363041848838,318.97129856000004,325.79024846,322.32779419999997
2162,,,,,
4431,,,,,
5883,314.2503524633886,2.5326361390950347,311.73876824,319.57970611999997,312.98292752
18195,,,,,
19130,,,,,
8629,315.6970336816824,1.6937507848880453,312.06348014,320.37610478,315.46953707
10101,310.73118773581484,2.0755568042655037,307.31585036,319.01915084,310.21774933999995
10624,,,,,
14698,,,,,
11510,301.15736586999225,0.9288776086255415,300.2986553,302.94078476,300.66096542
13797,310.91301502146314,2.3123529336414697,306.35880476,314.37747967999996,311.22948326
15021,,,,,
1089,,,,,
1717,,,,,
16582,,,,,
8424,,,,,
11169,309.92379961999995,0.0,309.92379961999995,309.92379961999995,309.92379961999995
12333,316.45134779738964,1.9342612213549775,310.72703432000003,320.15051546,316.27923544384134
15714,,,,,
2084,,,,,
4365,,,,,
6420,,,,,
19037,,,,,
7033,307.397571195441,1.5051888388013546,304.87880210000003,310.14597091999997,307.58929195999997
7626,,,,,
12494,,,,,
12945,,,,,
334,301.59028708,0.31095642415717556,301.48129022,302.34263125999996,301.53939656
2902,,,,,
6529,312.88559857773015,2.256447947218501,308.42328884,318.39023516,312.45966167803647
7670,308.7554056380836,1.163173868016961,306.8441636,311.14061474,308.6674309262162
10698,312.88218741556153,3.167234179181964,305.17958785999997,317.98007276,313.3398545368404
11121,,,,,
11783,,,,,
12646,,,,,
14455,,,,,
15734,307.34540459864877,1.8951825552638497,303.8533961,310.89109928,307.01848262
4509,,,,,
11780,,,,,
12150,,,,,
14182,,,,,
15390,,,,,
15469,,,,,
16098,,,,,
2430,,,,,
2822,,,,,
4821,308.7659072174803,0.8923902842233815,308.0917409,310.80564877999996,308.40278072
5261,310.4759384031047,3.03952138170378,306.60148418,317.10164162,309.06929462
5973,316.3267452449072,1.273745108308246,313.96731728,319.40196907999996,316.575950144
7500,,,,,
7905,,,,,
10809,315.55467367020407,0.9186806105736408,314.41849592,317.36824718,315.36870548
11118,,,,,
619,310.18067465360133,1.0193611921977697,306.4340012,311.185049,310.43992063999997
1876,,,,,
2344,,,,,
2911,,,,,
4228,304.8275318,0.0,304.8275318,304.8275318,304.8275318
6681,,,,,
7113,312.0961473950297,0.9009470841942288,310.63474778,313.51613864,311.96435756
7715,313.556594415998,2.7117622842080324,308.09515892,317.73397532,313.88870282
7990,,,,,
10654,,,,,
1338,,,,,
5868,304.6762562842102,2.0302851498563235,300.58576898,308.2626419,304.89247418
5979,,,,,
18968,,,,,
7316,,,,,
14857,,,,,
284,,,,,
7897,,,,,
8247,,,,,
6874,,,,,
18136,,,,,
7049,312.8092501919292,1.7779057562491372,309.85885724,317.17342004,312.48800108426775
1090,,,,,
7628,,,,,
9266,,,,,
942,,,,,
3426,,,,,
5493,310.3153713624213,2.5811519804242753,306.59806616000003,314.56205276000003,310.29978182
13777,,,,,
1055,,,,,
2415,,,,,
19703,,,,,
9084,314.85220062014236,1.8360733739435104,311.59862942,319.47032948000003,314.5757421027273
10970,,,,,
4080,308.93312262221457,2.866692116824809,304.42762346,316.29840692,308.1601013
18456,,,,,
18174,312.20204387591707,1.6976532190007498,308.85054134,314.73637178,312.5189254349951
8448,,,,,
1524,,,,,
19322,,,,,
12587,,,,,
13488,,,,,
5708,,,,,
19673,309.3253007608199,1.5790794198106755,307.22356382,312.48731462,309.13765502
17066,,,,,
2931,,,,,
11380,,,,,
302,309.33313002000006,0.4662420952109763,308.43696092,309.5785796,309.5785796
19471,312.37415179666226,1.414219927210811,310.0741925,315.82672016000004,312.46680649999996
12629,,,,,
16043,312.20919174440485,2.270763603446052,307.34661254,317.6451068,311.5473537541915
57,318.5237954445053,2.4857485805600747,313.76907212000003,323.34978218000003,318.2864802634211
8104,312.29093230563234,0.546814669612431,311.02440206,313.04445188,312.21729103999996
10972,,,,,
902,311.7527675441093,1.2291111518525795,309.71871841999996,315.0132314,311.32411968875
3243,,,,,
4556,312.3611195525693,2.1060792203335965,305.96231444,314.19632462,313.05128792
8628,,,,,
7031,310.540794330738,1.993158559725052,305.6820368,314.77055198,310.35447014
1951,,,,,
3467,318.8991649572423,1.2036802469127768,315.7481057,320.94691412,318.989528
18600,,,,,
17983,,,,,
6643,,,,,
10620,,,,,
3173,,,,,
926,,,,,
10744,,,,,
13827,,,,,
742,,,,,
3863,,,,,
6907,314.551476118356,0.7247062467557879,313.30422139999996,317.09138756,314.5577819137917
9240,,,,,
5699,,,,,
7428,,,,,
13080,,,,,
2623,,,,,
6560,,,,,
5278,,,,,
6511,,,,,
9675,,,,,
1337,,,,,
2188,310.59303841657066,2.2241774910586707,305.92642523,314.90727277999997,309.78263539399995
13788,,,,,
873,,,,,
8500,,,,,
14971,,,,,
7088,,,,,
13399,,,,,
15875,,,,,
393,,,,,
747,,,,,
18117,,,,,
10226,,,,,
9289,312.470587651573,0.987044879209167,309.57516158,313.33156556,312.74366612
12880,316.2071370327946,1.6420829689394398,313.60500716,319.72326296,315.87457244
13502,312.873525372388,2.615679509388083,308.27631398,316.79743784,312.89064098
1855,318.28688290313136,1.8840626378504874,314.93119892,321.90737774,318.47910368
3738,,,,,
14500,322.56933581247284,1.7063377840375868,319.16270768,326.19015679999995,322.51236728000003
15753,,,,,
6537,,,,,
11742,318.9838092214621,1.1680629568988177,316.48639802,321.47328919999995,318.86875796
13589,303.87489015479974,1.7689754265119233,299.76202616,306.66984458,304.23963236
5732,315.2817390349291,2.185821538122798,312.09766034,319.46007542,314.7010373271728
12450,314.38980178929967,1.2265915017860638,311.8173827,317.55623828,314.4150779
9052,,,,,
11106,321.75866473519903,2.1264709488324067,315.33110725999995,324.84345692,321.94953331999994
17177,,,,,
18778,311.6039790462883,2.0696168392518746,307.45598917999996,316.35309524,311.70629705
10171,313.69438641862075,0.38627089155623673,313.24269704,314.603069,313.55373685999996
12991,,,,,
7911,310.17628732495217,2.0582135762353886,307.10393311999997,314.58256087999996,309.78707882000003
13078,,,,,
19096,308.29597139097615,0.5421705631075809,307.24748996,309.91696358,308.21478962000003
12743,,,,,
18715,,,,,
9411,,,,,
1714,311.09438676129935,0.9253637436794058,307.33977649999997,311.76953042,311.0825084
10275,,,,,
9542,,,,,
795,,,,,
14733,,,,,
13885,,,,,
22,,,,,
17921,319.4086752759573,1.9288491538533308,313.748564,322.36881044,319.9864505
7436,313.3544956167791,1.2285053478895305,310.69969016,316.00787521999996,313.48537646
12277,,,,,
10788,314.5182032910004,0.6786989696948504,312.22412708,315.32427122,314.63041316
16219,,,,,
19068,,,,,
12307,,,,,
244,,,,,
18283,,,,,
17611,,,,,
14328,316.5632641114096,0.784530545909299,315.00639536,318.70127498,316.43512771999997
16339,,,,,
3241,312.4740675677937,1.4049029806430346,308.71723856,316.28131682000003,312.2462524036777
1283,310.4224896212093,0.6073757882156692,309.14107304000004,311.19530306,310.37156024
11104,,,,,
16008,,,,,
8181,,,,,
9492,322.2518224783269,0.726740547946929,320.57776795999996,323.6266418,322.30386805999996
11005,,,,,
1733,318.7522603965998,0.5722846412374296,317.25887054,319.80871346000004,318.75254528
3560,,,,,
8633,,,,,
19048,,,,,
17998,,,,,
7784,,,,,
9799,,,,,
13132,,,,,
4331,314.69905077480144,2.396348396768551,308.49848527999995,318.65342269999996,315.07589509999997
4390,,,,,
10162,,,,,
1198,,,,,
3916,,,,,
12443,315.6701777694909,2.3819569220018044,312.42920828,322.11929498,315.2834248195031
1689,,,,,
5029,,,,,
15746,315.42420527237414,0.7000984464600191,315.07817378,317.26570658,315.07817378
4148,,,,,
12113,,,,,
16486,,,,,
9647,,,,,
3999,309.8344322900294,1.469710899784859,306.42374714,311.69433398,309.97506992
12026,319.32134864185207,1.4349277375922413,316.45221782,322.06118863999995,319.33019065999997
10995,315.71606249727654,1.5877813105671694,309.8349311,317.85702404,315.96514997
1875,,,,,
4797,,,,,
4279,,,,,
5008,,,,,
15721,,,,,
4340,,,,,
16413,313.50899035544165,0.6590962652035364,311.2192292,315.31059914,313.51784765
14460,,,,,
9943,,,,,
13041,,,,,
4672,312.1877364271521,2.677148945400227,306.80656538,315.77544986,312.9111491
5284,,,,,
15933,,,,,
5437,,,,,
5281,,,,,
16542,,,,,
12002,,,,,
7902,,,,,
14082,,,,,
8512,,,,,
13540,,,,,
13571,,,,,
1159,,,,,
14073,,,,,
97,318.9049517455105,0.9786478034488928,317.21443628,322.0372625,318.7316587044289
50,,,,,
2589,,,,,
6766,319.3343857210518,1.4321718607074303,316.2778988,322.6525061,319.27208432
17861,,,,,
6465,,,,,
12130,,,,,
2653,313.0232159391058,1.0859558633618553,310.95604166,314.84916644,313.17775466
11624,313.6350035401492,1.344942640388221,311.02782007999997,316.40778356,313.40676199999996
13544,306.93788481496784,2.386743643081503,300.98396830999997,310.38523232,306.65959052
13507,313.2752449861663,0.9666073810241117,311.34911395999995,314.90727277999997,313.3384016
772,,,,,
11902,,,,,
19645,,,,,
12384,,,,,
4267,,,,,
7537,,,,,
13050,,,,,
19501,312.41349096986477,0.6979451111652467,311.19530306,313.94680916,312.39502808
3184,309.6515164138546,1.0523281122716892,308.00287238,312.39161006,309.59908772
1819,,,,,
8218,,,,,
6783,,,,,
5467,,,,,
554,311.14324345245615,0.714632904669519,308.93940985999996,312.73341206,311.24315534
8655,,,,,
3365,,,,,
17818,,,,,
12182,314.2866208705484,1.1236623455209729,311.75585834000003,316.61628278,314.17239847999997
11565,314.4284685425811,0.7563866806393451,313.18117268000003,316.45221782,314.33878409568416
14607,315.78865525968,0.9867459074962504,313.13673842000003,318.8414138,315.85923672194684
13896,,,,,
10686,314.25827503122747,0.7121223344892449,311.99853776,315.60113084,314.50907345
8223,314.3508222172308,1.5516508956356225,309.7665707,316.61628278,314.39074805685044
14609,306.3937590154199,0.3982109188304697,305.9042081,306.98430242,306.3314606
13920,,,,,
7685,,,,,
11228,,,,,
15104,,,,,
14885,318.7330369780866,1.892202952707148,314.95512506,322.87809542,318.82603271000005
3581,,,,,
12843,311.76582826552885,0.6045612943811054,310.55955134,313.17775466,311.91137825
793,,,,,
2531,,,,,
17632,,,,,
6066,313.6875751884929,3.4164258106691805,306.64250042000003,321.89370566,314.14505432
1353,,,,,
12085,,,,,
115,,,,,
11833,311.65141666236235,0.43245879871658693,310.69969016,312.15234866000003,311.8173827
7880,,,,,
14703,,,,,
9593,,,,,
7536,300.1118311616614,0.7568272075435104,299.15703662,301.72055162000004,299.8340954753191
9767,,,,,
11855,,,,,
13375,307.1178460275346,2.3647270275825654,304.5370001,313.80667034,306.47843546
15456,312.9183392089559,0.713678065195177,312.26172529999997,314.30911928,312.71290394
15739,,,,,
2027,315.4826791417536,1.5100731890311616,310.40915845999996,318.1748999,315.70367144000005
9761,,,,,
11376,,,,,
11383,,,,,
14085,,,,,
1551,,,,,
5513,,,,,
5842,,,,,
6164,311.996356539476,3.83952758999018,308.43696092,320.13000734,310.31687192
6450,313.7768018556192,2.423411696805115,309.77682475999995,320.71107073999997,313.07179604
17235,313.6443424643055,3.8454475033910454,308.95649996,323.02507028,312.66231724400006
18984,,,,,
8087,,,,,
8676,,,,,
4295,,,,,
4904,310.5271421038785,2.251808837742738,306.52286972,315.26616488,310.42624856
18144,,,,,
19525,311.408871706497,2.1137121904129446,305.65811066000003,314.57914286,311.51320253909176
19586,,,,,
13915,308.96241165564896,1.5429307626698743,308.01996248,312.67530572,308.44037893999996
14363,,,,,
15366,,,,,
16101,313.48959453517097,2.1845587155553168,310.39548637999997,319.2344861,312.8381473886316
6086,317.0448416766668,0.978859504431102,314.75346188000003,318.64316864,317.22810835999996
17689,,,,,
8103,313.712931235093,3.4873675346743336,306.91936004,319.22423204,314.0099258913353
12018,,,,,
566,,,,,
5269,314.33411616985404,1.2822470280973346,312.0908243,316.61970080000003,314.17353782
5445,,,,,
18330,,,,,
19055,,,,,
8827,304.5841626274766,2.4963226887580223,302.19223838,311.1508688,303.44665172
1160,311.5768283484682,3.003276409317926,306.09561722,318.6192425,311.73876824
5595,316.69887426497286,1.1806822110231177,315.17387834,319.63097642,316.32233306
19390,,,,,
7504,,,,,
7695,,,,,
15063,,,,,
5431,,,,,
13118,309.0787455720744,1.1435840289094765,306.58439408000004,311.74560428,308.99238917
2917,319.22930831397184,4.150970533468447,312.81886255999996,326.94895724,318.2432603
16851,313.4763335254383,1.7844262365693893,310.4159945,317.35115708,313.34865565999996
8668,310.3521684455454,1.6218257666657105,305.2889645,313.40676199999996,310.54861367599995
11891,312.1253413437117,1.915635799737598,308.32416625999997,316.75300358,311.78149349
18702,,,,,
7262,,,,,
9008,,,,,
13267,,,,,
13433,311.51051784973373,0.5622396599485967,309.8691113,312.21729103999996,311.6464817
14614,,,,,
5186,308.1750803799891,1.0549264365547422,306.85099964,310.22116736,307.91742188
7499,,,,,
12257,,,,,
15041,313.6547650117467,1.826578772303346,309.5614895,316.67438912,313.95277898945204
7382,,,,,
7477,,,,,
9718,313.38350026741335,1.829824144502219,309.88961942000003,316.85554418000004,313.5651488160261
9405,313.2189025145823,1.8797868162292475,309.79391486,317.17683806,313.35463719499995
11750,,,,,
11888,,,,,
88,,,,,
2767,309.6119364878258,1.4822112276126538,306.38614892,312.0908243,310.00925012
3309,,,,,
9839,,,,,
14509,,,,,
4087,,,,,
18924,,,,,
13413,,,,,
15182,,,,,
15506,,,,,
4740,,,,,
5404,321.8531795701135,1.3858364153854568,318.6705128,324.32391787999995,321.8634730323944
5616,310.62899786956876,2.5806999603659464,307.54485769999997,315.58745876,309.8007509
8750,,,,,
15031,314.2986480960573,2.796846085778075,310.18015112,320.1402614,314.24759492
16170,308.5977095304713,1.784406181638615,305.80508552000003,311.31493376000003,308.54121053
2369,,,,,
6720,,,,,
17307,,,,,
19332,,,,,
329,,,,,
3255,309.34271679943186,0.30541538302618965,309.26753978,309.92379961999995,309.28462988
13950,312.7034283507974,1.9966920833259105,309.17183522,316.2949889,312.49756868
2517,,,,,
9980,321.7976844110296,1.4455250248638387,318.94053638,325.01435792,321.59633792
14272,,,,,
15489,,,,,
3346,,,,,
16040,311.87300451615687,3.1678963901874964,305.18984192,316.64704496,312.28906946
1014,310.1538327005097,0.7881933005479157,308.1601013,311.93359538,310.25876558
5468,,,,,
10075,313.73603428155616,2.667967091394467,308.50532132,317.81942582,314.6438067862322
529,311.30950649851354,2.1493047412673585,307.55169374,313.38625388,311.77636645999996
2168,313.3033660684638,1.697928169239566,309.98532398,316.0557275,313.47854042
5785,,,,,
11464,308.7908724765714,0.8251658131966904,308.13959318,310.24167548,308.76509083999997
12201,308.5175201067489,2.2137909023060844,306.46476338,313.60842518,307.5619478
6048,316.93047918504254,0.353136590413552,316.29840692,317.35457510000003,316.95808478000004
6276,,,,,
17942,316.1233307686726,1.5151304232519525,313.01027167999996,318.82432370000004,316.18903028
18630,,,,,
18708,,,,,
8365,,,,,
2381,,,,,
4915,313.3823565140332,0.9933109644744549,311.42772842,316.35993127999996,313.19826278
17580,,,,,
17935,310.2534836513152,0.7899002289698684,308.54975558,312.11816846,310.44504767
12199,,,,,
4229,,,,,
4895,,,,,
10775,,,,,
14171,305.01586163294314,0.5148844726407987,304.28406662,306.11954335999997,304.88905616
10662,,,,,
14916,,,,,
9094,,,,,
15995,,,,,
16852,311.1773035785322,0.756218753288135,309.55123544,312.00879182,311.4926708
2710,,,,,
7961,315.5808049591403,2.0783207120331944,311.62597358,321.1998476,315.47124608
15442,313.75077515291304,0.9777600379619747,312.11816846,314.72953573999996,314.44584008
16831,,,,,
17356,,,,,
9137,312.30913631418446,1.4051108195150248,308.18744546,315.76861382,312.29248748
13526,,,,,
13529,313.34259528252966,1.3326220725336415,311.0825084,317.00251904,313.2776596783133
7333,,,,,
7600,,,,,
13422,310.0994302914352,1.2543277062618652,307.55511176,312.30615955999997,310.1377878478125
895,310.1085426821775,1.8755387132264005,307.79779118,312.27197936,308.4677231
2977,,,,,
7865,309.8115302724233,1.4829129265722258,307.36370264,313.0820501,309.20943344
7107,,,,,
12489,,,,,
15165,,,,,
13646,,,,,
14255,312.38242907939775,1.2636152927606235,308.6386241,315.41997577999996,312.26514331999994
17581,,,,,
7620,,,,,
15478,,,,,
10456,,,,,
13179,313.63348229096846,2.478430855688364,309.95456179999996,319.22423204,313.51272062
11082,,,,,
3393,309.26017104002574,2.2247198659451524,305.92471622,313.12306634000004,309.17525323999996
8574,,,,,
10560,317.0674723997445,1.4414673237218754,314.09378402,319.94885228,317.1324038
5120,,,,,
12020,,,,,
12336,,,,,
14059,,,,,
1917,,,,,
17739,314.37719145801645,1.3660971351792959,311.85839894000003,316.53766831999997,314.3983769483871
7977,310.78496414552137,1.1363959293921648,308.79585302,313.12306634000004,310.43650262
12070,,,,,
12482,,,,,
5114,,,,,
3380,,,,,
659,,,,,
12791,,,,,
12784,,,,,
10933,316.9629116133051,1.4623012975587557,314.13138224,319.06016708,317.70321314
17286,,,,,
11872,,,,,
11712,,,,,
11,,,,,
19147,,,,,
16556,312.04823559158905,1.1420796214299243,309.2367776,313.60158914,312.19678292
15238,,,,,
19543,,,,,
1536,,,,,
10784,,,,,
14205,,,,,
14935,,,,,
18221,312.19988652112414,0.6308841118327597,310.82957492,313.5605729,312.27197936
11592,,,,,
13386,,,,,
14793,,,,,
6176,310.6033591639418,0.5148199382741132,309.64010396000003,311.65331774000003,310.54587926
5230,,,,,
13201,315.0531394249374,3.4324379166284342,304.19178008,320.40686696,315.54188516
1627,,,,,
14872,315.54089532580974,0.9214593402832175,313.46828636,317.34432103999995,315.29692706000003
12460,313.5790059521253,2.0782078110127493,308.02338050000003,316.64704496,314.02747443199996
5506,,,,,
3672,,,,,
10940,310.24514011047876,1.087871181045933,307.5790379,312.72657602,309.96139784
14432,,,,,
2910,,,,,
11620,,,,,
1111,311.08752030778606,1.7955921662199337,308.23871576,314.85258446,310.70481718999997
2210,,,,,
10899,,,,,
4195,,,,,
7006,314.5729183941551,1.6592183670473546,310.34421608,317.00935508,314.71244564
11334,,,,,
15689,307.71024353867335,0.7566328307788078,306.45109130000003,308.78901698,307.75335692
13379,311.0173002930532,0.26334187564603445,310.47068282,311.57128525999997,310.94920562
8543,,,,,
15363,,,,,
6239,,,,,
13017,,,,,
4439,319.1621413980119,0.2656617428457196,318.72861914,319.59679622,319.24815818
10006,315.1811394119887,2.242804093536675,313.36574576,321.7467308,314.20999670000003
19594,,,,,
8474,,,,,
9169,,,,,
9778,,,,,
3770,,,,,
18347,316.646424648707,2.219980115538959,312.68555978,320.8922258,316.0044572
12119,,,,,
8701,,,,,
14780,318.57088930051447,1.6216568509435585,314.78422406,321.08363492,319.13194550000003
19188,,,,,
16566,316.5423154089609,2.0290145278597946,310.63132975999997,319.2686663,317.0184698
13888,,,,,
16498,312.8862388198202,1.646719032213816,310.46384678,317.1153137,312.5180768
8057,,,,,
8686,311.77140145619813,1.6683330847791797,308.79243499999995,314.50736444,312.61378135999996
3465,320.5885629164721,2.0437734601873743,314.19632462,324.58710542,320.60625146
17093,,,,,
8264,,,,,
4186,,,,,
5978,,,,,
3545,315.4999464668219,1.6939985581152386,312.61378135999996,319.4224772,315.06108368
12429,,,,,
10093,317.4301138700154,0.6320934482277331,316.27106276,318.14755574000003,317.76131948
15050,,,,,
1488,,,,,
11881,,,,,
4712,,,,,
17962,,,,,
2194,,,,,
10304,,,,,
12404,311.6110033230606,2.0846551291892577,308.14642921999996,316.30524296,310.90477136
12752,316.19781130790386,2.5328095858036423,311.27391752,320.59827608,315.53049176
8286,,,,,
1205,,,,,
4973,,,,,
16375,,,,,
3698,,,,,
163,,,,,
13660,312.3438131965705,1.7184182522523963,309.1855073,316.33600514,311.72509616
6647,313.2707689299482,1.2245320798305919,310.88768126,316.23346454,312.98976356000003
10639,311.74159431969696,1.1099691536885659,310.04684834,313.66653152000004,311.62255556
17900,316.57366185382193,0.6274140792246713,314.18265254,318.50302982,316.553903915
6397,,,,,
15675,314.1281405580913,0.6764146412141279,313.09914019999997,315.799376,314.3808977
9602,,,,,
9291,,,,,
10960,310.8298855027967,0.8158415666210379,309.82467704,312.6547976,310.62791174
8552,,,,,
3116,,,,,
13339,317.3999382534275,1.7886961247641762,313.6631135,319.82238554,318.0382578044079
10310,,,,,
19066,316.52923086819607,1.1799410533668986,312.4497164,318.2774405,316.7775070882432
7018,,,,,
13621,312.4528647194422,2.1807571488973028,307.57561988,317.15632994,312.7789054899323
11720,311.2528410101572,0.21027935728266756,311.19530306,311.91308726,311.20213909999995
18829,316.42148586933155,0.6735799831619852,314.4150779,317.6280167,316.394795084
2302,,,,,
17445,,,,,
17108,,,,,
12068,,,,,
1280,,,,,
547,,,,,
3516,310.9713960268354,0.50326679541062,309.9203816,312.3129956,310.97825879000004
14337,308.88255250756185,1.112213269411292,307.09367906,310.44675668,308.64204212
4612,307.249934546706,1.4677320017178606,304.28406662,309.58712465,307.4211562223063
8123,,,,,
5641,,,,,
4817,321.1578098802992,0.916019231449399,318.98838866,324.92207138000003,321.10394365549996
15936,,,,,
1669,,,,,
13372,,,,,
7552,,,,,
1180,,,,,
12490,317.9097653459798,0.7574520785456925,314.9106908,319.12852748,317.94247454000003
4139,,,,,
6901,,,,,
9482,,,,,
10912,,,,,
14437,,,,,
14188,,,,,
687,314.358673975423,1.2695682250704825,312.0737342,317.35115708,314.2270868
6134,308.456111263823,3.778723950117391,303.14073893,315.9190067,307.57391086999996
9802,,,,,
16809,,,,,
12779,312.10573028870334,1.0905605890531722,310.9286975,315.15337022,311.83105478
15974,314.578705026779,1.6163695299610974,312.64112552,320.06848298,314.1701198
3637,312.1069334176599,1.349369997621918,308.75141876,316.70173328,311.91308726
17814,,,,,
2257,309.99402846929945,3.285807104141454,304.25330443999997,316.61286476,310.15964299999996
3086,309.61952189806016,2.0654575917954783,305.97598652,314.36722562,308.97359006
4543,,,,,
18490,308.56235772033733,2.3922358063606404,304.7933516,314.01858758000003,308.85395399419156
14706,312.8317590123846,0.09040359570543831,312.68555978,312.88380494,312.87013286
15270,,,,,
5126,,,,,
19173,,,,,
7787,,,,,
9750,316.5401728144368,2.256380672090598,312.22412708,322.43033479999997,316.779975480396
3819,,,,,
19652,,,,,
7555,,,,,
13473,316.6520697898892,3.6021470557143402,309.46920295999996,323.96502578,317.2178543
13696,309.2317590455733,1.2611763351622816,306.44083724,311.94043142,309.51363722
6792,314.2846122880408,2.0915023400023456,311.35253198,318.32871079999995,313.38739322
17884,312.65759466315575,1.4717995111617523,310.68943609999997,315.7481057,312.5864372
8483,,,,,
7162,,,,,
8815,,,,,
14910,,,,,
308,,,,,
17276,309.2928187847097,1.516448132189855,305.61367640000003,311.29784366,309.34273622
15754,311.7769543310747,0.3938069545363378,310.9286975,312.36426589999996,311.86181696
5895,318.19244549876106,1.789252441974333,313.6972937,320.25647408,318.6021524
2181,,,,,
6828,310.67278442650894,2.0632287664230615,306.66642656,313.59817111999996,310.891953785
6866,,,,,
9128,311.47200321951664,0.29596474995735167,310.49802697999996,311.9711936,311.41405634
12615,,,,,
18158,,,,,
19559,313.96290744531007,3.262813812015569,305.8016675,319.4053871,314.26810304
9182,,,,,
16018,311.37573245401046,0.7546832967540339,309.62984989999995,313.85452262,311.41918337
1769,,,,,
9857,,,,,
2095,,,,,
3021,310.6060906315336,0.5960829985105808,308.9291558,311.36278604,310.69627214
2454,,,,,
7638,323.1561770817875,1.605952851629282,318.01083494,325.5920033,323.44548674
8454,,,,,
10125,,,,,
11594,,,,,
14680,,,,,
3845,,,,,
3941,,,,,
11371,320.6019708757322,2.029704115136522,316.9273226,324.49140086,320.52991568
12375,,,,,
13503,313.69891182300813,0.7824567921592654,312.05664409999997,315.31401716,313.74514597999996
2187,,,,,
17985,,,,,
12111,313.0798518708028,1.1371625684057298,310.5356252,314.71586365999997,313.14699248
16188,314.39431162089335,1.2192460163061258,311.96777557999997,316.42145564,314.31253730000003
493,312.46693109024113,0.6448758745457556,310.86033710000004,314.261267,312.49073264000003
8200,,,,,
10307,315.8712975336409,2.300667886899679,311.43456446,320.22912992,315.72588857
17003,,,,,
4367,,,,,
19328,,,,,
12927,,,,,
6294,311.9402999905168,2.3158919044717825,307.38079274,318.41074328,311.31493376000003
12740,,,,,
6621,,,,,
16298,,,,,
635,,,,,
7954,322.9360721556567,2.4364303629607114,317.60409056000003,327.7795361,322.60541520586537
9127,309.86757031469375,1.5773640929611636,305.26503836,311.70800606,310.35902749999997
10127,326.2396290205522,3.4591328210531076,316.10357978,331.76836544,326.3610578
1192,,,,,
1507,,,,,
1574,,,,,
1945,,,,,
6475,,,,,
18711,,,,,
6045,,,,,
6609,311.44202269554125,2.580670235108484,305.51797184,315.1328621,312.33692174
12838,314.4053574522359,0.9179154854417589,312.86671484,317.26228856,314.4213768225714
16685,313.9093691804925,2.9355476148727986,309.48971108,321.42885494,313.96389926
12747,313.0055976361018,2.2135998293825603,309.0829667,316.90681448,312.87355088
17531,,,,,
2107,312.9313754290381,0.9862705034772569,311.12694266,313.77590816,313.10597624
5805,,,,,
17845,,,,,
304,,,,,
18603,309.6081339082709,3.2065906514070095,304.5540902,314.98246922,309.32222809999996
2028,,,,,
2528,314.4735239807002,1.4635374631170128,310.01266813999996,316.6367909,314.9243898999209
833,308.68342418889796,0.9742521255745227,307.29192422,310.96287770000004,308.28315002
15403,315.48115768601195,0.9259704352148731,312.8427887,317.63485274,315.20805853999997
10690,,,,,
11823,,,,,
15176,,,,,
4598,,,,,
14277,314.392201388189,0.3452200199994281,314.22366878,314.91410882,314.22366878
11031,,,,,
7764,317.99661625031854,1.8268482910602022,313.20168079999996,322.06118863999995,318.10995751999997
368,315.08326908848454,1.297315809564638,311.21581118,317.99374484,315.03373952
8160,312.1149148893259,3.3638939192853106,306.52628774,319.28917442,311.832425744066
8625,,,,,
3148,311.4210391393074,1.5992603283281546,309.1855073,315.83697422,311.36580045616233
9342,,,,,
861,312.0261732921966,2.118196398123162,306.41007506,314.7568799,312.460913362069
5458,,,,,
13483,,,,,
3274,311.7951985059529,0.6420949175432336,311.04491018,312.84620672,311.69433398
3071,,,,,
5480,319.55254348655365,1.74697395984775,316.47614396,322.98063602,319.54552592
9299,,,,,
7808,,,,,
6246,,,,,
4098,311.91261133161976,0.7523199719576196,310.24851151999997,313.5263927,311.8800464
1833,323.20494831282394,2.907903954148,319.75744316,330.5823125,322.37564648
14670,311.7464736289786,1.0762350833094638,309.20601541999997,315.1328621,311.76725173999995
15519,,,,,
748,,,,,
1017,310.0563428399999,0.0644508032368547,310.01608616,310.15280696,310.01608616
4793,308.8171968417115,0.34771575321829623,308.17377338,309.38033443999996,308.76850886
19345,323.9999315651219,1.4885559167530253,321.62368208,327.7795361,323.7633626
10869,,,,,
19052,315.4333094559315,2.0297097605302525,312.18994688,320.0377208,315.38237756
1655,,,,,
5162,,,,,
15490,,,,,
17693,,,,,
1049,314.15021171461154,0.6386762360675865,312.9624194,315.61480292,314.1587264
15848,313.37434362488625,1.6696916671386268,310.97654978,316.15143206,313.60500716
9102,,,,,
439,,,,,
14464,312.9770859003607,1.552209449320766,309.2709578,315.45073795999997,313.17775466
18054,,,,,
1184,,,,,
14185,307.137408353375,0.3321679286274886,306.79972934,307.6132181,307.22014579999995
3734,,,,,
18831,311.86604761642667,0.61298728550093,310.01950418,312.54883898,311.99797742885244
4756,312.2633929182471,1.8319930932149704,308.66596826,316.54792238,311.86010795000004
2192,,,,,
17378,,,,,
2479,316.93368347295376,1.5296699374942047,312.74024810000003,319.80529544,317.07087944
8582,,,,,
5802,,,,,
18425,,,,,
11763,,,,,
3261,,,,,
19570,,,,,
3584,316.74449237957634,1.1661681267085415,312.80519047999996,318.26376842,316.91706854
13159,,,,,
2015,315.9613975819611,1.6337997958974357,313.55031884,319.53868988,315.63360202999996
9962,,,,,
7001,312.65914275924086,2.929019349305539,302.47935206,315.71050748,313.62893329999997
9149,,,,,
17209,321.7707863106186,1.4052725457231652,318.25351436,324.28973768000003,321.94497595999997
8172,324.1380005916413,1.9686787206118823,320.53333369999996,330.61307467999995,323.53435526
6623,,,,,
9561,,,,,
1886,315.85032998679753,2.0246554544890634,309.91012753999996,318.16806385999996,316.40529653856163
16720,309.34210001919695,0.491653283800291,308.3993627,310.60056757999996,309.47262098
17061,,,,,
14095,,,,,
10373,,,,,
12491,,,,,
12180,,,,,
12294,311.15819582629837,0.7644403636557907,308.2113716,312.45997046,311.22264722
4349,,,,,
18017,,,,,
17974,,,,,
14498,319.19415439519304,1.3286394990503412,314.24759492,321.93130388,319.2911502642751
14989,,,,,
12372,319.9988406089806,0.8247708936961193,318.19540802,322.21499954,319.79732006
12757,,,,,
1499,,,,,
4679,,,,,
1562,310.23233954897796,0.7264116294136406,309.02486036,311.77636645999996,310.24339799996045
17597,,,,,
7515,,,,,
15717,,,,,
13886,310.13377388107625,0.45264776342592805,309.05220452000003,310.80564877999996,310.21433132
11869,,,,,
9148,318.43675931599745,0.6680984065520881,317.52889412,320.36585072,318.41074328
14250,316.57254558455696,2.409520798000141,311.01756602,319.92492614,317.10278096
10392,,,,,
3037,,,,,
13237,,,,,
4146,,,,,
11943,,,,,
7631,310.93975214531287,1.9687032586277744,308.35151041999995,314.58256087999996,310.46384678
18436,308.6791263600645,2.724087900835691,303.98328086000004,313.67336756,308.73091064
14623,,,,,
1948,313.80131025347634,2.220849945180516,308.963336,317.51522204,313.4550473533787
14805,,,,,
521,310.66254297406806,1.469683931357809,308.00970842000004,312.98292752,311.06200028
2592,,,,,
17240,316.2810501400485,2.138578046053933,310.97654978,320.35559666,316.5193156706926
9365,320.96007920971704,1.8847953632590642,317.92538444,323.95818973999997,321.0184637185774
7027,,,,,
11843,,,,,
14776,,,,,
19220,,,,,
3004,316.0612989376484,1.3995539065949343,312.88722296000003,318.31503871999996,315.91900669999995
13228,,,,,
19085,313.005152430015,1.2462621155544713,309.94430774,314.43558601999996,312.96583741999996
1446,318.5846683319298,2.873922428513379,313.5263927,323.68133012,318.971253121034
2318,,,,,
5274,,,,,
10012,,,,,
15344,312.12314053307006,1.5012301835893846,305.88369997999996,316.1069978,312.0815581922865
11997,,,,,
784,316.4290660367774,1.627543943515192,313.55373685999996,319.87707386,316.36676732
4856,313.14891700335943,0.8706583140463531,311.66015378,314.82182228,313.53664676
10089,319.8187184726032,2.0268811873883044,315.59771281999997,324.37860620000004,319.8492414114285
17674,309.2800231191819,1.1208180674655934,306.1092893,311.31493376000003,309.35811731
11784,,,,,
14997,321.69173936591346,3.2118350184355267,315.2012225,326.79172832,321.801130853253
708,,,,,
6497,310.80577832968066,2.7958769360495923,306.10587128,317.0982236,310.88426324
7100,,,,,
9545,,,,,
15571,,,,,
16848,,,,,
26,,,,,
4121,,,,,
5221,,,,,
4950,318.8017894655097,1.634572208291199,316.08307166,323.14470098,318.4810564696191
8524,,,,,
770,309.8270954068377,0.34986085358276114,309.00777026000003,310.33054400000003,309.72555446
5265,,,,,
16350,,,,,
1452,,,,,
19428,312.3171191932494,1.6958163214035638,308.69331242,314.17923452,312.62745343999995
4452,315.5640292371323,2.158778762035198,309.16158115999997,320.97084026,315.84437993
5985,321.48214248292373,1.194742544329493,317.88095018,323.28825782,321.67016715200003
16519,311.96278755374703,2.714576377019001,305.36416094000003,317.33064895999996,312.7087118170022
11583,,,,,
19336,,,,,
900,,,,,
2020,,,,,
6440,,,,,
12095,,,,,
12345,,,,,
14086,,,,,
5930,,,,,
15760,,,,,
3446,320.71118338560467,1.3902730139158137,317.52889412,323.95818973999997,320.50257152
7854,,,,,
11950,,,,,
14879,,,,,
15902,,,,,
17890,312.63835261168623,1.1239512155821827,310.12888082,314.49711038,312.84962473999997
17838,,,,,
6379,,,,,
17908,315.0208271623784,1.0991695096094527,312.38819204000004,316.81110992000004,315.2888346667027
14717,,,,,
8481,319.5757981528396,0.8542451909886789,318.23642426000004,320.96400422,319.9693604
19039,,,,,
1866,,,,,
6011,310.0553228467524,0.9436938082165363,307.99945435999996,311.58837536,309.81442298
9067,,,,,
891,312.360758172688,1.2680289401918174,309.5785796,314.15189036,312.57276512
12344,316.5167911029816,1.27729450023983,313.07521406,319.61388632,316.59577465999996
12849,,,,,
19294,,,,,
14060,317.4939598774712,1.2338116331534312,314.37747967999996,319.83947564,317.75923975705325
5771,,,,,
4998,310.9764215603392,1.4076154548783473,308.8437053,314.090366,310.95604166
6178,314.114836092517,1.042496626321664,310.57664144,315.86431838,314.19632462
9326,,,,,
10588,313.2740143131973,1.4993345428442881,309.31197404,316.55134039999996,313.60927968500005
10332,311.7292776593668,1.319447983428447,310.36472419999996,314.79447812,311.55419516
17937,,,,,
9354,,,,,
14638,314.9024067507767,0.5881191964209648,313.54690082,315.58745876,314.85258446
6193,,,,,
10250,310.65862133507693,1.0390346835795867,309.20601541999997,312.86671484,310.23738796368417
2353,313.4462846250045,0.4990904853236007,312.47706056,314.65092128000003,313.37258180000003
8622,,,,,
11813,323.0458929056835,1.7803602880380975,316.77009368,325.5920033,323.44890476
10877,312.3644905092318,1.4346283941259481,309.98532398,316.38385742,312.08398826
16769,,,,,
15338,,,,,
10800,,,,,
12923,,,,,
14146,,,,,
15026,,,,,
2315,310.60515610951614,2.063396690706432,305.28212845999997,313.53322874,311.10643454
6750,310.0151007848649,0.7082994919021683,307.69525058,310.54587926,310.18356914000003
18551,,,,,
265,,,,,
6693,312.5646258349474,0.14097001830235398,312.4838966,312.89405899999997,312.55909304
13487,,,,,
2945,313.8484626073179,0.6334218919183522,312.52149482,315.68316332,313.99807946
2848,,,,,
6833,,,,,
16083,311.38766625683957,2.126186077275728,306.07169108,316.88630636,311.87548904
14287,315.2022272640631,1.2011954895148627,313.94680916,318.67393082,314.7616801287148
9829,,,,,
15611,,,,,
12462,310.632450756893,2.0446696574638215,306.52970575999996,313.93655509999996,310.79539472000005
7093,,,,,
2961,,,,,
3220,,,,,
9529,,,,,
3133,322.21156495879006,1.6284900527281325,317.48104184,324.6007775,322.51151277499997
1710,,,,,
10070,315.77037461818185,3.1944830280213594,311.96093954,319.4395673,313.71096578000004
672,,,,,
3753,,,,,
1635,,,,,
8169,311.2259391129242,0.6191277473483832,309.97506992,311.97802964,311.57128525999997
18472,,,,,
5283,,,,,
19450,315.8424017217786,2.9472681808948993,308.30024012,321.14515928000003,315.84836762000003
310,308.9171803570769,0.34311237404681955,308.27631398,309.41109661999997,308.76167282
2480,,,,,
5060,,,,,
16051,300.5588349824,0.06665138992321983,300.54817076,300.68147353999996,300.54817076
19430,314.19411869022287,0.5972204746734725,313.32472952,316.0557275,314.20657868
2682,,,,,
5477,320.85506567809915,1.87399772469839,315.47808211999995,326.24826314,320.79479985402236
10061,308.93719587390694,1.309112620503205,306.46134536,311.52685099999997,309.10689284
2359,316.14117799999997,0.0,316.14117799999997,316.14117799999997,316.14117799999997
781,,,,,
848,,,,,
18639,,,,,
15500,,,,,
11940,,,,,
14807,318.82987716233094,2.5002378554000795,314.25443096000004,323.75310853999997,318.3868033853924
7013,,,,,
11731,312.71185887685994,3.354053741741876,309.07954868,321.67495238000004,311.868653
13873,,,,,
2751,312.4477753022223,0.17099971432677166,312.29248748,312.66505166,312.3129956
17260,310.7847987336632,0.5621591731099128,309.99557804,311.8515629,310.7065262
8231,316.51264812757324,0.637075742856604,315.94635086,317.60409056000003,316.28302583000004
9764,,,,,
16103,,,,,
970,313.4412947512955,1.8480920581583504,310.16647904,317.05037131999995,313.57766300000003
5727,,,,,
11647,,,,,
5924,,,,,
15206,,,,,
2160,,,,,
14042,,,,,
5236,,,,,
10140,,,,,
17817,,,,,
869,,,,,
18028,,,,,
17206,311.609115989531,1.436989101032492,307.60638206,313.56740894,312.12842251999996
18,,,,,
12358,,,,,
2974,,,,,
14833,,,,,
5974,310.0074996903688,0.14257524604326258,309.75631664,310.23483944,310.01608616
8387,310.3567895222716,1.6210321197121322,306.37589486,314.39115175999996,310.2268600901743
14876,,,,,
9451,,,,,
14257,317.00761253487076,1.5983451816106105,314.62699513999996,321.18959354000003,316.51373323230365
18896,316.9402875170941,0.8633216942916002,314.73295376,318.54746408,317.05378934
1061,,,,,
11963,,,,,
16044,,,,,
3400,,,,,
4835,,,,,
14991,314.493429525827,0.908543249125284,312.99659959999997,316.98201092,314.26468501999994
8565,,,,,
11502,318.9294445302094,0.8772762337980672,315.40972172,320.36926874,318.97813460000003
8621,,,,,
14621,,,,,
9382,312.0588087854214,1.6915520836978977,309.08638471999996,316.14801404,311.82080072
13457,313.75181125249566,2.0093757619994395,311.08592641999996,318.97471658,313.167464536483
10919,,,,,
2586,,,,,
3804,,,,,
17439,,,,,
1930,313.5396019866149,1.6787607144213386,309.75973466,315.799376,313.70071172
8332,,,,,
1397,312.87013286,0.0,312.87013286,312.87013286,312.87013286
8058,309.841245087403,2.7582578669365687,305.86319186000003,313.13673842000003,310.04343031999997
3748,306.5229977956909,0.5167548885147571,306.45109130000003,307.83880741999997,306.52970575999996
7853,312.42201822507167,2.5008214432719655,309.62984989999995,321.44252702,311.65748697318685
10056,313.2864426349445,1.1209982959348361,309.32564612,314.37747967999996,313.748564
12736,319.1628626222668,4.2506010863068315,308.73091064,323.90350142,321.14515928000003
1365,,,,,
4019,311.99170172000004,0.0,311.99170172000004,311.99170172000004,311.99170172000004
16278,,,,,
8982,,,,,
762,,,,,
5449,,,,,
9021,315.3698907525148,1.2184236787385845,313.16066456,317.89462226,315.04057556
10176,315.10036597303156,1.6175648432016465,311.34227792,317.08796954,315.67632728
14408,,,,,
11976,,,,,
13481,,,,,
13568,,,,,
1522,312.4882409961782,1.1508934060806189,310.03659428000003,314.66117534,312.58472819
10043,312.77885064350653,0.7014099036473107,311.9541035,314.51078246,312.49415066
3075,,,,,
8928,,,,,
14398,310.26855100018776,2.1213479253546987,306.08878117999996,313.48195843999997,310.68601808
8848,308.14986907721214,1.1739827216006073,306.27335426,310.0400123,308.2626419
190,312.7721135760647,1.835338257841045,308.22504368,316.3975295,312.77813929314283
6613,,,,,
19304,,,,,
4427,309.365611895077,1.9120616488009214,306.08536316,314.08011194,309.71453914832955
4237,,,,,
18087,,,,,
14384,307.95856365429904,2.544981503890554,303.41247152,311.66698982,308.07806882
15295,,,,,
11463,,,,,
13359,,,,,
5604,302.364532905873,1.0247444458254635,301.24544684,305.61367640000003,302.05209956
5227,,,,,
4205,,,,,
7135,,,,,
15556,,,,,
9519,309.7836608,0.0,309.7836608,309.7836608,309.7836608
6930,,,,,
13746,313.7894050485984,0.7014264148053465,311.89941518,314.44584008,314.05960382
16881,,,,,
8331,319.52226700245,3.6384154866808864,309.10347482,324.23163134000004,320.407889844805
14263,315.31593768929486,0.5913170712378747,313.4409422,317.00935508,315.15849725
6851,319.79469064137186,1.7047406964499061,315.40972172,322.1568932,320.199042772163
8586,318.25854304380135,1.6561261529252285,312.94191128,319.91467208,318.78672548
10135,310.3793885416297,2.5183718605613015,306.28019029999996,315.9019166,310.49802697999996
12883,312.3723917384877,2.380651506651554,308.54975558,317.8672781,311.91821429
17155,,,,,
13049,313.9750818138667,2.834987748016527,308.90181164,317.90829434,314.0561858
1097,314.00954042654655,2.530214152037255,309.66061207999996,317.63827075999995,314.49027434
470,316.323515699403,1.3066446962214444,313.2529511,318.18173593999995,316.5702286757391
5459,,,,,
16731,,,,,
4421,315.375332096881,1.0400308013672077,312.90431306,317.3033048,315.45758166372195
18614,,,,,
1430,314.0563420611093,1.6236202310438486,310.52537114,316.32233306,313.83743252
436,,,,,
17411,,,,,
4820,,,,,
8357,314.76128977710783,1.1363399546295934,312.39502808,317.73397532,314.55293804
11832,,,,,
13269,309.7243115436364,0.11637592649771268,309.58883366,309.85885724,309.63668594
18643,,,,,
2129,,,,,
12930,311.11117412659485,0.7288622906769444,309.47945702,312.40186412,311.02440206
7161,,,,,
13446,319.70118140640676,2.190557739152289,315.58404074,323.28142177999996,320.01379466000003
18340,,,,,
132,,,,,
12214,,,,,
10015,,,,,
15782,,,,,
8430,,,,,
12155,,,,,
9719,315.36222701320867,1.2870406253734077,312.22070906,317.05037131999995,315.6653863965149
1428,,,,,
9460,,,,,
14696,,,,,
8429,,,,,
5999,,,,,
15433,,,,,
10082,,,,,
6081,,,,,
17927,,,,,
17479,,,,,
3023,306.9467042,0.0,306.9467042,306.9467042,306.9467042
3677,317.0646155544511,1.732018474730845,310.66209194,318.92344628,317.337485
6102,,,,,
19075,,,,,
5314,310.7882502689592,0.9782742102221951,309.47262098,312.19678292000003,310.45701074
12608,,,,,
12363,,,,,
3645,,,,,
18900,,,,,
15185,,,,,
7047,,,,,
14200,,,,,
10208,312.887564762,1.1556390320597039,311.12352464,314.57572484,313.05641495
10478,,,,,
12237,,,,,
5139,,,,,
10609,311.89458158093476,1.0682685199861803,310.33054400000003,314.41165988,311.58837536
2577,,,,,
13954,,,,,
2946,,,,,
6926,,,,,
11527,310.92240788543916,1.5032453284708436,305.7503972,313.22560694000003,311.19988207016627
14286,,,,,
1667,,,,,
16097,,,,,
9868,,,,,
11692,,,,,
5064,,,,,
5581,313.0031857158526,0.5251489341611681,311.74218626,313.77590816,313.03419782000003
7826,,,,,
1285,317.29096330201145,0.47018506736261184,316.60944674,318.57480824,317.24861648
14043,315.65050529220645,0.7131096066647883,313.9536452,317.13582182,315.8042950717841
9562,,,,,
2236,,,,,
6651,309.64307207876334,1.4206916744249174,304.58485238000003,310.9286975,310.04684834
8642,,,,,
13601,,,,,
17557,312.19430616731796,0.8273366826337629,310.2792737,313.95706322,312.06518915000004
10678,,,,,
8327,316.8998250481217,0.45784377692722256,315.98736710000003,317.79208166,316.85725319000005
11117,,,,,
8359,,,,,
19469,,,,,
8927,317.6475673464789,0.6515117024927108,315.83013818,319.06358509999995,317.6337134
8400,,,,,
12938,311.20213909999995,0.0,311.20213909999995,311.20213909999995,311.20213909999995
15578,,,,,
10380,,,,,
4294,312.08942648286563,0.5440768279737955,311.1166886,312.66846968,312.36426589999996
5941,307.0531029329431,0.6443068335984257,306.43058318,308.34125636,307.38762878
5231,,,,,
4611,,,,,
18949,312.0715800780707,0.21362624997053659,311.95068548,312.37793797999996,311.95068548
10640,314.7640192222311,0.7226654933291135,313.49904854,316.64362694,314.68168346
305,,,,,
7848,,,,,
5691,,,,,
7198,,,,,
14930,313.28671217929474,1.1566517271881624,309.54098138,315.04057556,313.44265121
4925,,,,,
5625,,,,,
11688,,,,,
16321,,,,,
1478,,,,,
4871,315.48883232765957,1.757445808234492,311.57470328,320.13000734,315.21489457999996
16218,,,,,
9243,,,,,
14129,312.6943474398361,0.9556329229179839,310.02975824,314.03225966,312.70948592
10598,,,,,
7295,,,,,
18155,314.69737504988774,1.2400359465026696,311.58837536,316.46930792,314.94151365491126
7229,,,,,
8437,,,,,
6862,314.2076891273557,2.7969454900364443,307.06291688,319.3370267,314.63041316
12309,,,,,
15356,311.1235350111537,3.0448936227501306,305.65127462,315.29692706000003,311.75244032
5609,,,,,
18255,315.53484113338675,0.7718560065519747,313.41701606000004,317.69979512,315.4917542
8129,,,,,
8162,,,,,
10514,,,,,
19598,,,,,
1872,,,,,
9054,312.2105376003991,2.0335139059214695,309.05904055999997,317.45027966,311.84814488
4534,,,,,
14676,315.01650970406627,1.62562669431671,311.10643454,317.72372126,315.07133774
2851,311.3092042063439,0.21320544731019736,310.81932086,311.55077714000004,311.34569594
637,313.09821265787195,1.8711981582265715,309.39400652,316.312079,313.48615975625
5780,,,,,
7160,,,,,
15992,320.9486180552664,1.5898583275178089,316.28815285999997,323.19255325999995,321.07167185000003
6779,,,,,
411,,,,,
1366,313.2712974877803,1.2718539831685343,310.96629572,316.1753582,313.21535287999995
7694,,,,,
3062,311.4641025878172,0.9445228459687336,308.8949756,312.83595266,311.6464817
17471,320.1698104365993,2.459998118570659,313.41018002,323.96160776,320.51523670639364
11029,317.11503213896555,1.2955330220638712,316.06939958,320.3624327,316.45221782
729,316.8307110438259,1.738307634661087,312.32324966,319.49083759999996,317.5156294090126
12162,,,,,
15626,,,,,
16942,,,,,
365,,,,,
7849,318.2986891233645,1.474195014129556,314.8594205,320.8067753,318.19199000000003
10071,,,,,
1229,,,,,
16655,,,,,
7205,,,,,
10148,312.36537470128354,0.44640012276231744,311.185049,313.07521406,312.44800739000004
13311,,,,,
13789,320.1805280999465,1.4536248967963425,316.14117799999997,323.64373190000003,320.4483736782063
2571,,,,,
16562,311.6573834206484,2.420797068346985,305.18984192,314.66117534,312.6570286835509
6459,310.6076441190905,0.6398338987699974,309.42135068,311.99170172000004,310.5698054
6479,318.53125147671136,1.7917525503544098,313.4922125,321.49379732,318.84654083
12216,314.9174492083929,0.8242613448615332,312.33350371999995,316.2949889,314.99955932
6093,,,,,
9947,,,,,
8926,,,,,
6458,313.69764828940066,1.819121714972505,309.37008038,316.66071704,313.86135866
19524,309.9098212080189,0.700068442848703,309.305138,311.30126168,309.64352198
7612,,,,,
7212,,,,,
3544,313.6460119831512,2.2153424582217243,309.38717048,318.70127498,313.76223608
17393,,,,,
8330,312.8658534788983,1.2432301184164183,308.28315002,314.77396999999996,313.01027167999996
14114,313.2409996217347,3.4878501217623263,305.64102056,318.21933416,314.13138224
4610,,,,,
6911,,,,,
837,,,,,
12097,,,,,
14318,,,,,
15932,,,,,
13859,,,,,
17822,,,,,
1666,,,,,
18304,,,,,
9610,,,,,
5688,,,,,
8171,,,,,
11972,,,,,
16584,317.30300607169505,1.1228942149040753,314.44242206,321.13148720000004,317.29191140000006
525,,,,,
12799,,,,,
16578,307.0007863149994,1.2445940063513068,305.38466905999996,309.61617781999996,306.93303212
18917,,,,,
546,309.73695972812504,0.5501705076678818,308.48481319999996,310.4159945,309.94772576
12108,,,,,
17386,,,,,
11403,322.0877745445561,0.8555479362180154,319.72668097999997,323.77019864,322.10733190999997
3541,,,,,
13741,,,,,
8353,,,,,
9044,,,,,
10786,311.67120704300623,1.1229317295660455,309.65377604,313.41018002,312.01562786
17495,,,,,
11544,,,,,
11634,312.2760792361843,0.7640331593510491,309.87936536,313.8681947,312.55909304
14907,,,,,
8832,321.16965179710985,0.3160008071610436,320.54358776000004,321.62026405999995,321.13490522
11213,315.2675561268689,2.2186502190088584,308.42670685999997,318.76279934,315.6932806592
4751,311.15483462907446,0.256533729595957,310.64500183999996,311.27391752,311.185049
12013,,,,,
17012,,,,,
6101,302.7292131624719,0.5049834565748842,302.07260768000003,303.30309488,302.57847463999997
5410,,,,,
13706,319.4261918979684,1.6698005198473294,314.76029791999997,322.80289898,319.4737475
664,312.99967006927295,0.7166774415526883,311.09959849999996,314.64408524,312.96583741999996
3814,,,,,
4759,,,,,
1984,308.18661973832627,1.3600314379839833,306.51603367999996,311.14061474,307.81146326
6637,,,,,
16011,,,,,
534,322.16908860208474,0.8189985171703605,319.2686663,323.13444691999996,322.39582684465756
14874,,,,,
8133,,,,,
8071,313.5627689263914,0.645741449016564,312.31983163999996,315.43706588,313.534595948
7120,311.2730498872624,2.994053521752981,306.32804258,315.69341738,311.7490223
6941,,,,,
5705,311.3104852766064,0.541086124567607,309.43844078,312.23096311999996,311.42886776
11970,316.92642662453153,1.1534516080029869,313.55031884,318.40048922,317.2756379084978
4897,,,,,
14708,,,,,
14495,309.25440395976176,0.362433989323992,308.38569062,309.58883366,309.38375246
11112,316.6301819947331,2.7447284527058677,309.87594734,320.85120956000003,316.86238022
9157,310.9456925053573,1.0877265116306014,309.50338316,313.06154198,310.74754243999996
6171,,,,,
11903,,,,,
15968,321.7001532009925,1.3036472891591013,318.3799811,323.26091366,322.10904092
9315,314.14798969674996,0.76777096223013,312.11133242,316.7051513,314.21341472
3189,,,,,
19449,,,,,
18743,315.1442932611048,1.543312510921281,311.54735912,318.03476108,314.8237754342857
3045,320.1696810190778,1.0055004205552542,317.51864006,322.01675438,320.49824667836737
8515,309.308591566776,0.4057284764015087,308.66938628,310.12546280000004,309.22994156
10402,314.69539318056565,0.8736596701920658,312.49073264000003,317.15632994,314.63952788
17774,,,,,
9062,314.01415574050844,0.1694210456773983,313.73489192,314.14505432,314.14505432
11364,314.8575985041332,1.0683490066559862,312.80177246,316.30866098,314.89018268
10982,,,,,
10346,314.83557316437947,0.8199153885938789,313.00343564,316.59919268,314.7397898
14101,313.53614754918425,2.4547840045586553,309.53072732,316.77009368,313.74514597999996
11239,,,,,
11739,,,,,
15866,312.1148597073728,1.6202507364205776,306.78263924,315.58745876,312.526280048
1336,313.99859100755384,0.8737929517203116,313.10255822,316.33258711999997,313.62209726000003
15415,310.43045992083313,0.9468291522857482,308.450633,312.23438114,310.64158382
5926,,,,,
7058,,,,,
1863,312.7142584121753,0.8362408765377849,311.14403275999996,313.748564,313.0478699
5662,,,,,
5859,314.4274681563449,1.5164223267466725,310.93895155999996,316.73249546,314.33646344
17417,,,,,
18053,308.4259642324102,1.0054563318082055,306.82023746,310.9457876,308.20795358
2087,,,,,
16023,,,,,
1380,,,,,
391,,,,,
18252,,,,,
8229,,,,,
14625,303.09801368,0.0,303.09801368,303.09801368,303.09801368
2981,320.6908774249902,1.2776289107080383,316.54792238,322.8746774,321.1087004
7639,,,,,
18854,,,,,
14057,,,,,
2662,310.30640228514113,1.786814640324346,306.0067487,313.28029526,310.85008303999996
9181,,,,,
8697,,,,,
12128,,,,,
15046,315.9951526967399,1.8891946827769313,313.03419782000003,319.79504138,315.68350010603774
2303,,,,,
7642,,,,,
16686,,,,,
3428,,,,,
1924,,,,,
9544,,,,,
2073,318.95527743774414,1.7278518815129544,315.56353262,323.8146329,318.5495045486107
5440,,,,,
6252,313.7869780139502,0.8696956206400979,312.40870015999997,315.5942948,313.75881805999995
12231,,,,,
404,312.52511345120536,2.7236107912073644,307.44573512,315.79253996,313.8681947
13574,,,,,
9549,,,,,
318,,,,,
5542,311.8749909198245,1.8139145622409287,308.13275713999997,314.41849592,312.25830728
4680,311.6879469660473,1.7617766119266782,308.10199495999996,315.02690348,311.48527289369866
7200,,,,,
15086,,,,,
11367,,,,,
15929,317.91302409217093,1.355045331168148,313.60842518,320.32825249999996,318.25693237999997
7313,308.3558839802967,1.9453962847262467,304.62586862,313.07863208000003,308.77648424
2290,,,,,
16958,312.13798328221526,3.128600874467288,306.04776494,320.27356418,312.38933138
19267,,,,,
3979,,,,,
5090,315.2849604132136,2.441271922940588,311.74560428,320.97084026,315.16947936358747
2744,313.7833839832309,1.5314726012777318,309.34957226,315.83013818,314.31937333999997
11536,,,,,
15496,315.56564681270214,1.1021048292761961,312.43946234,317.64168878,315.5779157479562
7112,,,,,
12702,310.7155173789997,1.085397182045428,309.34615424000003,312.95216533999996,310.45359271999996
17715,313.9797814938856,0.5024505266409203,312.87013286,315.16362428,314.11258312999996
16182,315.48321838789207,0.6140099570343691,313.44436022,316.50690613999996,315.61480292
653,315.9862064996569,1.083805075175842,312.8086085,318.7388732,315.8607898554515
10434,,,,,
13053,,,,,
112,,,,,
14236,312.019836328473,1.1277028344569113,308.17377338,314.32279136,312.40015511
14545,,,,,
11173,315.56925581627905,0.5639902862676345,314.81498624,316.47956197999997,315.63189302
6957,,,,,
16142,,,,,
385,314.08389556494933,0.8578945484597956,312.54200294,315.58745876,314.05960382
19540,,,,,
13214,,,,,
5341,,,,,
15289,312.79042219215717,1.643545512307946,309.54098138,314.69535554000004,313.23244298
1542,,,,,
15323,,,,,
5789,,,,,
12356,309.9633143993546,2.53683793522754,305.45473847,315.73272461,310.0320801744265
17518,,,,,
3509,314.49782549413095,1.4141463419152356,311.22948326,317.44344362,314.45438513
9184,,,,,
3987,310.9032223032634,1.9671439024065325,306.44083724,315.2012225,311.03807414
16247,,,,,
2299,315.52957833681916,1.2614596048369073,310.6210757,317.03328122,315.66552912702036
19457,,,,,
5874,,,,,
3729,,,,,
4671,313.5494423873465,0.5357764343252822,312.29248748,314.41165988,313.69045766
7803,,,,,
16656,313.16753762597125,0.9094271752321194,311.71142408000003,315.50542628,313.01141101999997
1753,,,,,
13614,324.30203431322894,2.1721438173373713,321.28188008,331.76836544,323.7792261583187
443,,,,,
13532,,,,,
1208,,,,,
16795,,,,,
19462,,,,,
7908,318.5380357664645,1.5594656362365502,313.5263927,320.22571189999996,319.00889678
3270,311.21068415,0.056397330057937504,311.15428682000004,311.26708148,311.21068415
3694,316.45158075362434,1.4188083093667723,313.05470593999996,319.61388632,316.59235664
11667,,,,,
2581,,,,,
5241,,,,,
4481,,,,,
8466,313.3997485626072,1.173990763461302,310.01950418,316.58893862,313.4666685500695
8739,311.52615693752426,0.4407908636611138,310.36130618,312.22070906,311.63736698
11294,,,,,
2283,312.42062707232725,2.3659908567996673,307.48333334,315.78570392,312.93849326
11937,315.32491588777424,0.8230507585063224,313.19142674,316.61970080000003,315.40288568
6483,,,,,
6799,311.7831732686211,1.7047949604841002,308.99409818000004,314.24759492,311.96093954
11255,311.24120467575636,1.2197316829529632,310.02634022,315.65240114,310.9824161008427
2686,312.07561014052976,1.503246551814276,308.8437053,314.28861115999996,312.76075622
6891,309.74202821528115,2.2242516625871485,304.59510644,312.89747702,310.08102854000003
7028,321.9971168313378,1.5169816235859965,317.56649233999997,324.32391787999995,322.23208964
2522,313.1965272944752,2.6335303160416608,309.53756336000004,317.9356385,312.94874732
8150,316.63445498281214,2.0431653735056976,312.06689816,319.48741958,316.98201092
12758,313.64316829403606,2.1508155263981856,308.38569062,317.12898578,313.6118432
13623,314.616112220294,1.5986145884075806,311.63964566,317.08796954,314.73637178
1937,312.64064603097523,0.7422606414651455,311.07909038,313.99124342,312.66505166
13367,316.18472033823656,1.3587677391987492,313.26320516,319.61388632,315.78912194000003
12103,,,,,
2489,,,,,
12888,310.15323814536816,1.5054178612866844,306.23575603999996,312.04639004,310.54589846235956
236,317.4284610767852,1.219283696066547,315.2524928,319.4566574,317.43432889999997
15321,,,,,
16159,317.7994191946268,1.775390595256335,315.44731994,321.46987118,317.28279668
11442,314.21781388387063,1.3254738621185347,311.81396468,318.82432370000004,314.3808977
11017,316.19523006519483,1.768281699955689,313.41018002,319.8497297,316.66413506000004
8276,,,,,
8596,319.75437886818105,1.4753929942318502,317.38533728,323.8829933,319.73921371999995
8078,322.1955203841003,0.2790942728255966,321.5587397,322.76530076,322.17740132
1036,321.7670834486748,0.9343690001665891,319.73351702,324.0197141,321.61003910329237
14809,,,,,
11603,,,,,
440,308.96923515361067,0.17392763058387656,308.54975558,309.10347482,309.00093422
18570,,,,,
17533,309.528940814089,0.6859582725007654,307.76019296,310.78855868,309.5614895
3892,311.87189836436966,1.076819461516685,310.4159945,313.87161272000003,311.81396468
18696,,,,,
15358,311.86542402525015,0.9920433906078548,309.02827837999996,314.39456978,311.87890705999996
13609,315.6747080438329,2.7061087241637534,309.17183522,319.44982136,316.51032416
7202,310.54096946189094,0.80398520348082,309.36666235999996,312.19678292000003,310.51169905999996
5106,313.3861687335943,0.2540892708911338,313.0478699,313.71780182,313.43410616
4720,312.6278835030356,1.3677732244045455,310.51169905999996,314.92436288,312.64112552
4435,,,,,
16624,,,,,
13282,,,,,
2943,,,,,
5354,,,,,
1144,310.5886566935114,0.8305911676161359,309.18892532,311.80371062,311.15770484
1977,,,,,
5600,315.104982754517,1.3700579903412304,312.69581384,318.0039989,315.17387834
12805,,,,,
580,311.67323247784776,0.5665410237841841,310.7236163,312.67530572,311.69775200000004
5048,,,,,
11361,,,,,
4464,317.53029065218374,0.8425969170267066,314.93461693999996,318.40048922,317.75106542000003
19167,,,,,
8391,,,,,
19520,314.3220536524678,1.6418971169376622,310.36472419999996,316.84870814,314.7226997
4234,313.14059172020865,0.9512696655984765,311.07225434,315.49859024,313.243551545
11085,,,,,
14629,324.0866288831254,0.7144192756426335,321.51088742,325.47579062,324.07782044
5851,313.13752020117016,1.3975236918031713,311.55761318,315.9531869,312.84620672
12900,,,,,
14497,,,,,
7565,,,,,
7728,315.6281355661431,1.8463477599429896,312.12158648,319.4053871,315.970277
4236,313.4715053146177,3.695370476806832,307.89691375999996,319.33019065999997,313.99124342
7586,312.8962050473155,2.0786204328440623,306.28702634,315.37554151999996,313.35207368
3344,,,,,
16967,317.43855922014905,1.8191689246658023,315.48150014,321.95864803999996,317.12898578
2372,310.1425749586505,1.2403972102595617,306.60832022,312.34033976,310.24053613999996
15180,321.86406756164354,0.9395011351335385,320.071901,324.14959885999997,321.72793169
17897,,,,,
19565,,,,,
16177,,,,,
2163,,,,,
13618,,,,,
3171,,,,,
2017,319.4530425027314,2.100012548023554,314.99272328,322.50894926,319.79162336
7776,309.9298939287759,0.5353482301876927,309.03511442,311.6464817,310.07761052
7772,308.14627316494546,0.3966313823487289,307.8012092,308.97359006,307.96527416000004
19187,,,,,
7242,313.78053502631496,0.6183856194939821,312.17285677999996,314.86625654,313.7143838
127,315.2843553056822,1.6681454536130638,310.2450935,317.48104184,314.81840425999997
7938,,,,,
8269,312.06521863263373,0.5944376340038289,310.99022186,312.95216533999996,312.22070906
8954,314.1481048152492,0.614345346142671,312.86329681999996,315.16020626,314.2954472
17913,,,,,
677,,,,,
6757,,,,,
7455,,,,,
4935,313.4215165206951,1.7253499309872322,309.75289862,315.51226232,313.9217376913535
1790,314.3883507088039,1.5788405605306155,310.97313176,317.73397532,314.670574895
7783,,,,,
9696,312.4983220617266,1.1689981634593627,310.54929728,314.88334664,312.14004202613404
15225,312.5281933767931,1.6044517523867556,309.305138,314.67142939999997,312.69581384
7993,,,,,
15564,313.7965099243836,0.0751964400449969,313.73489192,313.8852848,313.73489192
16054,,,,,
18899,,,,,
16667,,,,,
4879,,,,,
17464,,,,,
7350,,,,,
8464,,,,,
16822,311.77306537226326,1.0039682096525182,309.7323905,314.02542361999997,311.57470328
9357,,,,,
3838,,,,,
9579,,,,,
17766,,,,,
12281,321.65786228,0.0,321.65786228,321.65786228,321.65786228
6682,,,,,
3411,313.10708289302784,1.1529460906800282,310.61082164,314.96879714,313.10597624
12831,,,,,
6944,,,,,
18409,320.54427619134975,1.268992294388571,314.97905119999996,322.11929498,320.6700545
18428,,,,,
16009,322.168872733627,0.9120116155663566,317.62118066,323.55144536,322.2700668528912
3751,,,,,
17591,,,,,
16944,309.577263191774,0.7718730335831531,307.94818406,311.41405634,309.43502276000004
2807,,,,,
4051,,,,,
13491,311.7810807611686,0.6254118484667431,310.79197669999996,313.0307798,311.88232508
1724,,,,,
8136,317.20175926968295,2.3892332242764756,311.57128525999997,321.4220189,317.09480557999996
18982,317.61891595243367,1.2393811435532653,315.47808211999995,319.60705027999995,317.697288572
8354,,,,,
6031,,,,,
19234,,,,,
14906,,,,,
15925,314.71908514738936,1.0047190091340399,312.2446352,316.73249546,314.7662640049791
5357,316.198989995688,1.5465550451791878,313.40334398,320.0548109,315.94976888
6626,,,,,
14368,,,,,
16366,310.2867857484,0.6985596719376516,309.66744812,311.54052307999996,310.06393844
1912,310.94498336,0.09228653991888076,310.9286975,311.11327058,310.9286975
10862,308.39954331083004,1.0705405206166234,305.59316828,311.48241673999996,308.4177516476
9744,314.7305537034682,1.1835594961129632,311.74218626,317.4229355,314.70900091671876
8536,314.6949315601557,0.9426711939547255,312.71290394,316.66071704,314.69877356
15816,320.9720436457397,0.5534812395203755,320.2769822,322.69694036,320.86146362
19365,,,,,
4883,318.5225863461283,2.305533917378086,314.59281494,324.66571988,317.70150413
16473,,,,,
13657,,,,,
6343,,,,,
8949,314.9589633851966,0.8320657556755562,312.66505166,316.52057822,315.1037735013623
4433,310.71917098096986,0.47672884119975273,310.03659428000003,312.03613598,310.6552559
15601,,,,,
12964,312.55665791161346,1.6683312130657786,309.10689284,314.93803496,312.9913882690583
9339,,,,,
7768,,,,,
4142,,,,,
8161,,,,,
11035,,,,,
5420,316.3615505278144,0.7081997942954968,313.89553886,317.52205807999997,316.41154043543105
12528,,,,,
2050,,,,,
18299,311.43541896499994,0.3797762852893424,310.75437848,311.92675934,311.42431039999997
5525,,,,,
4903,,,,,
15616,,,,,
1703,311.4359906395625,0.5198996168948113,310.42624856,312.42920828,311.46304796000004
8159,,,,,
8842,,,,,
7002,,,,,
10423,,,,,
2665,,,,,
3436,319.028175083783,3.004149807917591,312.36768392,324.29657371999997,319.53868988
3911,316.49727989918284,0.9609459868999214,314.10745610000004,317.81258978,316.74445853
13772,,,,,
19290,318.48456236950756,3.998416911775974,311.33544187999996,325.47237259999997,318.91319222
14261,,,,,
9063,316.16744607316093,1.5600153943460713,311.06541830000003,318.25351436,316.23175553
15570,311.7352277184752,1.405464523130334,309.68795624,315.5772047,311.33202386
13856,,,,,
7086,,,,,
6869,,,,,
17376,320.174763891239,1.6722729196950854,316.7735117,323.20964336,320.63929232
8404,312.5485287939661,1.4500438374452391,308.51215736,314.28519314,312.9795095
14370,,,,,
5702,310.546488163569,0.8684504748665146,308.05756069999995,311.63622764,310.84837402999995
3611,,,,,
5611,321.51599747520027,1.169250601233257,317.70663116000003,323.4044705,321.70343702162324
12607,315.2448424321386,1.3438805266031368,312.30615955999997,317.05037131999995,315.49346321
19423,,,,,
18676,,,,,
701,,,,,
11541,,,,,
5337,,,,,
8958,,,,,
5533,,,,,
19579,,,,,
12753,,,,,
2859,,,,,
18879,,,,,
1342,,,,,
12007,,,,,
19554,,,,,
16194,315.4743320430046,0.5575614205365265,313.9707353,316.65388099999996,315.53618846
14039,316.98433133223983,0.8204691400757468,314.8252403,319.32677264,316.8247420231579
12867,313.81255825765345,0.8014196563949841,311.84814488,315.115772,313.96731728
2145,,,,,
17319,,,,,
17045,315.9241855984915,1.1796064617334272,313.49904854,318.06552325999996,315.89508056
18230,,,,,
3627,309.251467813617,0.16235594998592545,309.15474512000003,309.47945702,309.15474512000003
2632,310.8637614109653,1.7958629694933468,306.22208395999996,314.12796421999997,310.85862808999997
10037,314.86097984204866,0.968953707988404,312.64454354,316.3975295,314.84745742999996
12187,309.1794070251821,2.6573959086308814,303.45690578,312.37793797999996,310.28844512923075
10956,312.26603741254115,2.759759624807594,306.38614892,315.6455651,312.60010927999997
6280,311.7448354285417,1.364676773344367,309.19917938000003,313.75198202,311.8515629
5244,,,,,
14009,314.18917039651274,1.0729774451955856,311.9541035,318.52011991999996,314.01410934083333
19017,315.5536876258611,0.9302778860393961,313.70754776,318.24667832,315.50884429999996
5243,320.0807742377092,0.9719922903303249,316.50348812,321.78432902,320.21090047999996
4911,316.6250776490444,2.1749894716715192,312.04297202,320.8238654,316.61115575
6811,311.12636764633254,0.9156462335058481,310.05368438,313.87161272000003,310.86717314
11900,316.1495793014954,0.7629034318755308,314.67484742,317.71004918,316.20270236
3024,316.1227212476367,1.4210584905242818,311.48241673999996,319.04307698,316.00559654
5669,,,,,
2567,,,,,
16613,315.7582646964521,1.3213327880239898,311.80029260000003,317.71004918,315.94407218
5922,318.30735243387477,1.4124878561602605,315.81646609999996,322.35855638,318.0721164898361
13548,,,,,
15406,316.82727842797163,1.562633322851179,313.69387568,319.14561758,317.04239594
13318,323.92003857200234,1.8289427238479434,317.82967987999996,327.55052876,324.32538311038087
7434,,,,,
2419,,,,,
11002,,,,,
10813,,,,,
8191,319.76166646691826,2.1146507916055506,313.10939426,323.1310289,319.89074594
46,314.722028032867,2.7799532951177905,309.04195046,319.37462492,315.11235397999997
18517,313.2192034937269,0.6908483143634906,311.44481852,314.41849592,313.42556111
2960,313.1700526632287,1.4705892909220546,309.88278338,315.55327855999997,313.7416745534375
4967,,,,,
13825,,,,,
6137,,,,,
13665,,,,,
13769,,,,,
9082,322.9943310511947,0.6802443468570485,321.54848563999997,324.35126204,322.97038196
560,,,,,
10893,,,,,
16954,316.9343757130173,2.2623367609121927,313.42727012,322.79264492,316.84529011999996
9436,,,,,
18698,,,,,
11325,,,,,
1345,,,,,
6015,,,,,
18512,,,,,
1640,,,,,
6715,312.7859527515918,1.4975360494392431,310.00241408,315.97711304,313.2529511
8300,,,,,
10311,,,,,
12817,306.381261042198,0.8182147027350921,304.82069576000004,307.27825214,306.36905881999996
11326,,,,,
4440,,,,,
7032,309.8646516940236,0.30991210574631955,309.39058850000004,310.36814222,309.92379961999995
17377,,,,,
6290,,,,,
8707,320.00116503819453,1.0242251212642597,317.72713927999996,322.69010432,319.71186956
8403,,,,,
1196,,,,,
3453,315.40507933462686,0.04101624037786194,315.35161538,315.43364786,315.43364786
2811,,,,,
3048,,,,,
4034,,,,,
12304,311.6883961276412,2.101593041771762,308.11908506,314.93803496,312.33350371999995
8100,315.41900640749566,1.5907331470904285,312.13184054,317.87753216,315.30376309999997
11857,,,,,
9298,320.91044544604233,1.4243186763103444,317.51180402,323.54119130000004,321.14174126
10555,,,,,
2475,,,,,
15598,,,,,
14836,313.1307987122303,1.8975056575277094,308.37885458,316.0557275,313.65627745999996
11503,,,,,
10415,,,,,
15806,310.8163173297367,2.5330383179452474,307.53802166,315.970277,310.16135201
17057,313.93694587646786,1.0172213470643552,311.03807414,315.91217066,314.017716589373
7544,321.49586354810714,1.2927702567083317,319.58654216,324.74091632,321.38185716500004
3628,,,,,
7073,316.3872588999888,1.0930764045055301,313.0136897,317.71688522,316.66071704
12228,,,,,
2078,311.7598582482663,1.5348037109965702,307.82513534,314.19632462,311.97973865
1300,,,,,
7617,,,,,
1434,313.16831718022786,1.0579629334217002,309.8349311,315.20464052,313.29054931999997
8679,316.3140294993826,1.3182453583660807,314.24075888,320.0889911,316.07747853636357
10459,319.36062029495935,1.7330644892294154,315.27983696,322.16372924,319.75060712
7939,310.8212663261462,0.8884243890416184,309.22994156,313.05470593999996,310.58005946000003
2276,,,,,
12132,,,,,
9089,320.6007342999123,2.1582743110944302,317.24519846,323.84539508,320.82728341999996
3749,,,,,
1455,312.26310352904045,0.6588931541494425,311.36620406,315.65240114,312.20931565999996
2393,318.4270487012717,1.0625106509870017,314.6543393,320.03088476,318.37314505999996
6513,,,,,
256,,,,,
12352,309.52376763779745,0.13591561632484897,309.34615424000003,309.73580852,309.53414534
12819,313.50781767870495,1.4770117084600076,309.6640301,316.1069978,313.48537646
2759,,,,,
11414,,,,,
4576,315.9384387806179,1.9499829511647102,309.91012753999996,318.38681714,316.21979246
14350,,,,,
8716,312.85918529797004,1.0483989540272594,309.36324434,314.6543393,313.03843066210527
5826,311.31469302648856,0.5170866620799076,309.6127598,312.08057024,311.40038426
19302,314.9717905744943,0.8692082997266174,312.78468236000003,316.54108634,315.09526388
16924,315.4968495578889,1.028237236421322,312.74366612,316.93074062,315.82648701320466
18129,,,,,
14824,,,,,
6969,,,,,
15877,318.68737866951653,3.0476970061832187,312.25830728,325.23994724,318.77647142
3375,314.7130117505788,3.2606306808235375,308.52582944,321.6271001,314.40509082935716
2105,314.42238977007764,1.1235761489025289,312.48047857999995,316.41461960000004,314.58768791
4076,,,,,
4517,,,,,
14164,316.70081928870604,2.1896252446865785,313.919465,322.71403046,316.32233306
10651,,,,,
18395,,,,,
19447,,,,,
15230,317.7275964313735,1.5781021498149659,312.43604432,319.41222314000004,317.96298265999997
7224,,,,,
9648,,,,,
11068,,,,,
7377,314.2742503991518,1.9369637455894324,310.3476341,318.18515396,313.9765790116129
1620,,,,,
16692,309.5002164682083,0.80601311752719,308.34125636,311.42089238,309.29830196
3876,,,,,
17625,312.69240757495396,0.8194359892963117,311.24657335999996,314.33304541999996,312.66505166
5640,312.22942317723,1.1793413453267347,310.17331508,314.80131416,311.96093954
18039,,,,,
10957,322.35561107738624,1.5269450951699448,319.08751124,324.89814523999996,322.4474249
13448,322.89131784780244,1.0309369338793692,319.4395673,326.59348316,322.92480836
17668,,,,,
14979,,,,,
8222,310.49769168327447,1.154555997882382,308.20795358,312.18652886,310.52195312000003
16898,308.61635988983477,0.4236793148825589,307.86273356000004,309.26753978,308.83345124
12256,,,,,
8942,,,,,
2820,310.5090599831419,0.7937048659793107,309.58883366,311.8173827,310.43308460000003
812,,,,,
19102,,,,,
10039,,,,,
14033,319.4169367621554,2.031765362519101,313.4922125,322.69010432,319.7687133881081
19644,,,,,
18652,,,,,
9973,317.03470033106873,1.1396299645390005,315.9019166,321.80825516,316.767359264
10461,315.9533818232289,0.966221375451638,312.9453293,316.35993127999996,316.0044572
4727,318.0468893222939,1.142339571660759,316.32575108000003,321.18959354000003,317.70191473629876
4258,,,,,
10067,,,,,
3774,,,,,
7092,,,,,
16050,311.4680507762406,0.11094793165359244,311.3730401,311.7148421,311.42431039999997
14571,,,,,
6177,322.0736590089314,2.033637104627792,314.99272328,324.78193256,322.44058886
1443,,,,,
7176,,,,,
7396,,,,,
7437,301.2345980165237,0.858246120229603,299.03740591999997,302.1102059,301.47445418
8225,,,,,
10761,,,,,
15005,,,,,
16201,,,,,
3742,309.5458257245096,2.4783199504116364,305.17958785999997,313.8852848,309.84746384
5928,,,,,
6469,,,,,
17528,,,,,
17980,304.91638413275314,1.3832006369906953,302.65025306,308.86079540000003,304.51709873939984
18167,,,,,
18469,301.47445418,0.0,301.47445418,301.47445418,301.47445418
18967,308.1005332968779,0.6453747029265589,306.50919764,308.91890174,308.33783833999996
19022,306.2834459183745,1.4937415686485374,304.37122612999997,308.92573777999996,306.007603205
7846,,,,,
8212,309.07555930757235,0.797792322888232,307.28850620000003,310.21433132,309.31197404
14430,,,,,
15119,,,,,
3027,302.3528137800465,0.4370687037570049,301.89487064,302.91685861999997,301.96323104
4074,,,,,
5439,,,,,
9170,,,,,
10147,,,,,
10158,303.78429107326184,1.3666967586382983,302.32895917999997,307.31585036,303.26378765
13144,303.3652568030432,2.715592688593863,300.15851648,309.817841,302.6570891
13007,,,,,
14367,,,,,
19610,303.31774231770487,1.790239572038526,299.66290358000003,307.86273356000004,303.152702
15788,,,,,
18315,,,,,
5418,,,,,
17482,,,,,
6991,305.9407353744123,1.901415684680604,302.9647109,311.21581118,305.4902229144737
10278,314.53414472458394,2.8142308585943603,310.3989044,318.87901202,314.59623295999995
11576,,,,,
2533,309.7533946754437,2.7132496144297775,305.02235894,313.45119625999996,310.63132975999997
1750,,,,,
19060,,,,,
2643,,,,,
6284,315.63027305596125,1.0160926574526092,313.9707353,318.86533994,315.5470794483357
2860,307.6261212756766,0.9020225924744121,306.25968218,308.88472154,307.61663612
11803,,,,,
426,,,,,
17682,,,,,
4254,,,,,
19509,,,,,
16364,312.6339855824989,1.1600048671448997,310.25876558,315.19780448,312.7987512366191
8837,,,,,
18937,,,,,
18248,,,,,
11385,,,,,
4864,,,,,
6722,,,,,
6117,,,,,
10407,310.8692698236058,2.021842391709108,307.14836737999997,314.00833352,310.92527948
14599,,,,,
15473,,,,,
12045,,,,,
8917,307.45354399756263,1.6610739044836806,303.36803726,310.18356914000003,307.09026104
12058,312.7585286591682,1.7546000780474755,309.57516158,317.55623828,312.6547976
2075,,,,,
18645,,,,,
14616,,,,,
3585,,,,,
1664,,,,,
4714,,,,,
13921,,,,,
17474,306.98146074171615,2.7110447926730954,301.88290757,309.86227526,307.92425792
18700,,,,,
16787,,,,,
15883,,,,,
15254,314.5298969032969,2.174270494975419,309.62301386,317.51864006,315.00639536
14317,,,,,
11628,,,,,
14019,,,,,
18401,,,,,
18187,,,,,
2399,,,,,
11543,316.3252639600913,0.912055135278226,313.8169244,317.64168878,316.369330835
4242,,,,,
4733,305.80981816307695,0.15600405562627678,305.57607817999997,306.03067483999996,305.87344592
16041,,,,,
1552,,,,,
3825,,,,,
15835,313.8613058684705,1.1849580940274322,310.62791174,315.69341738,313.96389926
3732,,,,,
3730,312.2129083158104,1.349180716265848,308.40961676,315.17046031999996,312.54883898
9995,,,,,
2675,,,,,
3996,,,,,
9242,313.7591732706125,1.2119444610645982,308.14984724,315.52935242,313.9917919085323
4677,,,,,
16855,,,,,
19300,,,,,
12061,,,,,
17874,,,,,
274,,,,,
14278,,,,,
6795,,,,,
18912,,,,,
267,,,,,
6332,,,,,
10745,,,,,
4046,,,,,
3844,316.8569575031195,1.5991312479161408,314.04251372,321.39467474,316.57588571004413
4580,316.82780298348564,0.7748537219275485,315.76177778,318.46884962,316.61799179
7320,,,,,
5121,308.6999072615329,1.648043031829264,302.74937564000004,311.72509615999996,308.7865528260465
10016,,,,,
1729,311.1324499810961,1.6599834806866534,308.29340407999996,313.92288302,310.66550996
10672,,,,,
6425,313.7838543663906,1.3971139075208643,310.42624856,315.8506463,314.1065000104896
13244,311.8753641037821,1.5684112087488986,308.57368171999997,315.3208532,312.11816846
602,,,,,
780,305.11319106255513,1.8168332384807273,302.66734316,309.75289862,304.61219654
5030,312.861307542827,0.7975612911309239,311.47899872,314.17239847999997,312.67530572
5683,,,,,
17455,,,,,
8485,315.4504160923659,0.6035760964296653,314.40824186,316.86579824,315.29692706000003
11788,,,,,
11421,313.25824236609077,0.9148110346685842,311.2875896,314.66801138,313.32472952
19498,315.6325856094904,2.6674553765428515,307.12102322,319.73693504,315.91217066
128,312.2212144574912,2.1017606440032814,307.19963768,315.628475,312.16089371
19277,,,,,
16724,,,,,
11737,,,,,
9587,,,,,
10484,,,,,
2683,,,,,
7345,,,,,
18686,,,,,
804,,,,,
13607,,,,,
3457,,,,,
7957,,,,,
12247,,,,,
2608,307.3519857792221,2.512630873623192,300.11579122999996,314.27493907999997,307.83140170999997
3051,,,,,
8660,,,,,
6231,,,,,
18653,,,,,
6650,,,,,
2244,312.97993554434345,0.7243908523000429,311.56444922000003,313.94680916,313.06154198
9698,,,,,
15346,,,,,
3377,,,,,
19014,,,,,
13251,310.10170719800743,1.7812888850138542,307.14836737999997,313.97415332,309.71188238
2930,318.45781280732814,1.50273947801938,314.11771016,320.82728341999996,318.61069745
5748,,,,,
13428,315.7103565749833,1.728389227158682,311.6806619,318.875594,316.14117799999997
6044,,,,,
8287,313.73114864886213,0.7692460751878467,311.43114644,315.39604964,313.83515384
11444,309.16742829363494,0.6432751263694139,308.35492844,310.60056757999996,308.96675402
13313,319.682357700226,1.6767813718095412,313.87844875999997,321.90054169999996,320.10570716754364
1150,,,,,
6912,,,,,
19620,320.02088697942133,1.948019967261327,316.79743784,324.91865336,319.8839099
11909,,,,,
18567,312.8945855549537,2.5003784221633856,307.6303082,318.32529278,312.44832984471697
15325,310.576123451402,0.6455139412973951,309.5443994,311.80371062,310.54929728
14098,,,,,
9538,,,,,
2950,,,,,
12115,,,,,
9933,,,,,
2863,,,,,
415,,,,,
10393,,,,,
13332,,,,,
13084,,,,,
11525,311.73466445662035,1.5581939468965573,309.27779383999996,315.63189302,311.3914486991155
16152,315.21489457999996,0.0,315.21489457999996,315.21489457999996,315.21489457999996
13877,320.16556546734796,3.0105929759367003,314.52445453999997,324.42645848,320.70423470000003
13464,311.64336414618907,1.3528364114816767,308.30024012,313.65285944,311.85839894000003
6618,,,,,
9416,321.9377758774954,1.2471711347555674,320.14367942,325.21260308,321.763479098
1818,316.55370951896964,1.7505816160251706,312.66163364,320.26672814,316.69779858255816
12714,314.27651931898777,0.7075007477054509,312.38819204000004,315.28325498000004,314.26468502
18987,,,,,
1075,318.0139790952612,1.144809133206486,314.76029791999997,320.61194816,318.17831792
13263,,,,,
7935,313.3918648078992,1.0923580295316617,310.88768126,315.40630369999997,313.55031884
10116,,,,,
18462,,,,,
12684,,,,,
6703,,,,,
13973,,,,,
1934,,,,,
2481,,,,,
16224,,,,,
7003,311.4550452452363,0.9342682414211133,309.49654712,313.0820501,311.39354821999996
14753,314.05006690610935,1.2860800664031928,312.00537380000003,317.69295908000004,314.2783571
13913,,,,,
4809,,,,,
1968,,,,,
18891,317.1520182753285,0.9699257228968505,314.19974263999995,319.20714194,317.13639149
6728,319.9357472723419,1.2164148755849877,318.01083494,323.37370832,319.7813693
2086,313.9160365292962,1.157609385250263,311.63964566,315.92242472,313.6990948123353
11025,309.41451464,0.0,309.41451464,309.41451464,309.41451464
11987,,,,,
14923,,,,,
8206,,,,,
15777,,,,,
16048,304.4576521871705,0.5374494389844215,303.5970446,305.0155229,304.67372090000003
19286,,,,,
17661,302.86574865986836,0.965346107909291,302.16147620000004,305.89053602,302.68785128
4407,,,,,
1274,,,,,
14450,,,,,
4112,,,,,
465,,,,,
240,,,,,
9253,312.4796108982523,0.9632813116534924,309.74606258,313.84768657999996,312.69068681
13057,,,,,
16753,,,,,
18503,,,,,
12161,,,,,
18443,316.05608010514857,1.0910966013023404,313.1333204,317.6963771,316.25739067999996
14795,310.7773788554953,2.584564687988088,304.71815516000004,314.94828902,310.13913488000003
11811,,,,,
5574,,,,,
7194,312.96553330870654,1.3872680873419778,309.6640301,315.40288568,312.85532143999995
3151,,,,,
18649,,,,,
744,,,,,
11092,,,,,
16431,316.04691375660224,2.529786280149559,307.76019296,320.92982401999996,315.9126170952653
16495,,,,,
18569,,,,,
13136,,,,,
15589,,,,,
17152,,,,,
16683,,,,,
9917,,,,,
1288,,,,,
2228,,,,,
3103,,,,,
17083,316.6971998599118,0.624129249239599,314.72953573999996,318.23984228,316.66755308
5626,,,,,
14216,319.86024994095357,2.2754902154487944,315.45073795999997,323.78387072,320.38294082
9769,,,,,
11388,,,,,
17730,,,,,
17442,,,,,
1463,,,,,
9590,,,,,
912,314.04296751887983,2.126555044772396,308.00970842000004,317.3203949,314.27152106
2301,315.5438019771693,1.7867546034247888,311.1337787,319.16954372,315.10551794
11835,,,,,
8766,,,,,
9812,,,,,
12265,312.2861256559116,1.6654089682317579,307.56878384000004,314.27152106,312.8268622783711
12586,,,,,
16123,,,,,
2724,310.0910281211609,1.3069427526080635,308.07806882,313.75540004,309.9101275400001
2004,,,,,
1654,,,,,
11433,,,,,
4029,,,,,
1128,,,,,
14348,,,,,
5666,,,,,
17098,,,,,
15140,313.6836009183086,4.453205218278523,307.18254758,321.5245595,312.88380494
2982,308.4600857367834,0.9431838062599044,306.57414001999996,310.05368438,308.59077182
9057,,,,,
3059,,,,,
17451,309.3364098251293,0.6081895659383673,308.43696092,310.81590284000004,309.34273622
1295,309.381366774197,1.9026013491025284,306.53995982000004,313.09914019999997,309.59566970000003
16373,,,,,
17633,,,,,
16166,,,,,
13767,,,,,
10921,,,,,
18207,,,,,
11871,312.4527663107734,1.1268387822304227,310.77830462,314.37064364,312.43604432
3223,,,,,
1857,320.7182503339541,1.970946075493845,315.38579558000004,323.89666538,321.2850742498237
6934,,,,,
6400,,,,,
2298,,,,,
10503,,,,,
7103,,,,,
12942,,,,,
16668,,,,,
1385,,,,,
1856,,,,,
2762,,,,,
18961,,,,,
11155,,,,,
8456,,,,,
17078,,,,,
15223,,,,,
17173,311.9947436258299,1.5313609274741922,309.09322076,315.27983696,312.16602074
14469,309.94430774,0.0,309.94430774,309.94430774,309.94430774
8528,,,,,
4214,,,,,
18563,309.93507197865426,0.7182460153406286,307.5790379,311.91308726,309.96024806102093
14027,,,,,
19225,,,,,
1698,,,,,
18127,,,,,
5035,314.38431572,0.0,314.38431572,314.38431572,314.38431572
4531,,,,,
6179,317.21940008724584,2.0537677712145572,312.35742986,321.79800109999996,317.3338820820526
11132,306.8745255303256,4.3298242473739155,302.04868153999996,315.46782806,305.0667932
12738,,,,,
877,312.2920215599553,0.5277990651892146,311.14403275999996,312.66846968,312.58301918
3232,,,,,
17425,,,,,
6585,313.63802911130136,0.8910058139522664,311.62255556,315.21147656,313.72463786000003
17306,,,,,
17339,317.9000078340902,2.345338716841745,312.28906946,321.36049454,318.4141613
17153,310.2102105527546,1.2063001223894076,307.22356382,312.57960116000004,310.4189624215962
17336,,,,,
16606,,,,,
15975,312.13979300942526,1.6305923349695264,307.24407194,316.35309524,312.58871588000005
1693,,,,,
4336,,,,,
2131,315.2783943646925,0.8559678306572316,313.50930259999996,317.09480557999996,315.21375523999995
9803,,,,,
15880,,,,,
15252,,,,,
4956,,,,,
10290,322.1448923464915,0.9863564812115155,320.18127763999996,325.22969318,321.92218916
18217,314.0279946391848,1.4501517192362212,309.51705524,315.75152372,314.510570561186
2006,319.6290330480189,1.3784906365599736,316.3804394,322.49185916,319.5117268232753
15749,305.11122746,0.0,305.11122746,305.11122746,305.11122746
3392,318.57445129637557,1.251543453287373,315.81646609999996,320.61536618,318.64658666
12288,315.4655126993299,2.6799514451761617,310.66892798000003,321.17250344,315.23882072
9866,,,,,
10004,304.83813944827585,0.04443425987603696,304.75233535999996,304.84120387999997,304.84120387999997
7601,315.8069464711954,0.9803206578735192,312.56251106,317.31355886,316.04205542
2505,311.5371163405939,1.1303968191292562,307.44231709999997,312.77101028,311.81396468
29,311.1668689878623,1.0529239752335975,308.32758428,312.56251106,311.41405634
12944,310.2661174684171,0.38839077471478056,309.7665707,310.8774272,310.2963638
1944,,,,,
2237,,,,,
19412,,,,,
9314,313.03306634254824,0.8529106930998072,310.1938232,315.81304808,313.05470593999996
7572,321.30525335058803,1.3748311426450093,318.07577732,324.27606560000004,321.45961711999996
792,,,,,
2718,,,,,
10246,,,,,
14831,315.4181357184864,0.8745098838934885,312.69581384,317.00593706,315.48244959
16325,310.19040517999997,0.0,310.19040517999997,310.19040517999997,310.19040517999997
19424,317.8432070281766,1.4145542518200995,313.09230416,320.07873703999996,318.03476108
644,,,,,
4490,,,,,
5320,,,,,
3157,311.807875414254,3.1387026969545375,304.30799276,317.73397532,311.72167814
16740,,,,,
4669,,,,,
9412,,,,,
8173,310.24835387385275,2.4626116012044625,306.64250042000003,315.22173062,310.43992063999997
3079,313.66960536090704,0.911737469335876,310.501445,315.07817378,313.88699381
13917,309.8452429760864,0.34214514884457514,309.2367776,310.6381658,309.80416892
10552,313.64097759904286,1.3064261677871578,309.63668594,314.97905119999996,313.81350638000004
18348,,,,,
6262,,,,,
14145,,,,,
19309,,,,,
16985,,,,,
3593,,,,,
14751,,,,,
18411,308.73281144270544,2.1071193882924186,305.49746372,309.89645545999997,309.69991931000004
9983,,,,,
7837,315.99763525807043,1.0268243230063698,313.72121984,318.12362959999996,316.17210424496
9923,315.3379807832073,0.7350831429823153,312.94191128,316.52057822,315.44559074484255
15065,,,,,
19041,,,,,
2498,,,,,
14456,,,,,
936,,,,,
16931,316.2190882405254,1.0713171497769354,313.48879448,317.91171236,316.44367277
7173,311.6831465590872,0.6506121447956672,310.16647904,312.72657602,311.7832025
13551,320.3091179456286,1.3463796053649597,316.06939958,322.29703201999996,320.41883003
11164,,,,,
12745,312.37196480789913,0.7469679163277337,310.67576402,313.41701606000004,312.36426589999996
16715,,,,,
14720,,,,,
2739,316.85951161277103,3.0762316100690477,308.93940985999996,322.02359042,317.42635352
17312,,,,,
17638,,,,,
6920,313.8738112561762,1.458371015586254,310.44675668,317.53231214,313.766337704
7979,,,,,
8867,,,,,
11986,,,,,
2900,,,,,
4240,307.73216698419344,1.72002130598683,304.60365149,312.23950817,307.518368045
5481,,,,,
5908,312.1002764320699,0.8814369180800408,310.8261569,313.86477668,311.7832025
6675,300.97120462270266,0.04785227987909723,300.9651692,301.06087376,300.9651692
10293,,,,,
307,309.1319608782615,1.5332943897575202,305.82217562,313.79641628,308.97359006
8637,,,,,
7566,309.6342453067056,1.151578340208777,305.7845774,311.44823654,309.7677070691004
12023,307.83408212950235,2.1375944686293,304.00378897999997,312.03271796,307.5898435712968
13538,,,,,
13952,,,,,
1482,,,,,
19608,,,,,
8769,,,,,
4400,,,,,
11182,,,,,
13388,308.86138930446214,3.469200636017328,304.06873136,316.44538178,308.26462225699163
4568,308.7427563064836,2.0703951214775618,305.0838833,312.79493642,308.53266548
14534,,,,,
8469,,,,,
4506,,,,,
8319,315.5233997708486,1.7598854450159733,312.16943876,318.54404606,315.91558868
17885,,,,,
6063,,,,,
14048,312.555565533874,1.4506596421068791,309.07613066,314.30228324,312.78810038
17299,,,,,
10955,,,,,
10401,312.99853213391447,1.3956117511736466,310.7407064,315.86090035999996,312.64112552
19004,308.2127448777358,0.8375403644143367,306.52628774,309.39400652,308.25580586
6143,314.2918935654653,2.5095179951060413,308.20111754,317.61776264,314.517660503318
3693,,,,,
7459,,,,,
1963,,,,,
19049,,,,,
6338,,,,,
18963,,,,,
16148,,,,,
4641,,,,,
10660,,,,,
2920,,,,,
596,,,,,
18266,,,,,
1718,315.54952924002777,0.6531641224000277,313.75881805999995,316.995683,315.7117272778058
11204,,,,,
1054,311.1322112031064,1.4954813376013365,308.05072466,313.37599982,311.45165456
9597,311.26701724809357,0.9321529403161642,308.78218094,312.78126434,311.5097609
1304,311.77474371990945,1.0657006863339769,309.15816314,313.75540004,311.55077714000004
11533,317.4441949280848,0.639504674519096,316.04547344,318.23300624,317.63485274
10576,,,,,
17589,316.7242338023916,3.492032632323145,310.33054400000003,325.05537416,316.3633493
8492,,,,,
9360,308.57928929803023,1.1960718417014398,306.21866594,310.09470062,308.90522966000003
15247,320.15106837186073,0.7188151303175265,318.73203716,322.17398330000003,320.23596595999993
2622,315.24016009735857,3.570869967324483,308.36860052,322.32779419999997,315.45073795999997
15904,,,,,
12580,,,,,
6992,,,,,
1018,,,,,
7697,,,,,
7794,310.0047363568485,0.8867805470515948,308.8095251,312.6547976,309.85714823
9712,,,,,
15527,,,,,
8156,,,,,
19656,,,,,
9806,,,,,
1005,,,,,
12835,313.1800268664773,0.7409854285028158,312.45313441999997,314.52787256,313.0820501
13296,,,,,
18999,,,,,
15069,,,,,
3500,,,,,
5685,312.1225360130923,0.9320461272921419,310.36130618,314.15530838,312.11133242
3064,320.615853950878,1.2929372247010442,317.80575374,323.08659464,320.62562024
14988,,,,,
17391,,,,,
10710,,,,,
8913,,,,,
4674,,,,,
3480,,,,,
16455,310.5280065179646,0.7063143650735109,309.43844078,312.0224639,310.63132975999997
15326,,,,,
12207,309.0923394514486,0.8819256947924874,307.8695696,312.03271796,308.9519426
10551,,,,,
10962,,,,,
16254,310.02464276415344,0.6764331018096504,308.67964034,311.97802964,309.98532398
9936,312.7410196620768,0.48569998718571156,311.77294844,313.3554917,312.69923186
14442,,,,,
803,315.72259782752514,2.1708018912418807,311.20897514,321.2169377,315.77886787999995
17438,,,,,
13608,314.9472368365894,1.0829354920820542,313.51272062,317.47762381999996,314.6372492
10263,307.9924025547533,2.0173924744746086,304.18494404,311.36278604,308.1656750836515
1663,,,,,
18568,,,,,
3011,,,,,
9776,,,,,
1436,,,,,
7659,,,,,
5986,,,,,
15168,,,,,
819,,,,,
14461,317.61308559693873,1.1946301121012568,314.85600248000003,320.08557308,317.5822038622869
17397,321.7763810079009,1.2236306576503924,318.97129856000004,324.39911431999997,321.71368994
16627,318.5988824326449,2.7140004436352445,311.98144765999996,324.11200064,318.26035040000005
15511,,,,,
5744,,,,,
8361,321.5963409569941,1.494674676342438,317.63485274,324.07440241999996,321.95933450426776
17878,315.2661946752753,0.7157136029531531,313.58108102,317.18367409999996,315.2752159011944
15871,,,,,
13211,,,,,
11831,311.38197226501404,0.5343424736623666,309.43160474,312.01220983999997,311.46190862000003
58,311.5271412291778,1.4479599815093538,308.90181164,314.090366,310.93895155999996
18397,316.4056567920001,1.6921499661856194,313.02052574,319.01573282,316.62995486
17574,,,,,
8249,,,,,
11650,311.5159971750321,1.7972116254272266,308.17035536000003,315.3550334,311.79345656
8072,305.7533491263636,0.1914091199725401,305.64785659999995,306.03067483999996,305.64785659999995
12445,317.2668712584377,2.6009592451469286,310.39548637999997,322.32779419999997,317.8615814
10590,,,,,
13213,,,,,
6899,,,,,
10754,316.18606032705713,1.200229753193202,314.44584008,320.16418754,316.26422672
15117,312.2376922432736,1.2459568703536246,309.89645545999997,316.0557275,311.88688243999997
16338,,,,,
2154,,,,,
14866,,,,,
7874,309.78373898344864,1.5931822599261587,307.55852977999996,312.60010927999997,310.19040517999997
78,,,,,
5273,,,,,
9885,321.02765914259606,1.2169160074901837,318.50302982,323.2848398,320.96400422
17695,,,,,
421,314.7054163335775,1.4692772872945408,309.58883366,315.94976887999997,315.11013503660627
15163,,,,,
7153,315.6903774742462,1.1174886912816924,312.00195578,317.78524561999996,315.79034266142855
5375,,,,,
8226,315.9785515707409,0.5993333887469812,314.5005284,317.50496798,316.05344881999997
12866,,,,,
11905,,,,,
1168,324.39525761791765,0.6603525783392813,322.27994192,326.1217964,324.43079909304777
13289,312.2005716633299,3.0222693033793386,305.88369997999996,315.31401716,313.17775466
14821,311.04762659008173,0.36981412670861036,310.74754243999996,311.94726746000003,310.9457876
17909,316.9907152208984,1.2163944787251009,315.17729636,320.01037664,316.47956197999997
19244,312.60694532,0.0,312.60694532,312.60694532,312.60694532
4351,314.1432932050611,1.3117853083389888,310.4672648,316.37702138,314.49027434
15523,309.7931328284509,0.8541686884489789,308.94966392000003,311.8515629,309.52389128
19362,,,,,
13989,305.236820706,0.13880644028457392,305.07021122000003,305.45302946,305.29238252
16982,316.83627513229237,1.1188038448510225,314.08352995999996,319.43614928,316.8825476370418
6995,,,,,
9012,306.38367677389476,1.5784226464153697,304.34046395,310.07248349,305.881823592732
9176,309.5284561581617,1.170285595727901,307.6644884,313.03761584,309.62301386
9578,,,,,
11485,,,,,
13222,,,,,
13236,,,,,
13280,,,,,
13942,,,,,
1069,,,,,
2024,,,,,
2761,306.77024581759457,0.9179088645028404,305.3231447,309.12740096,306.63152677684207
3236,312.93326326107666,1.358416497208958,310.33396202,315.4404839,313.08888614
3431,,,,,
3746,316.4713920002141,1.6007691604878544,312.8769689,322.53629342,316.16073239704775
4368,,,,,
4627,,,,,
4811,,,,,
5394,311.6904183443958,3.096108539000246,307.66107037999996,318.5679722,310.90648037
5770,,,,,
19233,,,,,
8002,,,,,
8021,,,,,
14338,,,,,
16203,312.26733307086425,2.658407465550592,308.70014846000004,318.99864272,311.0381134275862
193,309.06100752872794,0.7516807456232333,308.0062904,311.64989972,309.00435224
549,,,,,
4593,,,,,
5474,,,,,
5853,,,,,
17121,310.48466666005623,2.461582937874733,306.18106772,315.26274686,310.33396201999994
17323,,,,,
17964,,,,,
19436,,,,,
7973,311.7524219075515,0.7606739324353768,309.94430774,312.64112552,311.82763676
10904,,,,,
12588,289.2187422994886,2.433297131659736,286.76671411999996,301.33773338000003,289.31313902
12909,308.8831078375527,1.4419560406170122,306.88859786,312.12842251999996,308.7753449
15550,,,,,
585,,,,,
2134,310.6257071896181,0.10152080415305251,310.48777292,310.74754243999996,310.65183788
2325,309.52154457970147,0.193352409610216,309.39400652,309.80416892,309.39400652
3099,,,,,
7227,,,,,
8646,,,,,
14448,,,,,
458,,,,,
509,,,,,
7021,,,,,
7358,,,,,
7409,309.9676669199975,2.038147929677586,303.57140945,312.29932352000003,310.7783099773982
7706,,,,,
8004,,,,,
10864,310.40435440093466,1.4302714977834408,306.77238518,312.61719938,310.70823521
15413,,,,,
1571,,,,,
5142,,,,,
5843,,,,,
18216,308.37584066141346,1.6268223185477855,305.99991266,314.36722562,307.798645685
18574,,,,,
18609,318.418968062295,1.275469563176586,316.50690613999996,320.03430277999996,318.71836508
7195,312.67410064747736,1.274067744460722,309.3393182,314.53129058,312.97967810188345
11417,,,,,
16595,,,,,
8267,310.5536771693797,2.5285653140274964,306.27335426,315.19438646000003,310.61765768
8527,,,,,
9826,302.5560901696602,1.0006592856887173,301.04720168,305.19667796,302.39048354
10205,310.1323814946177,1.0577936617918238,308.08832287999996,312.83937068,309.85885724
5430,,,,,
13829,306.1965166138412,2.604807358101786,301.13265218000004,309.75973466,307.1688755
14135,,,,,
6460,309.2743471319374,0.665602478969406,308.25580586,311.10643454,309.24019562
15153,,,,,
15276,310.7214199333937,1.72812832522669,306.10245326,312.98976356000003,310.89057551984115
15769,309.4903024124985,1.902625693192611,305.48720965999996,312.56592908,309.305138
5759,315.02139785187575,1.1359246690715386,311.62939159999996,316.16168612,315.37895954
5982,,,,,
19595,310.7872834334979,2.3077396828518295,306.53995982000004,314.39115175999996,311.4537439289329
16028,308.2224801917242,2.249807482284342,304.3148288,314.10745610000004,308.14760281755576
3238,,,,,
6320,312.52159782326,1.44928631009983,309.36324434,315.12602605999996,312.45997045999997
8216,,,,,
179,,,,,
6165,,,,,
19210,,,,,
19273,,,,,
10971,,,,,
559,307.8153562053586,1.1931598127705525,305.47353757999997,310.53220718,307.7794360476868
7146,,,,,
7149,,,,,
9336,310.94916464911694,2.108639926598107,307.39446482,315.0132314,311.0825084
10000,,,,,
13979,,,,,
1731,,,,,
16718,,,,,
18115,308.41607634181213,1.2527818117067422,306.12808841000003,311.33544187999996,308.19940852999997
4429,308.844952708493,2.425457847067202,302.20420145,310.90135334,309.59322825714287
4459,316.56278729971086,1.6492900229483174,311.21239316000003,319.53868988,316.3540576752373
5514,,,,,
6322,314.36216282885243,1.8237688258961118,310.69285412,318.86533994,313.8972097305632
8526,307.73363778769317,3.2726950538188895,303.93884660000003,314.54496266,306.73820498
14728,,,,,
863,315.5252966275452,2.1205869568419966,308.65913222,319.36437086,315.723379243122
1646,,,,,
5893,,,,,
7512,,,,,
12202,,,,,
16032,,,,,
3312,,,,,
17118,,,,,
15701,,,,,
16474,,,,,
19348,,,,,
8777,,,,,
10230,,,,,
7675,,,,,
12067,,,,,
5833,,,,,
12947,313.9985592776988,2.094933891335507,309.83834912,317.63485274,313.77249014
490,,,,,
835,306.60331400532107,1.6749824364786625,304.61561456,312.05322608,306.17423168
10608,,,,,
15465,,,,,
6809,304.6400665492307,1.4151598869206723,301.3240613,306.32120654,304.88563813999997
18750,,,,,
18890,,,,,
9131,306.86955974467725,0.7338295057195928,305.34707084,308.11908506,306.71427884
13177,,,,,
13868,,,,,
15421,313.2170774928008,1.2721893693157311,310.56638738000004,316.01129324,313.30422139999996
18263,,,,,
1243,,,,,
6443,,,,,
16467,,,,,
8997,,,,,
16175,,,,,
1427,,,,,
4371,,,,,
16564,,,,,
10300,,,,,
11886,312.4561860095972,0.795551869902116,310.27585568,314.4834383,312.45615909642856
10680,309.3810492693796,2.491891523024103,303.64318787,314.11087412,309.464930435
15841,313.94095580877126,1.5591096637947448,310.12204478,317.75106542000003,313.9452655380645
11991,303.45590323279623,1.5220310609692818,301.92905084,306.90568796,303.66882302
3817,310.8879035847041,3.9243234580704764,300.4866464,319.68908276,309.70028158861754
5499,,,,,
17881,,,,,
7038,308.3274072251037,0.6278170424368481,307.12102322,309.67770218,308.13275713999997
11180,,,,,
697,,,,,
11203,,,,,
13009,,,,,
8140,311.3753764964956,2.5309303386849606,305.99820365,316.25909968999997,311.465668442
13445,321.09593163022265,1.5685400269297676,317.08455152,323.74969052,321.54164959999997
14527,,,,,
2022,,,,,
11941,,,,,
14736,,,,,
6810,311.67919715624345,1.3660558701618015,308.56684568000003,314.79447812,311.66802317488373
16977,,,,,
13561,317.55707486743427,2.2112548202793336,312.38477402,321.38100266000004,317.28621469999996
7208,316.8189133896535,1.883559065791984,310.83641095999997,318.70811102,317.2691246
3231,308.2612894883457,1.874913584902503,305.30947262,312.33692174,308.85965605999996
19161,,,,,
11567,313.76220453760016,1.2945825442062837,311.00389394,316.35993127999996,313.95482462503384
17304,,,,,
2995,,,,,
5867,,,,,
19615,,,,,
8894,,,,,
10452,306.5421539969316,2.0016923130448894,302.85875228,310.26218359999996,306.099889745
3874,,,,,
1508,,,,,
1996,313.1113617900777,1.6734654849739417,309.44527682,317.22469034,313.10255822
16957,311.98643137298376,1.9215601520714751,307.60296403999996,314.48002027999996,312.33236438
11874,303.42514964620295,1.2796648311254524,300.2302949,306.36051377,303.58109384
15795,,,,,
151,,,,,
3434,312.69586278335345,1.84225452369056,308.65229618,316.06598155999995,313.16579158999997
17492,,,,,
14218,,,,,
2243,,,,,
13898,,,,,
595,,,,,
7875,,,,,
7050,,,,,
17317,311.6640670505998,1.5498385997789372,308.51215736,313.94680916,311.99853776
7197,,,,,
9244,,,,,
18991,,,,,
19211,310.7115291231054,2.183468909410604,305.79483145999995,315.39604964,310.55955134
1517,,,,,
11268,,,,,
13344,,,,,
2159,309.26203648362366,3.3081877104575135,302.74937564,318.0552692,309.15474512000003
16370,308.50048440945875,2.51332266678015,302.78184683,314.11087411999995,308.97985643
19393,309.0073841033363,1.5162768693645807,306.40665704,311.81054666,309.16158115999997
8417,314.5340325010828,1.377737109311026,311.29784366,317.16316598000003,314.81840425999997
12730,,,,,
6641,,,,,
9844,,,,,
9686,312.5696252910469,4.722935081235738,299.15361859999996,319.16954372,313.08375911
11993,,,,,
14508,,,,,
3641,,,,,
4923,,,,,
4301,,,,,
5960,,,,,
12748,,,,,
12331,,,,,
13517,,,,,
4768,,,,,
11735,311.157455919589,0.6164972762483589,309.51363721999996,312.12842251999996,311.19188504
1170,,,,,
10288,,,,,
11996,314.858923266803,0.7777458134741542,312.60694532,316.15485007999996,314.95854308
13993,,,,,
15729,,,,,
1534,,,,,
11007,,,,,
1616,313.13561920001,1.9933855385377786,308.38569062,316.91365052000003,312.9618916478167
2891,,,,,
6021,,,,,
15509,310.6366847968658,1.2894491116779048,308.90010263,316.21295641999995,310.22672164249997
17075,,,,,
1483,,,,,
5282,,,,,
8138,,,,,
4678,313.95061339329413,3.058440381948998,308.03021653999997,320.50598954,313.88699381000004
18971,,,,,
13904,312.0957632051746,2.881366199649807,307.47478829,316.65388099999996,311.67001844531643
922,,,,,
5511,318.49785246529154,2.1251025231427474,314.85600248000003,321.55532168,318.78672548
14618,313.64573810988816,1.3890394423961656,309.72897248,315.47124608,314.08011194
11240,,,,,
3797,,,,,
16294,,,,,
12127,307.67801576762076,4.303638566200121,301.67269934,315.45073795999997,307.43889908
9747,311.926162855288,0.6863570765357262,310.32712598,313.79299826,311.80371062
15099,,,,,
4946,,,,,
5830,,,,,
11422,316.4356772429604,2.1508714547682,312.02588191999996,320.38635883999996,316.42076345070643
3109,,,,,
3675,,,,,
223,,,,,
6492,,,,,
13839,,,,,
2926,,,,,
3821,,,,,
5605,,,,,
19502,,,,,
459,,,,,
3351,,,,,
3547,310.88270048145756,1.7678771594496743,307.49016938,314.36722562,310.96971374
8636,,,,,
18716,311.0540496682608,0.1343173139643953,310.82957492,311.20555712,311.07909038
8678,,,,,
8546,293.9875218423736,0.658013697972556,292.34150474,294.99047024000004,294.10520306
3248,,,,,
3226,,,,,
10603,,,,,
13629,,,,,
16031,,,,,
15239,315.97559234065073,1.8924965621823944,313.12306634000004,319.7813693,315.79595798
2748,,,,,
12837,,,,,
6981,311.2192403269297,3.8902942412915653,303.62097073999996,317.49129589999995,312.37451996
12848,311.5157405982663,2.510156960696222,308.51557538,317.45369768,310.8966866164183
4748,,,,,
5901,,,,,
10375,313.83602222860605,1.0848999680383313,312.28906946,316.66413506000004,313.75540004
13528,,,,,
1920,319.6535676480835,1.2323150785020731,316.03863739999997,321.3023882,319.82124619999996
5245,314.8948725338198,1.2961704101815135,312.36084788,317.56307432,314.703558788
14016,,,,,
19349,,,,,
11378,,,,,
8228,314.6909091242219,0.6135825943290611,313.55373685999996,316.33600514,314.6201591
4789,310.28348907274716,1.2814033590771392,308.06781476,313.65456845,310.03259726643205
2488,,,,,
6687,,,,,
18931,312.0902039859513,1.3858976647744585,309.75631664,314.42533196,311.94726746000003
1739,,,,,
3141,,,,,
13933,,,,,
14847,,,,,
19174,,,,,
5027,315.57541242903415,1.7391896686987678,311.32176979999997,318.52011991999996,315.51568034
18807,312.3349070117853,2.9202138688560946,306.23917406,317.00593706,312.6547976
5206,,,,,
11072,305.1413694535607,1.1738025896163868,304.178108,307.26799808,304.73866327999997
13902,313.2526670412629,1.406398509563334,310.3818143,315.77544986,313.39308991999997
13694,,,,,
9664,318.26189871855405,2.168467225342714,314.12112818,322.33804826,318.64316864
14021,,,,,
931,,,,,
4722,,,,,
17732,313.05376308228625,1.5803611867996037,310.23142142,316.71198734,312.763319735
5623,,,,,
9665,,,,,
14975,310.4938325622499,0.5909842977010231,309.5443994,312.57960116000004,310.38352331
6742,314.0556437455816,0.9451747933431086,311.48583476,315.31401716,313.95022717999996
3050,,,,,
6335,314.1752963154052,0.9753047396445177,311.46532664,315.77203183999995,314.0789726
12438,,,,,
1393,,,,,
17426,,,,,
14259,,,,,
7410,,,,,
6298,310.71903981734704,0.2927450101820023,310.20065924,311.24315534,310.87400918000003
754,,,,,
2057,309.39098499886626,1.6739830227639692,306.85099964,313.62209726000003,308.87446748
19305,,,,,
12726,,,,,
11455,,,,,
10430,,,,,
959,,,,,
16248,304.1419103415916,2.1023103122467792,299.01347978,307.14153134000003,304.58898397411275
3651,300.9519904268262,1.2694069192954274,297.98123774,303.41930756,300.8605713591223
2011,,,,,
15850,,,,,
14615,,,,,
1520,314.80379222450006,0.3078163757090054,314.24759492,314.87992862,314.84916644
16827,,,,,
1765,,,,,
18060,,,,,
5257,,,,,
5651,,,,,
14310,,,,,
9434,,,,,
8194,,,,,
9570,,,,,
4907,,,,,
1056,312.6243744439907,1.7984081738219446,309.13081897999996,315.94976887999997,312.76075622
2081,313.44644720367404,0.7501965880430951,311.69091596,315.20805854,313.40334398
4273,,,,,
1106,,,,,
13212,,,,,
721,,,,,
840,,,,,
27,,,,,
8126,,,,,
12972,,,,,
11070,,,,,
13346,312.20820114480557,2.3490869878536533,307.49700542,316.08648968,312.38648303
19601,318.3382681445154,1.0697451200011059,314.57230682,321.25795394,318.28769456000003
5655,311.9296738081178,1.8764351339383734,309.4418588,315.72076154,311.5439411
9940,313.6023915352669,0.8907075717413263,311.80029260000003,314.80473218,313.7656541
17869,,,,,
8549,,,,,
11486,,,,,
14241,312.23244646602745,1.618176578048422,308.44379696,314.60990504,312.73170305
570,,,,,
2523,,,,,
3810,315.14375184213714,0.5922528778429909,314.28177512,316.52399624,315.10551794
11719,310.3069559059341,0.06020201832281092,310.23483944,310.37156024,310.25534756
8308,,,,,
11966,,,,,
15713,,,,,
14389,,,,,
14921,,,,,
2247,314.8533864935197,0.7094394780882968,313.44777824,316.24371859999997,314.82011327
1734,,,,,
19722,,,,,
11566,316.38809343683636,1.139480666600336,314.2783571,319.54552592,316.2608087
18378,,,,,
18713,317.8147795008115,2.03925278536443,312.97609148000004,321.73647674,317.5044998790698
303,,,,,
18188,,,,,
11968,,,,,
13008,314.0152932679249,0.9236615468865313,312.25147124,316.81452794,313.99466143999996
7458,,,,,
9503,,,,,
17681,,,,,
4343,,,,,
12486,,,,,
4777,,,,,
5113,312.97877706714286,0.4497877934598284,311.82421874,313.58791706,312.99318158
8449,309.735824026317,0.9878608123754257,307.60980008,311.31151574,309.86227526
2314,,,,,
6131,,,,,
10157,,,,,
15662,315.76861382,0.0,315.76861382,315.76861382,315.76861382
12529,,,,,
860,,,,,
7672,,,,,
2639,,,,,
11043,,,,,
4100,,,,,
5047,309.3170531004135,2.6796623683937155,301.33602437,311.8857431,309.71412653454547
17490,,,,,
9231,,,,,
10297,,,,,
7259,,,,,
18501,,,,,
18576,,,,,
15602,,,,,
12086,,,,,
11677,324.00204833122524,1.892923617463597,320.73499688,329.12965399999996,323.6658857333333
10010,,,,,
2678,317.24937184428916,1.2298647154648055,314.80131416,320.90589788,316.87947032
4330,,,,,
19276,,,,,
7836,,,,,
9502,,,,,
3873,,,,,
6713,,,,,
16336,,,,,
5606,305.67837061451417,1.0080178340844046,304.1097476,307.84906148,305.73672511999996
17032,,,,,
5650,,,,,
11491,,,,,
517,308.9559687134897,1.2280873085401414,306.23917406,309.80416892,308.93940985999996
12796,,,,,
2611,,,,,
8619,,,,,
19111,,,,,
7231,,,,,
8584,,,,,
2312,306.6420974203702,3.7937071154843727,299.00493473,311.75927636,308.02338050000003
17504,,,,,
3955,,,,,
2362,,,,,
3936,,,,,
7482,,,,,
15874,,,,,
5764,,,,,
7610,313.99888055342257,1.6679757650288383,312.23438114,319.50109166,313.59817111999996
11293,,,,,
3122,314.9952476357522,1.615447778446609,311.92675934,318.11337554,314.97905119999996
15022,313.97155449730263,0.5775530045301964,312.89064098,315.02348545999996,313.95706322
3912,317.9494476341156,3.1344367211230915,310.54246123999997,322.01333636,319.15587164
7109,,,,,
6167,310.28441236027345,1.0974364871683,308.35834646,312.71632195999996,310.09811864
12557,307.32732553081337,0.858528458979868,305.10439141999996,308.621534,307.5277676
918,,,,,
5216,312.1272943442393,0.5046864152203019,311.65673576,313.14357445999997,312.22412708
3359,311.95246248616996,2.1762686732021503,308.60786192,316.07623562000003,311.8259043389041
3508,311.3630097136735,1.6963390159952294,307.03899074000003,314.05960382,311.55761318
7707,,,,,
8720,309.9509917174912,2.169200463268936,306.26651821999997,315.34819736,309.89640709179247
12034,,,,,
13055,315.6542858555744,1.8534429302218085,311.2875896,319.80529544,315.0994520430414
65,,,,,
10008,,,,,
10333,,,,,
8833,,,,,
9540,,,,,
14652,,,,,
17917,,,,,
1404,,,,,
18672,,,,,
18997,,,,,
9966,314.96802886650494,1.0314164885486214,312.73683008,318.704693,314.829341924
1752,308.51470901577824,1.7317738815803232,303.00914516,310.24851151999997,309.08125769000003
13956,,,,,
5900,313.87362763217084,1.3144898282734523,311.52685099999997,315.81988412,313.75198202
9708,,,,,
11618,,,,,
15730,318.38574867502155,1.2660757526601876,315.44390192000003,320.79652124,318.17831792
5031,,,,,
19240,319.71087688300815,0.5527298027361685,318.72861914,320.35217864000003,319.65490256
11396,,,,,
15508,311.0908509986629,0.46598745038668676,309.89645545999997,311.77636645999996,311.01756602
2013,314.0317708070038,2.1492532788255185,308.25922388000004,319.66515662,313.706693255
6161,,,,,
5578,,,,,
10284,,,,,
4458,,,,,
10265,309.79249588845806,1.8316870264890084,306.01358474,313.68362162,309.7270472945108
10790,,,,,
18558,309.53052706446994,0.6085294960548102,307.4594072,310.46384678,309.476039
3041,318.62984555008654,1.4107791662136382,315.75494174,320.74866896000003,318.54155578828573
13642,,,,,
13948,,,,,
10172,314.6025584576025,1.8340188396908073,309.69137426,316.69147922,315.02067284575645
12319,310.3765846195506,2.5328615926355016,306.5023616,315.56695063999996,310.41428549
4283,313.57075065489164,1.991267769953963,307.34661254,316.40094752,313.973298815
18573,311.11094527811974,1.0907563933290354,309.21968749999996,313.06154198,311.05516424
1156,,,,,
14646,313.5128327475598,1.1605740710444012,311.60888348000003,316.51716020000003,313.25807812999994
7569,,,,,
14476,310.3439754149876,1.1982362398465727,308.01312644,312.42920828,310.26560162
8290,,,,,
12960,313.16206679385857,1.3454902168842124,310.41257648,314.98930526000004,313.24611505999997
6416,,,,,
105,312.1804722341931,0.9605883116603023,309.24703166,313.58791706,312.5453815901361
18969,,,,,
8513,,,,,
15305,307.62054269909146,0.7544788280149246,305.57266016,308.16693734,307.74993889999996
12010,,,,,
14886,,,,,
14133,,,,,
13693,,,,,
7738,,,,,
16698,,,,,
5583,,,,,
8948,,,,,
12255,,,,,
10685,,,,,
11343,,,,,
6524,,,,,
8416,,,,,
2547,,,,,
880,309.969088385,0.18858744450234596,309.82467704,310.2450935,309.8691113
9567,318.6851212550225,1.6347616978580255,314.16214442,321.80483714,318.76165999999995
8824,316.6740384747473,0.5227653476912131,315.84039224,318.15097376,316.64362694
16543,,,,,
6696,,,,,
19140,,,,,
16842,,,,,
13991,,,,,
3449,,,,,
15917,,,,,
5823,,,,,
3114,,,,,
3536,,,,,
14507,319.29813846377044,1.041199781417451,317.00935508,320.86488164,319.36583215112734
1102,,,,,
16952,,,,,
2423,,,,,
16565,,,,,
14468,312.71844615261693,1.1250256125346456,309.90670952,315.53277044000004,312.76588325
3557,,,,,
12341,,,,,
7814,,,,,
4361,,,,,
17335,,,,,
1141,,,,,
2899,304.3423690759017,0.1331127544946858,304.29432068,304.58485238000003,304.31141077999996
3580,313.8665794947176,1.4222272633153323,311.39696624,317.07087944,313.75198202
17006,,,,,
18477,,,,,
16609,316.13912677704565,1.0685292908616673,314.47318424,319.21055995999996,315.82672016000004
3539,311.9233857069139,0.7039641826621241,310.51511708,313.38283586,311.9163738176924
8851,,,,,
12911,,,,,
13555,,,,,
11458,315.07583922235773,0.9882200869433243,313.34523764,316.78376576,315.2012225
19163,296.4816193304491,2.007334408068053,291.27850051999997,299.53985486,296.901618511583
2371,,,,,
9134,,,,,
18546,315.77948506510904,1.0072641039028447,313.69387568,318.03476108,315.86887574
7838,,,,,
18182,,,,,
13707,,,,,
750,,,,,
14168,309.8608611957643,2.689691213333412,306.01016672000003,315.64898312,309.5346114336363
9958,305.05312112,0.0,305.05312112,305.05312112,305.05312112
3805,,,,,
2715,,,,,
1344,,,,,
7633,,,,,
19675,,,,,
15224,,,,,
12348,310.4251617211359,2.489867669986497,306.1605596,314.92436288,310.2450935
5220,315.2353879910693,0.85398066141942,312.50782274,316.73249546,315.4182574717954
15308,,,,,
9690,,,,,
9472,,,,,
2794,321.94373141292016,1.4065058328752473,318.53721002,324.37518818,321.910112156
8541,,,,,
10753,,,,,
3683,,,,,
10625,,,,,
7019,,,,,
11099,,,,,
5933,,,,,
8371,,,,,
9345,313.49844935665385,1.2151767481944338,309.5785796,317.26228856,313.50759358999994
14044,,,,,
567,,,,,
6216,,,,,
4238,,,,,
1767,317.8588949562106,1.7452775948054529,314.06985788,320.50257152,318.19540802
9221,318.52289983266826,3.807115063600887,310.36130618,324.18377906,319.76590381444447
14364,,,,,
9948,,,,,
17779,,,,,
12059,305.36772609578964,1.8265015402041431,302.19907442,309.38717048,304.990519849589
4221,322.17204372072547,0.808607284086321,320.60511212,323.95477172,322.11245894
4130,315.30209350113205,0.3779690689476707,314.77055198,315.78228590000003,315.41997577999996
703,314.0738077917715,1.7237626133418087,311.58495733999996,318.05185117999997,313.61390691018863
11236,311.7701799984615,1.8613784917949934,307.36712065999996,316.89656042,311.59692041
13711,314.41751808203963,2.1446287121899514,309.21626948,316.85212616,315.1339984574346
11540,,,,,
18727,311.5865023038777,2.4826356081488896,305.87344592,315.91217066,312.16602074
12766,,,,,
13243,,,,,
12647,310.68904110469674,2.2611398313835696,306.61857427999996,315.46099202,310.1692916542435
348,315.929645086967,1.0421071742559385,314.79789614000003,319.33360868,315.4485157337838
15695,311.5991016268639,2.76508412282214,307.5790379,318.25351436,310.89793532
4552,,,,,
17197,312.0866190080945,1.4389863388733588,310.48093688,315.31059914,311.602901945
6850,,,,,
18915,318.7041310648512,1.4126820371684154,316.20612038,321.73989475999997,318.39023516
2486,310.479027130832,1.128760183403883,306.32462455999996,312.69923186,310.545024755
18636,313.87723735181095,1.5171166708194215,312.01562786,317.61776264,313.32915783872926
12212,,,,,
18461,304.7946825104424,0.14638745608424011,304.66004882,305.00185081999996,304.69764704
16274,317.8676390680673,1.834278892743444,315.14311616,321.93130388,317.46053372
6491,,,,,
13029,,,,,
6580,311.8655283034603,0.502332441863155,310.61082164,312.3984461,312.03613598
13584,,,,,
11045,,,,,
2958,311.2851198783303,0.731296462129185,310.2792737,313.11964832,311.24657335999996
5572,,,,,
10384,,,,,
11595,,,,,
3720,,,,,
568,,,,,
3577,,,,,
17578,,,,,
4877,311.60756743108453,1.642484337708213,307.70208662,314.58256087999996,311.83447279999996
18009,,,,,
11955,,,,,
4819,,,,,
12053,,,,,
1247,318.4640015183655,2.9949594531515715,311.97802964,322.65592412,319.03428285903584
6297,310.57871381725454,1.7511943974961302,307.33635848,313.89895688,311.2025142485366
2037,320.49142115594884,1.7954292366183093,315.54644252,323.84197706,320.4006968952436
14746,,,,,
3047,,,,,
2497,317.82393881243735,1.5154225950203473,313.0136897,320.65638242,317.7818276
19191,314.41827300565217,0.18970010998028258,314.08011194,314.45951216000003,314.45951216000003
13994,,,,,
17297,,,,,
5887,,,,,
15504,,,,,
5788,309.70035524870076,0.3173810586956754,308.98726214,310.09470062,309.82125901999996
3399,310.3892164325427,1.01316847142403,308.3993627,312.56251106,310.48435489999997
2625,,,,,
16045,,,,,
17910,,,,,
18213,,,,,
5645,320.3216965123228,0.6979284505314871,318.53037398000004,321.57924782,320.23596596
2641,,,,,
3472,,,,,
201,,,,,
13648,,,,,
563,317.0198553695139,1.0024135286911866,314.18607055999996,318.88243004000003,317.08455152
6281,,,,,
19265,310.1173288890433,3.110369854974008,304.76600744,315.11919002,309.88961942000003
930,,,,,
6327,,,,,
13762,,,,,
13461,318.0594261907334,1.0224319529965995,316.27448078,320.69739866,317.95614662
17696,,,,,
2884,,,,,
7883,313.78814164013636,0.523656369610537,312.67530572,314.58939692,313.89895688
5818,,,,,
18836,,,,,
4174,,,,,
16215,,,,,
11675,,,,,
3242,317.7738630834081,0.9325758762083942,314.17923452,319.79845939999996,317.80575374
3459,,,,,
6994,,,,,
7492,,,,,
12465,316.8940301621445,1.1437150343781906,314.73637178,319.3028465,316.8418721
19125,,,,,
14426,,,,,
13204,318.4352527710089,0.564770156455503,317.09480557999996,319.65832058,318.44360386468355
8451,,,,,
13834,,,,,
8780,,,,,
5674,308.88130351999996,0.0,308.88130351999996,308.88130351999996,308.88130351999996
18394,,,,,
19679,,,,,
10479,318.6906068346864,2.1181155330816166,313.75540004,323.05583246000003,318.3374136047692
17651,,,,,
14474,,,,,
5232,,,,,
17738,,,,,
13850,,,,,
3102,,,,,
17667,,,,,
15425,309.1293218726793,1.1300481954459483,306.69377072,311.12010662,309.15816314
14203,,,,,
10224,,,,,
13274,,,,,
8533,,,,,
2392,316.8592599820454,0.9723496677839328,314.81156822,317.67245096,317.32723094
9329,,,,,
11978,,,,,
2307,,,,,
14841,319.0918400478401,1.6364099146203686,316.48981604,323.50017506,318.6363415476963
17961,,,,,
10898,,,,,
10318,306.51090665000004,1.235361542769255,304.46180366,308.61469796,306.62370131
14490,309.73588373708776,0.8238656106881936,308.12933912,311.77978448,309.7099325028188
10684,,,,,
724,,,,,
5634,,,,,
16616,312.1512365344993,3.0239499558258465,308.0746508,320.35559666,311.76269438
11062,315.748773089849,1.4739168175587694,312.28565144000004,320.95716818,315.8485588663571
10454,,,,,
11663,,,,,
6965,311.6739317927004,1.6774986179142284,306.66300853999996,313.96731728,312.208404188
9433,,,,,
18041,,,,,
12592,,,,,
9446,,,,,
1565,,,,,
17136,313.17290182468855,1.3107149566257048,310.6381658,315.29692706000003,313.14357446
8959,,,,,
4899,319.26323297129085,1.1726782192820635,317.2007642,322.50211321999996,319.03624093999997
5119,311.14864429590335,0.6893930280795508,308.81636114,312.49073264000003,311.3036038329805
1935,,,,,
15115,,,,,
15234,,,,,
5412,,,,,
7215,320.3766104333338,0.9438645898322863,316.43854574,321.75356683999996,320.58118598000004
3827,,,,,
18736,317.63485274,0.0,317.63485274,317.63485274,317.63485274
10411,,,,,
8013,,,,,
14653,,,,,
1808,,,,,
8898,,,,,
13168,313.25949736650426,1.6164996732332526,310.23825746,316.1582681,313.31447546
7863,,,,,
6229,,,,,
4987,,,,,
12418,317.5693053137369,1.3484042645633583,314.2954472,319.97961446,317.46053372
11281,,,,,
11305,,,,,
3579,,,,,
5429,321.560332425744,1.2821525399724754,319.43614928,323.8659032,321.48384169557977
11753,,,,,
6366,,,,,
3416,,,,,
13002,,,,,
2507,,,,,
4999,,,,,
4288,312.1819466308409,1.347552390821172,309.34615424000003,314.64066721999995,312.44629838000003
4824,,,,,
8188,,,,,
3485,,,,,
9307,,,,,
15211,,,,,
9515,309.12351157588495,1.2810378257102961,307.24748996,312.08398825999996,309.11031086
10756,308.9343065838195,1.2788791976864697,305.53847996,311.77978448,309.02827837999996
8970,,,,,
11499,,,,,
335,323.6755968638272,1.425915644532859,320.33167052,326.01583777999997,323.60442467
8773,322.0109989408514,1.5057693201115236,318.91319222,324.96992366,321.8150912
14493,,,,,
7561,,,,,
13120,309.9785057867535,0.4458449970198736,308.45405102,310.65183788,310.08102854000003
5239,,,,,
8320,,,,,
15173,,,,,
15200,314.54226722114066,1.9611894939428387,308.53950152,316.69489724,315.27301437677164
5743,,,,,
14127,315.40810449471246,2.6643266214588808,309.44527682,319.5421079,315.2354027
9619,322.475410225891,1.270917134958889,320.46155527999997,325.66719974,322.23242768593406
10149,306.0739842480467,1.0750997661673263,304.17468998,308.47797716,306.15372356
15409,,,,,
10296,,,,,
6401,,,,,
3699,,,,,
16078,,,,,
5797,,,,,
1896,,,,,
2791,,,,,
19316,,,,,
14139,312.62800806424235,1.307295385031648,308.85395936,314.6543393,312.9795095
17631,,,,,
14315,,,,,
1988,,,,,
12651,,,,,
10931,307.4870004294777,2.0096752012792987,304.29432068,310.81248482,307.56536582
15815,311.23103530348055,0.7633637454983472,309.71188238,312.39161006,311.40038426
15052,,,,,
7688,,,,,
6936,314.48685632,0.0,314.48685632,314.48685632,314.48685632
14514,,,,,
462,314.1255027311632,0.9544920426051473,312.5009867,315.68999936,314.1758165
764,,,,,
914,309.79006348499644,0.65626454048087,309.03511442,312.38477402,309.73922654
19596,,,,,
9138,312.75621087625404,0.9272090711669697,309.52389128,313.99124342,312.91815893762714
11249,320.55266192269784,0.637732193934448,319.38146096,323.00456216,320.51169821729303
9709,311.44328784147837,0.6170132388908692,310.36472419999996,312.42237223999996,311.49950684
10508,,,,,
7220,,,,,
16397,,,,,
17499,314.0146912188485,0.5913531147502182,312.9795095,314.62357712,314.15189036
12983,,,,,
1242,322.0639408480523,1.9600469952226993,317.66561492,325.75948628000003,322.2856079246276
5909,312.31641362,0.0,312.31641362,312.31641362,312.31641362
2329,,,,,
6323,314.8815007335039,2.3318567806296153,309.10347482,319.64806652,314.77909703
12573,,,,,
18466,316.7055084199259,1.6242413239092648,312.95558336,319.43273125999997,316.7427674153927
5414,,,,,
17657,,,,,
8034,,,,,
12538,308.71630938951455,0.49732191001395765,308.59077182,309.58541564,308.59077182
4412,312.32038520136075,0.7955057667971429,310.95945968,313.89895688,312.1933649
18828,,,,,
2055,313.31640329362517,1.4973755506265607,309.58883366,315.9531869,313.30320791732555
2826,321.10486361289406,1.0778227237440998,318.82090568,324.28290164,321.02097122
17517,,,,,
13337,313.1548061656079,2.9600606818136543,306.66642656,317.47762381999996,313.5913608181024
8699,,,,,
10025,,,,,
14220,,,,,
801,,,,,
7714,,,,,
12019,,,,,
8294,,,,,
15209,312.56996803813314,1.7146697674973959,309.16158115999997,315.00297734000003,312.17285677999996
19710,316.48071583278903,0.5508195441566806,315.03715754,317.44344362,316.62995486
15330,306.46997102367925,0.46264198061982853,305.75381522,307.3226864,306.64933646
19497,,,,,
8691,312.4022396017719,1.5336948506865895,308.02338050000003,316.35309524,312.40528214
14864,313.9949165262585,0.9141940222640493,311.7148421,315.70367144,314.04511938547085
7117,311.8634946150046,1.0947553915948778,310.08102854000003,314.76713396,311.7974811048059
15826,,,,,
14506,,,,,
3697,313.81959227884045,2.4649917866493305,307.6303082,317.53231214,313.99807946
17256,,,,,
5065,,,,,
645,322.70702975922666,0.8084462272313057,320.70423470000003,324.2418854,322.68326828
15498,,,,,
19331,312.71412398250834,2.2568042653678004,308.62495202,316.65046298,312.4838966
1211,,,,,
17271,314.3066595905126,0.6731947541482278,313.02052574,315.70367144,314.2954472
6932,,,,,
16099,311.4142546735479,1.2148129971050208,308.12250308,313.79641628,311.57698196
4470,311.73080288893675,1.5015496062104734,309.01118828,314.15530838,311.31151574
2841,313.5501444766254,1.4523880221954648,309.29146592,316.35993127999996,313.64960398436585
1493,,,,,
9106,,,,,
15430,,,,,
2224,,,,,
15108,,,,,
14953,,,,,
12614,,,,,
10964,,,,,
5968,316.3731363279428,1.4652192162550406,312.33350371999995,319.14561758,316.48411934
2348,,,,,
13341,312.2842711502748,1.4462726606177545,306.82365547999996,313.83401449999997,312.65821561999996
7898,,,,,
19569,,,,,
3745,312.1086968383133,0.005127031178107348,312.1079144,312.11816846,312.1079144
309,319.50687640851925,1.0117428899281458,315.85406432,321.4903793,319.64123048
12137,,,,,
2628,,,,,
15685,,,,,
19347,314.9824149894369,1.2098796725391214,312.7915184,317.9698187,314.8251323625263
3293,,,,,
10891,,,,,
2898,,,,,
11952,,,,,
15702,315.2924920752095,0.8994318823010606,312.6206174,316.87605229999997,315.37554151999996
15546,,,,,
9501,313.99838997748014,1.6755443179744853,309.7836608,316.7906018,313.72463786000003
4035,,,,,
2060,317.26389261469393,1.43335467669638,313.54006477999997,319.8497297,317.71004918
19612,,,,,
548,313.43255532843125,2.0012129406699595,307.97894624,317.49471392,313.40163497000003
8363,,,,,
12171,312.35183211107335,1.3099082962124275,309.65377604,315.07817378,312.12158648
8491,,,,,
18839,,,,,
11781,,,,,
17196,,,,,
12920,,,,,
13976,317.2856183909475,1.5352510155212085,314.52787256,319.66857464,317.45027966
9489,313.20640601745055,1.82221156628253,308.79243499999995,316.59235664,313.48992188973824
10097,,,,,
14712,314.39999497770214,0.2187532799937327,314.06302184000003,314.5005284,314.5005284
6535,,,,,
15646,,,,,
4827,310.6456591686817,0.9500255523518178,308.43012488,312.04639004,310.69855082
12134,316.3279678134355,1.3501754047402934,313.0136897,320.01037664,316.10699779999993
6971,,,,,
17498,311.60108054507197,0.7413489023117116,309.74264456000003,312.85304276,311.70117002
8839,,,,,
9186,312.44257662211055,0.8019397944044706,311.10301652,313.93313708,312.31983163999996
2572,,,,,
16941,,,,,
15440,,,,,
12962,310.6922988565709,1.0646529922987575,308.66255024,312.04639004,311.1166886
15836,,,,,
17566,,,,,
6709,319.7140406906314,0.8205846332982669,317.90829434,321.51430544,319.77111524
7937,,,,,
1175,312.86208007700054,0.9696351906002174,311.00389394,315.48150014,312.7034847412069
12328,,,,,
1200,,,,,
40,,,,,
4049,,,,,
17713,312.14737008880786,0.578431747001022,311.09276246,313.33156556,312.02075489
12030,316.3612363227612,0.6515986319984334,315.34477934,318.80039755999996,316.2608087
6352,317.92861992050393,1.1359141295804656,313.9023749,319.83605762,318.14242871
13702,,,,,
11822,,,,,
5807,,,,,
17021,317.5477602227646,2.580628640992533,312.66505166,324.9596696,317.6625664156757
14066,314.04471397626656,0.5220684552709233,312.9453293,315.3208532,314.07669392
2892,315.99423637861725,2.4648792692283066,309.1000568,319.046495,316.2778988
3354,,,,,
16820,,,,,
17981,,,,,
1502,313.5239623972116,0.8786132035372709,311.49608881999995,315.07817378,313.63117722047457
4601,317.63188029342444,4.604927782927089,306.56730398,324.06756638,318.5394887
7076,313.30829563882634,2.531921160633573,308.26947794,317.12556775999997,313.8568013
667,,,,,
13924,,,,,
4634,320.12520340243304,1.3713332297138459,317.79208166,323.34978218000003,319.96594238
6392,,,,,
2971,314.0266400204259,2.75686628918816,308.18744546,318.76963537999995,313.89212083999996
6533,311.3410238263309,0.08886851991582048,311.17479493999997,311.35253198,311.35253198
6596,315.249876607657,1.6324243031947592,310.843247,317.53231214,315.58404074000003
15677,,,,,
17623,311.816243708209,1.3090500669966012,308.83003322,313.39650794,312.18652886
14585,317.09593007622266,1.0132541961745407,315.61138489999996,319.51476374000003,316.88288834
15849,316.7859810067731,0.8652191117555159,314.42874998,318.59873438,316.824782
11047,313.72267315227265,0.7736682755593053,312.15918469999997,314.81840425999997,313.80325231999996
14029,313.9207338727641,2.140877927692425,309.0316964,316.25397266,314.90043674000003
14496,,,,,
11933,,,,,
16171,,,,,
6330,305.4397771286142,1.3080022307951835,302.40073759999996,307.6644884,305.80508552000003
16844,,,,,
11465,,,,,
9895,313.1341800032553,0.6891653119000221,309.8349311,314.33988146,313.3040580293652
14155,315.959892082145,1.4075035496299473,311.96777557999997,317.82626186,316.19415731
19491,,,,,
9817,322.6413663334896,2.3288253792100813,317.61092659999997,328.13501018,321.95864803999996
14909,,,,,
1768,,,,,
12213,,,,,
15680,,,,,
14844,314.4695573119694,0.7468910559368174,311.77294844,315.5601146,314.54838068000004
9938,319.71020148106624,1.73290454115523,315.40972172,322.2594338,320.16418754
14941,,,,,
4318,312.75902104612175,1.5573695402409629,309.91354556,316.24371859999997,312.08057024
555,314.26817288691285,1.1365334242541503,310.57664144,315.71050748,314.47660226
15128,314.96262439637474,1.7351156392736808,311.49950684,317.53231214,315.33452528
9873,312.25498888027977,0.9869532076455765,309.91354556,314.21683274,312.13671027055466
10547,,,,,
7976,310.2609460963242,2.1000731413326315,305.88369997999996,313.36232773999996,311.0161950559341
9108,316.5358505465744,1.5726789664710887,313.36574576,319.24132213999997,316.83503606
7721,,,,,
11472,311.5039621906718,0.9174528508600017,309.60592376,314.7226997,311.42108718943007
4083,316.7424529462916,4.399470654683888,310.12204478,324.8229488,315.92755175
3326,,,,,
6135,323.1479752834274,1.6604248235201118,319.81896752,326.224337,322.95329186000004
15388,,,,,
14566,,,,,
6452,313.05723558677244,1.76504785223143,308.88130351999996,315.5430245,313.27459856
13641,,,,,
16660,,,,,
6256,,,,,
8182,,,,,
9064,,,,,
6075,312.70953308865467,1.9273221779997451,309.98532398,319.28917442,312.10312917199997
6993,,,,,
18521,,,,,
9957,,,,,
19395,318.1100086245843,1.1701582389443053,315.51226232,320.69739866,317.98895961200003
11296,,,,,
12652,310.8242525498395,0.8039434620967681,309.42818672,312.07031617999996,310.71678026
2287,,,,,
6868,,,,,
1673,312.275187436041,2.4635698866024485,307.11076916,316.93074062,312.48731462
9174,311.5020018830619,1.1604627360520405,309.32222809999996,313.70071171999996,311.33202386
10993,,,,,
19247,315.05672675381203,1.2489936868050953,311.61913754,317.33064895999996,315.08842784
2197,,,,,
3572,313.79527694,0.35376507002840174,313.6118432,314.31937333999997,313.6118432
12420,,,,,
2472,,,,,
15567,322.5320639207089,1.484165327636661,318.42441536,325.03486604,322.7055984307014
8405,318.09823960122344,4.318522024801732,312.41895422,329.42360371999996,317.05834669999996
13275,,,,,
9474,,,,,
6474,314.39626822751546,0.5113386269788206,313.53664676,315.07475576,314.44242206
12690,,,,,
13369,,,,,
379,,,,,
7950,,,,,
4910,314.95459608453376,0.4941809946419953,313.7143838,316.19928433999996,315.00981337999997
18398,,,,,
11337,,,,,
14214,319.23017119821714,1.4873636410454005,316.04205542,322.01675438,319.8257515968581
1318,,,,,
7799,,,,,
13703,319.5554540014741,1.4077977153273884,316.99226497999996,322.64567006,319.34386273999996
3942,,,,,
15455,,,,,
18130,319.1208587700042,4.988570781794974,312.27539737999996,331.43339948,318.19199000000003
4215,,,,,
4201,313.6185781707182,1.9950374801440145,308.24896981999996,316.86238022,313.47170438
10453,,,,,
15914,,,,,
3567,,,,,
19282,316.7738149243536,1.408660916586927,314.64066721999995,320.18127763999996,316.48298
397,,,,,
15612,,,,,
18147,,,,,
4975,,,,,
532,,,,,
19032,308.18231843,0.11493648132717411,308.03705258,308.35151041999995,308.17035536
8379,313.7078256366759,0.8933688344071461,312.21387302,316.33258711999997,313.71780182
16981,,,,,
11077,,,,,
1628,,,,,
7801,323.8394376757172,0.9377269861594321,321.92788586,326.224337,323.60376475524754
12084,315.9928878112273,0.9646195075303835,313.50246656,317.27937866,316.2596633948691
6710,,,,,
19019,,,,,
16547,,,,,
17931,,,,,
3128,,,,,
1967,,,,,
14273,,,,,
9133,,,,,
8175,,,,,
4206,315.42847281810725,1.2221610375154977,312.03613598,319.4737475,315.4233938
4300,,,,,
8283,311.07686544898155,1.506384240667995,309.05904055999997,313.7998343,310.68260006
632,,,,,
1563,,,,,
9653,,,,,
16756,314.4166938557624,2.2466241150855955,309.16158115999997,318.35263694,314.65604830999996
357,316.53601141904124,2.359700780025863,309.83834912,321.28871612,317.01619112
2349,,,,,
13822,314.0358227899701,0.26217723765684964,313.58791706,314.62357712,313.92288302
10045,311.3845713411955,0.6713474025939448,310.2450935,312.723158,311.21581118
16808,,,,,
2311,317.2402095372041,0.9749487670160093,315.05424763999997,319.96594238,317.10196772084805
1618,,,,,
6251,312.7651572936454,2.020052078130501,309.79391486,316.49665208,312.63087146
13250,315.7465898629565,1.5105300167335909,311.17137692,317.98007276,316.01394905344944
5317,,,,,
17747,,,,,
1931,,,,,
8068,313.26741097850316,1.1674141807266631,310.58005946000003,315.20805854,313.13673842000003
5498,313.64916337907783,1.2354073084950956,311.48241673999996,316.37702138,313.24269704
11330,311.22907184376,0.1097012300311417,311.04491018,311.38329416,311.20555712
13745,316.9053683084752,0.5529060921850647,315.33110725999995,318.12362959999996,316.9569848320745
9666,,,,,
19148,,,,,
769,,,,,
9611,,,,,
4927,,,,,
19698,,,,,
11914,314.8740648879534,1.1728062527398262,311.6123015,318.09628544,315.0815918
4143,,,,,
13025,310.61367264655934,0.8679158236486532,308.88130351999996,313.17775466,310.44561733999996
14579,,,,,
6674,,,,,
14966,319.0776255200546,1.9840887210901075,314.603069,323.91375547999996,319.26959395328794
10835,,,,,
17694,321.1377433753998,0.8863647039680487,319.08409322,322.59439976,321.19301156
13350,313.4927167950364,0.8202032779016221,312.31983163999996,314.85600248000003,313.32814754000003
16552,,,,,
1617,309.53443546371346,0.6022200235376381,308.89839362,311.73193219999996,309.47945702
10565,,,,,
10822,,,,,
13083,,,,,
11528,,,,,
7505,312.52037938198237,2.502219959960471,307.22698184,317.54598422000004,312.3665475625654
6065,313.8610237118787,1.2561972174779223,311.12010662,316.52399624,313.862498
15178,,,,,
13444,309.72125053200256,0.5076880950832782,308.14984724,310.6552559,309.79391486
9146,312.4772011685017,1.4251987819836787,310.31003588,314.88676466,312.64454354
8250,317.7857285303734,0.8408201873066039,316.1582681,319.95910634,317.78610012499996
5303,,,,,
13373,,,,,
11766,316.13352818129874,0.7515868949527453,313.96389926,318.09970346,315.95618550146685
17413,,,,,
13695,,,,,
4691,,,,,
13,,,,,
4111,,,,,
4504,,,,,
12442,,,,,
2516,,,,,
14714,,,,,
12954,,,,,
15332,,,,,
2461,,,,,
16220,315.7937727172989,0.9010177122349247,313.28029526,316.70173328,315.91558868
2021,317.9038601922445,1.950597900492555,314.47660226,322.32095816000003,318.35605496
14798,,,,,
12448,316.227519596163,1.0466161071129345,312.56592908,318.4141613,316.175261723629
11754,311.91150413904643,0.7810959929423361,309.51363721999996,313.07521406,312.12671350999995
8407,315.91554942919305,0.8578958827508857,314.5347086,318.08944940000003,315.70367143999994
16448,312.4520977013486,1.360379979664949,307.63372621999997,314.67142939999997,312.73512107
16813,,,,,
10197,,,,,
8545,,,,,
1206,,,,,
1900,311.3263225667485,0.6452603157257246,309.71188238,312.54542096,311.4581471625837
18046,,,,,
10485,311.0218599594341,0.281374561439459,310.58005946000003,311.45165456,310.89793532
18842,317.7701347731525,0.9921294455047711,314.89701872,319.96594238,317.89974929
2085,,,,,
17952,,,,,
1652,315.7290842558509,4.094510874197935,307.03557272,320.79652124,317.0298632
3759,310.97500756030433,0.8987038948710157,309.06245858,312.66505166,310.81590284000004
9281,308.8301210556933,0.3374353582343813,308.450633,309.39058850000004,308.621534
16405,319.2427135785173,0.6915859500239114,317.89462226,320.72474281999996,319.16600741529834
16902,321.1659153853422,1.1284382315496257,318.704693,322.94645582,321.1809895586207
12550,,,,,
18079,,,,,
16843,,,,,
11262,,,,,
18680,321.24362852967766,0.7760065754128337,319.27892036000003,322.61148986,321.33998642
10611,,,,,
14353,315.67417062763315,1.0143022256353955,312.45997046,317.51180402,315.79595797999997
2003,,,,,
14987,,,,,
14381,,,,,
6049,317.3882914304356,1.9202878060250481,313.96048124000004,323.40788852000003,317.169318416
12402,311.03801487902683,1.0106189507529426,309.8691113,312.56251106,310.47068282
14559,,,,,
6052,312.05557994246914,0.9793052120381628,309.92721764,313.50246656,312.2788154
15632,313.0316598915861,1.798324909306195,309.31881008,315.70367144,313.21193486
6375,,,,,
8962,,,,,
15074,,,,,
7471,,,,,
6551,,,,,
19692,315.0818658455926,1.3852219740339955,312.37451996,318.24667832,314.77283066
12258,,,,,
9970,314.3942630318768,1.627170396702335,311.47899872,317.50496798,314.7607969697521
8201,313.9878520691115,2.369020631691535,309.12398294,317.8672781,314.5047402403839
7519,,,,,
10389,,,,,
3649,,,,,
15787,,,,,
15285,,,,,
15499,,,,,
19122,,,,,
4059,,,,,
8049,308.92169778307175,0.5162726849912846,307.08342500000003,309.134237,309.01802432
14564,,,,,
8476,,,,,
457,,,,,
5436,,,,,
7543,309.65092197772105,0.2001962998993877,309.51363721999996,310.19040517999997,309.64010396000003
9173,,,,,
17705,,,,,
13240,,,,,
19076,,,,,
19387,323.38022279106985,1.4689065522153957,320.45130122,326.34738572000003,323.23698752
5740,,,,,
11490,,,,,
4522,,,,,
18552,,,,,
19128,,,,,
2672,,,,,
6120,,,,,
16694,,,,,
17289,,,,,
12253,312.7293396664651,2.625392950427537,308.27973199999997,319.04307698,313.08546812
12274,311.7520312046956,3.209630843540578,306.13321543999996,319.08751124,311.78662052
14883,311.51126099058774,1.5867652915774269,308.30024012,314.45609414,311.68407992
3655,317.71088215496906,2.510537814339763,310.76121452,321.73647674,318.53891903
16816,310.82573926411584,0.16700053616792812,310.74754243999996,311.16795890000003,310.77146858000003
3077,311.9199245819578,1.4132456681334338,309.86569327999996,316.07623562000003,311.86523497999997
11956,,,,,
2646,,,,,
16326,,,,,
17718,,,,,
11621,308.47195178571315,2.234276231082825,304.08753047,315.3550334,308.64546014
18975,309.1683251913199,2.349501500216376,305.77432334,314.93461693999996,308.4179176657143
15231,,,,,
5353,,,,,
10968,301.79210177152913,0.3326871580606566,300.52082659999996,302.1785663,301.78891202
19364,,,,,
10106,,,,,
11727,,,,,
4633,,,,,
8014,312.2147879986504,1.0126486434322957,309.65719406,314.59281494,312.07487354
9651,,,,,
4630,,,,,
18729,,,,,
14986,,,,,
5661,,,,,
12466,310.2251862835881,1.6641769168147469,307.96185614,314.96537911999997,310.10153665999997
5286,315.83358009717375,1.7909588162142716,313.41359804,320.97425827999996,314.87651059999996
196,,,,,
4581,,,,,
13743,,,,,
18820,309.9695626943298,1.2367233908681907,307.32952244,312.552257,309.73125116
15124,,,,,
1773,,,,,
7754,,,,,
15076,,,,,
17291,,,,,
15283,,,,,
827,,,,,
9617,,,,,
7460,305.32471192467506,1.291658556398922,300.84895652,307.60296403999996,305.32143569
17916,317.62668942468855,0.8765220583898079,315.13628012000004,320.91273392,317.47380368
7613,,,,,
18863,312.02715352653024,0.6573846041065475,310.93211552,313.95706322,312.05664409999997
13436,,,,,
11359,,,,,
15888,,,,,
11358,312.2089015100169,1.88444432974374,308.450633,315.31401716,312.54200294
14391,302.0137475484425,2.345603514195135,296.9319056,305.41884926,302.29591832
18559,,,,,
3477,,,,,
5517,,,,,
15738,314.9235379069833,1.2457120724945234,309.84860318,317.11189568,315.17046031999996
8255,,,,,
864,,,,,
16445,,,,,
2179,,,,,
12469,,,,,
13596,,,,,
4115,,,,,
11393,,,,,
15064,313.5731610273042,1.2699405826488384,311.32176979999997,315.92242472,313.98440738
15648,,,,,
4168,,,,,
8224,,,,,
3277,,,,,
13054,,,,,
18476,,,,,
19199,,,,,
4952,,,,,
16232,,,,,
9667,,,,,
15886,,,,,
14041,,,,,
1903,314.26648532749283,0.7755422200356461,312.29932352000003,315.34136132000003,314.42191393999997
1248,,,,,
6433,313.09624226013653,2.153564083329584,309.12398294,316.52057822,312.74708413999997
620,319.48824408905705,1.0320367949834064,316.6026107,321.11097908,319.77111524
18143,,,,,
6893,,,,,
12912,312.7178975262411,2.024346070482419,304.9984328,314.76029791999997,313.29054931999997
4966,,,,,
15482,303.0897437389268,0.5049834565748842,302.07260768000003,303.30309488,303.30309488
6541,312.62714584958667,1.066778553354167,308.3480924,314.5859789,312.67872374
2626,,,,,
14306,306.2208920490216,1.5974766636328486,304.48914781999997,309.817841,306.11270732
7071,,,,,
5594,,,,,
15477,316.0802872884055,1.9118242722632828,312.76417424,319.5079277,316.40778356
6030,,,,,
814,,,,,
9112,,,,,
3618,,,,,
2470,309.5317347690302,1.4780100491193537,306.91936004,311.90966923999997,309.88965979031497
15235,,,,,
12145,,,,,
19021,,,,,
5832,310.68491433912726,0.7447160812855717,309.56490752,312.28565144000004,310.66437062
7582,,,,,
2714,,,,,
4622,,,,,
19204,,,,,
16327,310.703535874333,0.33314093889593666,310.16647904,311.2704995,310.75437848
2376,,,,,
11171,,,,,
10666,,,,,
3007,313.9046605698159,0.9233851654191138,312.86329681999996,314.97563318,313.11281227999996
17187,,,,,
4908,,,,,
13026,,,,,
3607,,,,,
15087,,,,,
19374,318.28450360266174,1.1382243015476652,316.21979246,321.10072502,318.01083494000005
17453,,,,,
17515,315.1470007387068,1.0213374776806823,312.2788154,317.08796954,315.26616488
12210,,,,,
7914,314.2647336666538,1.5423375004557214,309.97848794000004,317.34090302,314.70105224
13420,,,,,
11119,316.30608582382445,1.697319227029474,312.02588191999996,318.55430012,316.8300297752717
1707,313.74335081730203,2.610839400681077,309.62643188,318.86533994,313.36232773999996
7232,,,,,
7184,314.21683274,0.09912258003792997,314.11771016,314.31595532,314.21683274
13967,,,,,
14747,310.4294449336519,0.16061057394860315,310.20407725999996,310.71336224000004,310.39206836
12868,,,,,
6691,,,,,
11751,316.1591614995804,1.395666262280368,311.89941518,318.52695596,316.61628278
235,,,,,
18385,,,,,
13560,,,,,
16526,,,,,
10095,,,,,
17290,314.494492290315,1.9246394877249706,310.30319984,318.04159712,315.04969028
10700,,,,,
15077,,,,,
16801,,,,,
6897,,,,,
13125,320.61943376491695,1.3651902018816677,317.84676998,323.39763446,320.66321846
12105,,,,,
7924,,,,,
12054,,,,,
4118,,,,,
7556,321.8882666140148,1.3448458566918189,319.5421079,324.90498128,321.64466279867577
8292,,,,,
6040,,,,,
7096,307.2601678974211,1.1264942828462126,305.16591578,310.28781875,307.17912956
14393,313.4573806542683,1.229332825069906,311.33544187999996,315.65923718,313.0868126043214
1721,,,,,
8896,309.6436483163283,0.8201940914710776,307.56536582,311.34911395999995,309.8531605399999
17629,,,,,
8583,,,,,
6699,,,,,
18109,,,,,
12934,,,,,
19504,305.532857168762,0.2636685086847805,305.07021122000003,306.04434692,305.55557006000004
14246,,,,,
3055,315.9104503072499,1.056440535377997,313.62893329999997,318.32529278,316.1240879
4033,317.58078063696814,1.532453119803117,313.8852848,320.32141646,317.7017573166667
11695,312.10568819514975,1.2583453387114256,310.21433132,315.1670423,311.75585834000003
16719,,,,,
9909,,,,,
9762,,,,,
3803,309.8469831820142,0.7976470001440013,308.30365814,311.44823654,309.83834912
3906,,,,,
3035,,,,,
2881,,,,,
13449,319.9024712467754,1.2669773350270397,317.21443628,323.41814258,319.9180901
6158,319.434186725278,1.9719970137546357,315.33452528,322.42691678,319.66857464
4165,,,,,
5177,,,,,
9487,,,,,
1557,,,,,
8957,,,,,
16299,311.3511589976416,0.5140751527872929,310.43992063999997,312.42579026,311.29100761999996
19564,,,,,
7111,,,,,
11317,311.0377335835927,0.5254618047654724,309.53756336000004,311.79687458,311.1337787
3589,,,,,
10364,317.8834520550651,0.6347266279205133,316.37018534000003,319.21397798,318.06806403152086
6786,318.3416741688962,1.4765978619547708,314.7397898,320.97425827999996,318.40390723999997
10656,,,,,
3754,,,,,
1999,,,,,
9875,317.60924185616494,1.423934687325764,314.48002027999996,320.44446518,317.91513038
12808,316.52270135906764,0.9425998928726533,313.30422139999996,318.67734884000004,316.696264448
11967,312.9415912857808,1.0684562689190902,311.00731196000004,315.29009102,312.64454354
18980,,,,,
17354,,,,,
7705,,,,,
11144,319.27034014606596,1.9757413544622622,314.7397898,322.69010432,319.19688787999996
18775,,,,,
4858,314.88567789999064,0.9408709042598102,312.27539737999996,316.55475842,314.87651059999996
15807,,,,,
16351,,,,,
9723,310.10145357735547,0.8378996543782025,308.23529773999996,311.54052307999996,310.19211419
2716,321.4486242567018,3.377542502538403,317.78524561999996,331.66240682,320.0814850336269
3398,316.40030525488504,0.6517773171163629,315.6968354,318.21591614,316.19928433999996
14439,,,,,
4602,318.8555146028125,1.8893290230965154,313.99124342,322.58756372,318.94851176
14523,315.86912236300395,0.5408581534138668,313.84426856,316.61970080000003,315.87799046
11704,310.90463787618273,0.7156367551532641,309.7153004,312.1933649,310.89109928
4659,,,,,
15895,,,,,
2092,,,,,
15863,319.9195073173884,1.3859130206496568,317.34090302,323.34978218000003,319.7813693
10531,312.7160817713502,1.2174332637759437,309.53756336000004,313.99807946,313.2010176020895
15865,310.2620584712171,1.0695086989776315,308.35492844,311.77636645999996,310.22458538
3391,,,,,
13895,,,,,
6206,,,,,
19548,,,,,
12709,309.6085573857281,1.9029366826992606,306.18790376,313.22560694000003,309.21171212
8945,,,,,
6222,,,,,
7079,,,,,
17507,,,,,
12623,321.74046396748986,1.161511019572564,319.08409322,323.73601844,321.63735416
10533,,,,,
18502,,,,,
10086,314.8275183744798,0.8501589692925702,312.23779916,316.62311882,314.88334664
9343,310.41152691552253,0.3675220612143771,309.88961942000003,311.09276246,310.42283054
11626,,,,,
12219,,,,,
3669,312.65149017504734,0.6181499106950227,310.74754243999996,313.23244298,312.80177246
9753,,,,,
16158,309.2060160844672,0.5238395006251749,308.27631398,310.15964299999996,309.27779383999996
9572,,,,,
12272,310.1913305003314,0.5908988739958051,308.14642921999996,310.75437848,310.36814222
12540,,,,,
18508,,,,,
16989,318.59144981573434,2.325129361932058,315.7651958,324.86054702,317.7305573
19422,,,,,
18682,,,,,
14383,312.84209544830617,1.1438211821697504,310.6210757,315.63189302,312.99318158
222,309.29385409224966,0.3297828256277882,308.6386241,309.95797982,309.28804790000004
11264,,,,,
16423,,,,,
7928,,,,,
18660,,,,,
850,,,,,
129,,,,,
9392,,,,,
10365,,,,,
19118,,,,,
9998,,,,,
6532,,,,,
16974,,,,,
15583,,,,,
13365,,,,,
634,,,,,
4874,318.7328249969431,2.2364341399608385,313.05812396,321.49721534,319.19176085000004
11101,313.67471870769907,1.3221733311479804,311.03465612,316.18561225999997,314.10660159500003
12055,307.9992710761653,0.3071374324831626,307.35344857999996,308.53950152,307.90716782
6394,,,,,
15416,,,,,
18324,311.0874204823505,1.3623854270974036,309.988742,313.62209726000003,310.95262363999996
14477,,,,,
2300,,,,,
8984,,,,,
9683,,,,,
16273,,,,,
13076,,,,,
207,,,,,
14491,317.77621655957796,1.116491766088399,316.0557275,320.1915317,317.57332838
16240,,,,,
8938,,,,,
3098,,,,,
3367,,,,,
6922,,,,,
2058,,,,,
6947,,,,,
8016,,,,,
14040,316.1023641112011,0.9178263389860454,314.5347086,318.07577732,316.13599135337205
4466,309.24235731462323,0.5514975122472492,308.17719139999997,310.47410084,309.31881008
7494,,,,,
3177,,,,,
19438,,,,,
4715,,,,,
18954,,,,,
7891,311.5483376751019,0.9499724473618227,309.68795623999995,313.7656541,311.45336356999996
3316,312.8289304550985,2.0111271171224177,308.06097872,315.43022984000004,313.09572218
14540,,,,,
206,,,,,
13592,,,,,
18870,,,,,
2422,,,,,
9636,,,,,
7603,,,,,
569,,,,,
2147,,,,,
6660,318.283271995155,0.5903731922347611,317.38533728,319.26183026,318.09286742
11800,313.18393371662523,0.6643106031916641,312.12158648,314.81498624,313.15211951000003
12077,,,,,
722,,,,,
13300,,,,,
15520,,,,,
14400,,,,,
19687,,,,,
8065,,,,,
12406,318.07652462137634,0.7931013034013275,316.51716020000003,319.77795128,318.06894128
2317,,,,,
18006,,,,,
17907,312.60936467945436,1.1218176483135582,310.55955134,314.0561858,312.86329681999996
15698,,,,,
11870,,,,,
7896,,,,,
1804,,,,,
6018,,,,,
10221,,,,,
6496,312.85916032456765,2.1050439129022203,307.77044702,316.73249546,313.20965617999997
5482,307.2751132357075,2.0913668782892816,303.88415828,311.97802964,307.16890241354326
19186,,,,,
6180,313.26468291007586,1.1770227644366333,311.62255556,315.68999936,313.02565276999997
7324,319.6313430458626,1.6426597838728516,316.23346454,322.61490788000003,319.6446485
2569,318.3768749271625,3.440249081651123,310.06735646,323.0797586,319.12510946
18418,,,,,
1386,,,,,
4926,,,,,
19609,,,,,
10649,,,,,
13085,,,,,
853,,,,,
3387,,,,,
8432,313.4409422,0.0,313.4409422,313.4409422,313.4409422
13329,,,,,
14377,,,,,
3495,,,,,
6798,320.9461306390003,1.0175306321583488,318.71152903999996,322.99089008,320.91615194
5017,,,,,
18586,,,,,
7235,313.42372513061974,0.9645657723463359,310.27585568,314.9961413,313.5434828
13891,,,,,
14449,312.15883444176546,4.099258967351992,307.84906148,321.90054169999996,310.19724122
9230,,,,,
3945,,,,,
19708,305.2179393403317,0.3883147521635867,304.51991,305.64102056,305.3573249
11530,,,,,
5508,,,,,
16438,,,,,
4138,,,,,
4754,,,,,
15474,,,,,
5238,,,,,
5879,310.39164321407895,0.6598606421967714,309.39742454,311.77978448,310.25534756
810,,,,,
15534,316.22899996047863,0.8735358639553069,314.46976622,317.61434462,316.40778356
3815,,,,,
17938,,,,,
10231,,,,,
11553,,,,,
10791,,,,,
4569,319.9885452968154,1.063277414098098,318.12704762,321.84243535999997,319.72220060243245
17247,313.43142021355146,0.9769566309085961,311.05858226,315.52251637999996,313.4535492447826
10858,,,,,
11436,,,,,
15986,,,,,
8111,,,,,
17037,,,,,
16439,,,,,
9684,,,,,
16269,,,,,
1257,,,,,
18944,,,,,
8890,,,,,
14436,,,,,
5085,318.76357025247313,1.8996570649063926,312.2959055,322.43375282,319.10801935999996
18075,,,,,
7381,309.76463040392184,0.6871993871242602,308.09857694,311.19872108,309.56490752
8861,,,,,
10737,314.67580108400244,0.5459661887095698,313.2871313,315.66949123999996,314.83549436
15551,,,,,
13153,,,,,
18134,,,,,
2444,,,,,
17468,,,,,
9997,309.90504993509643,0.9446015377489491,306.43058318,311.01072998,309.88961942000003
3894,,,,,
3843,314.4421753635772,1.7403633293909186,310.7236163,316.96492082,314.84916644
5263,315.4074647203542,1.366202080486504,311.5781213,317.337485,315.7310156
13651,,,,,
18878,,,,,
15503,,,,,
4718,,,,,
15380,319.0979138990851,1.9778876056522467,314.98930526000004,323.51384714,318.69990777199996
9162,,,,,
9110,,,,,
5601,310.0411622360227,1.3314563579959406,306.66984458,312.59327324000003,310.31687192
7196,,,,,
5834,,,,,
19383,319.19246643102656,1.454799331524384,316.0557275,322.36881044,319.2686813573569
3950,,,,,
10352,,,,,
15629,,,,,
3013,314.69310450022397,2.601147453293701,309.35982632,319.59337819999996,315.17387834
14781,311.1391574087871,1.0051227558373577,309.134237,313.28029526,311.16454088
8462,,,,,
18126,314.89254748906046,1.119735461135761,311.25682742000004,317.88095018,314.9119277280085
15267,312.18304439600706,2.3233111105813538,308.85737738,316.54108634,312.64967057
2618,,,,,
18753,,,,,
17435,,,,,
8980,,,,,
19465,,,,,
4363,,,,,
4488,,,,,
7356,,,,,
8710,,,,,
11170,,,,,
16651,,,,,
734,,,,,
4161,,,,,
14552,,,,,
6148,,,,,
10330,295.84155722,0.0,295.84155722,295.84155722,295.84155722
14492,,,,,
17599,311.2760642977989,1.986220158123059,306.85441765999997,314.21683274,311.7282811331818
15696,311.24656950412384,1.0246796269792595,307.33635848,313.50930259999996,311.38876442213393
18141,312.262591697251,3.2843277494031797,305.53847996,318.76963537999995,312.73341206
7517,,,,,
13027,,,,,
14052,313.7527825018691,1.2439895509405596,311.34227792,315.94976887999997,313.94339114
1980,,,,,
12685,,,,,
12604,,,,,
8978,,,,,
10946,,,,,
13960,,,,,
13131,311.26808765038965,1.317175273616505,307.55511176,313.42043408,311.40038426
14178,,,,,
7653,,,,,
3757,,,,,
941,,,,,
11488,311.6695564901282,4.324654189279502,304.39686128,318.45517754,313.17091862
18240,,,,,
8349,,,,,
2052,310.92666220798094,1.5881343826344307,307.45257116,313.88870282,310.82957492
12530,,,,,
14122,,,,,
15637,,,,,
9564,,,,,
11130,,,,,
17788,,,,,
16665,316.8443847344461,1.4969684469851046,313.3384016,319.2003059,317.25545252
16747,316.05093440711295,0.7197378838549148,314.18265254,317.8330979,315.8506463
11631,,,,,
8291,316.95591329887844,1.9062716906289314,311.23290127999996,320.18811368,317.07771548
16873,,,,,
8704,,,,,
16670,311.652463235,0.3379813030438267,311.19872108,312.14893064,311.63110061
7800,,,,,
14087,,,,,
15664,,,,,
5038,320.66953021076296,1.2521816170319924,318.62949656,323.4215606,320.63758330999997
15402,,,,,
341,317.56904497784893,3.0599473922837195,308.93940985999996,321.99624626,318.78159845
583,,,,,
9484,,,,,
11012,,,,,
9623,,,,,
11152,314.5677321470762,1.0252860930409027,312.24121718000004,316.3975295,314.82182228
13180,,,,,
7495,,,,,
9167,,,,,
17183,,,,,
11230,314.1891716728798,1.512937281787734,310.65012887,316.71198734,314.39491404100715
2772,,,,,
11093,,,,,
6155,,,,,
16837,,,,,
17253,,,,,
15516,,,,,
12624,,,,,
4337,,,,,
8278,,,,,
11146,313.9446523169364,0.8819275855074208,312.7915184,316.07965364,313.8681947
13271,,,,,
13735,,,,,
8941,316.40238724554104,1.3327673552437749,313.26320516,319.14219956,316.37360336
6960,310.04061148077375,1.4730022711162447,307.16203945999996,314.42874998,309.99216002000003
14829,,,,,
18869,316.5149516036158,2.5575834390226597,309.39400652,318.69785695999997,317.58358244
17069,,,,,
2193,315.1869646660803,0.7802214770990524,312.93165722000003,316.90681448,315.17729636
13320,315.01329737585934,1.3325947691840547,312.49073264000003,318.16464584,314.45374000701986
6622,,,,,
5297,,,,,
2367,310.92526948091654,0.6117428290489563,309.94430774,312.01562786,311.07909038
5510,,,,,
17800,,,,,
774,,,,,
15529,,,,,
17357,,,,,
7078,,,,,
14761,,,,,
710,,,,,
359,310.29102846054883,0.37615209157439,309.89645545999997,311.03465612,310.23825746
14684,,,,,
10440,319.4092234786397,1.7485286141728225,315.71734352,323.46941288,319.7308732021205
17228,,,,,
11275,,,,,
12561,,,,,
10856,315.8769984247636,0.5724730214302916,313.62893329999997,316.95466676,315.85207182492894
8866,,,,,
3842,315.63278036387845,1.8260985345541836,311.05516423999995,318.07919533999996,315.92755174999996
13303,310.915320385115,0.31742274128565406,310.42966658,311.6806619,310.96971374
175,,,,,
6305,,,,,
76,,,,,
928,,,,,
4222,,,,,
18996,310.3135803626779,0.7047510435512477,308.75996381,311.94043142,310.289538576519
16104,,,,,
6707,,,,,
16725,,,,,
577,314.11281529390595,1.585963551015672,309.94772576,317.15632994,314.14163629999996
7485,,,,,
18029,312.9430285698667,1.6783068541707638,308.6728043,314.92436288,313.41359804
17698,314.5272131703103,1.6241417542413847,310.19040517999997,315.93267878,315.09526388
5158,,,,,
6431,314.0980796094624,1.1790932811390056,311.73876824,316.81452794,314.13366092
7240,,,,,
4307,311.5096592005714,0.45266155372313255,310.65012887,312.94874732,311.44583157171087
10734,,,,,
7143,311.88189966761144,0.6433435011392086,310.12888082,313.79299826,311.83593967100614
12922,,,,,
4126,,,,,
11123,,,,,
684,,,,,
3602,,,,,
15010,316.54698250691087,2.9579827148434443,309.97848794000004,319.54552592,318.02588612617086
1021,315.8932447428265,0.5038318828247633,314.40482384,316.71198734,315.91670942543027
9760,,,,,
18153,315.8711281250718,0.8257056741308425,314.36722562,318.15439177999997,315.80450303
11887,,,,,
14243,314.4989424754109,1.0576289899424178,312.26514332,316.65388099999996,314.67892983264636
8414,,,,,
9680,309.4589489,0.0,309.4589489,309.4589489,309.4589489
1600,,,,,
19474,,,,,
10186,,,,,
9114,319.414878374966,1.5603296874444252,315.76177778,322.43375282,318.9952247
19095,315.5310059025993,0.03930723037336538,315.51568034,315.5942948,315.51568034
2233,,,,,
5019,,,,,
10577,,,,,
13987,,,,,
8445,,,,,
10218,,,,,
16313,,,,,
4319,312.36818882833217,0.9077162632074618,310.4672648,313.45119625999996,312.56251106
153,,,,,
11373,,,,,
3731,,,,,
15048,,,,,
12990,,,,,
18400,,,,,
6801,,,,,
5108,,,,,
17138,,,,,
9682,,,,,
6769,316.3458427122865,1.3851509827368274,313.34523764,318.86533994,316.53766831999997
14002,311.98889675690026,0.8761540626520825,310.97313176,314.47318424,311.71142408000003
17967,,,,,
11158,,,,,
12036,313.6002920982883,1.101521657311388,311.57128525999997,316.44538178,313.55715488
7178,,,,,
17351,312.58388898222285,1.0854613089540144,310.11520873999996,314.62699513999996,312.41895422
1109,,,,,
5258,,,,,
4491,314.5855447652619,1.435150059401968,311.22264722,317.04011726,314.5729925669593
9955,,,,,
11429,310.1254181121996,0.7524616030642797,308.66255024,312.06006212,310.22800340000003
16414,,,,,
12516,,,,,
8696,317.2036509625224,1.356603277444442,312.6206174,319.14219956,317.48218118
16610,,,,,
108,310.51679925070886,0.917054097008842,308.24896981999996,311.60204744,310.66892798000003
7300,,,,,
3576,315.56064293111507,0.9010552775113199,313.77590816,316.1582681,315.85748234
11100,,,,,
8555,,,,,
5217,310.12169573425933,1.5863990637009469,305.23427618,312.33521273,310.29294577999997
11524,,,,,
13155,,,,,
9218,,,,,
17311,,,,,
8892,316.8920210259396,0.9410905470281237,314.94487100000003,319.28233838,316.94399730672166
16910,315.806619815422,2.4223280392678053,310.6210757,319.22423204,316.18561225999997
9318,315.2187818679128,0.8038050801785008,313.54690082,317.46053372,315.30376309999997
9115,310.564138457915,0.20730815966776223,310.24167548,310.93553354,310.5698054
8934,318.4378461667423,0.9061210193117213,316.56159446000004,319.74035305999996,318.46030457
19468,,,,,
10031,,,,,
7493,,,,,
14588,,,,,
9027,305.2443039725756,1.2759346777941476,301.33773338000003,307.14153134000003,305.20929230137835
12965,,,,,
16990,315.26348667996353,1.2008774895881964,311.10301652,317.0298632,315.50884429999996
7624,311.0539288110843,0.7995975461193643,309.92721764,311.8857431,310.89109928
2657,,,,,
10776,,,,,
12691,,,,,
18656,,,,,
10792,,,,,
7581,,,,,
10876,,,,,
11513,,,,,
871,,,,,
14096,,,,,
16156,308.0941020115115,1.1349960227629228,306.4681814,310.31003588,307.86615158
19478,310.0649181272611,0.21811741113590624,309.80758693999996,310.33738003999997,310.13229884
7731,316.3439063979773,1.2577900062646632,312.26172529999997,318.13730168,316.54279535
16094,,,,,
11716,306.36789517959085,1.1992833468837687,304.2122882,308.4677231,306.35461249237574
18735,,,,,
782,,,,,
3169,308.8186469969729,0.972184244112573,306.59806616000003,311.14574177000003,309.0124700375
15812,,,,,
11474,,,,,
3106,,,,,
10274,312.7043044072431,0.5374715480360174,311.10643454,314.18265254,312.7708256501108
1544,,,,,
5111,306.9771919564441,1.0733942257895472,304.76429843,309.42476869999996,307.0253079452038
10823,,,,,
1913,,,,,
1854,,,,,
5936,310.4303938182979,2.0110376101848657,307.55511176,314.35013552,309.75631664
4226,,,,,
16604,,,,,
15343,,,,,
13699,,,,,
15708,,,,,
16267,,,,,
10961,,,,,
3558,,,,,
4417,,,,,
1778,,,,,
13226,,,,,
7521,311.12632120181814,0.8458223934054855,309.99557804,312.40186412,311.13719672
6359,,,,,
8413,,,,,
5454,316.93759640085125,0.6917688381704421,314.08694798,317.94589256,316.99226498
17327,308.5320296363739,0.9692606031636395,306.50577962,311.12694266,308.64204212
5836,,,,,
13100,,,,,
12367,,,,,
2797,,,,,
14848,309.5416694638513,1.4871731455581492,307.12444124,312.3129956,310.04600139699113
10910,,,,,
2252,,,,,
17509,,,,,
13851,,,,,
11653,,,,,
16335,,,,,
4654,,,,,
3703,,,,,
15257,310.9525329451653,1.2474964516829306,307.74993889999996,313.29396734,311.14289342
12525,309.7961336221799,1.4296824155844763,307.26116204,313.33156556,309.41907199999997
13934,307.47307928,0.0,307.47307928,307.47307928,307.47307928
8027,,,,,
1590,,,,,
19483,,,,,
11789,,,,,
14587,,,,,
11879,304.83283767988377,1.2331371362664372,303.07750555999996,306.90568796,304.96767062000004
10730,,,,,
6360,,,,,
16868,,,,,
12657,,,,,
16619,,,,,
1657,311.67585370631497,1.241860562204033,309.72213644,313.97757134,311.72851418
17934,,,,,
3163,,,,,
17216,,,,,
6108,,,,,
6351,,,,,
12361,309.3653417373632,2.9605365150271203,305.05995715999995,314.25784898,308.963336
18688,319.6988383142722,2.4150120999699793,312.69923186,323.44548674,319.47032948000003
13128,,,,,
18818,,,,,
5784,313.93557154316966,1.0628159721413128,311.87890705999996,316.03521938,314.16556244000003
4815,,,,,
19484,317.55806615072174,1.5248909486691657,312.49073264000003,319.65832058,318.04143132052235
1972,,,,,
5500,,,,,
1841,,,,,
1740,,,,,
17001,317.9886510729332,0.5197978866901023,316.14801404,319.04307698,317.97665473999996
12302,,,,,
6659,311.46811800628916,0.3691057665421008,310.99022186,312.18652886,311.53368704
19063,,,,,
14462,311.5895147,0.4381321562999639,311.07909038,312.14893064,311.54052307999996
13394,,,,,
16196,,,,,
11217,311.2886030493124,1.553776727462135,307.29534223999997,314.05276777999995,311.70629705
16845,317.20584194324493,1.8336152275918354,313.65285944,321.23060978,316.99397399
2441,,,,,
18016,,,,,
4698,,,,,
5589,306.81681944,1.0521240766536097,305.87686394,308.66255024,306.12979742
18371,,,,,
19218,,,,,
14754,316.0243429995467,1.0277550498219894,313.4409422,317.48787788,316.20270236
15032,312.66505166,0.0,312.66505166,312.66505166,312.66505166
6669,,,,,
10179,,,,,
9775,,,,,
15462,,,,,
14058,,,,,
15868,,,,,
7228,,,,,
17876,,,,,
508,,,,,
10731,,,,,
3325,,,,,
12436,,,,,
13572,309.82584438165327,0.8722666519222132,308.7411647,312.03613598,309.64352198
6448,,,,,
10183,,,,,
15043,,,,,
16574,316.0798334942719,1.779074871576491,313.18800871999997,318.98838866,316.43512771999997
14624,317.62440773393513,0.5948119063432458,316.66071704,319.56603404,317.55623827999995
6525,311.666558864283,0.9355880492341903,309.18208928,313.3554917,311.77636645999996
6412,,,,,
954,,,,,
2596,,,,,
16869,,,,,
15151,,,,,
11040,,,,,
10438,318.0341942576381,1.905292332462284,312.63428948,320.67689054,318.3201047139285
11697,311.8811803380948,0.5917463360574841,310.2792737,312.90431306,311.9605392500364
16387,308.61206631129255,0.8995564030451343,306.02042078,310.09811864,308.68989439999996
7020,,,,,
2296,,,,,
919,,,,,
2126,,,,,
1302,313.3130307879299,1.1613792681384771,310.57664144,315.01664942,313.69900270999995
17141,315.65746031006705,2.0770647137541887,312.44629838000003,319.95568832000004,315.10893596
3739,,,,,
12508,,,,,
8519,313.0453585685116,1.2834585968742576,309.96823387999996,315.58745876,312.8341292392887
2093,,,,,
16337,312.659991600134,1.5228462589335576,309.72213644,315.13628012000004,312.63428948
3067,,,,,
17189,,,,,
15306,,,,,
2184,,,,,
5340,,,,,
33,308.3700292284763,0.7966464098655403,307.46966126,311.19530306,308.18744546
6195,,,,,
12370,310.41941252000004,0.0,310.41941252000004,310.41941252000004,310.41941252000004
14760,,,,,
9809,320.0936730997815,2.2550685540085587,316.20612038,325.67061776,319.7867832440876
2128,,,,,
16866,,,,,
16268,321.749559307382,1.499547168463778,319.39855106,325.29805358,321.26137196
8672,,,,,
6587,319.62299415870535,1.729055424599032,314.70902762000003,322.1568932,320.38410570573984
593,,,,,
11288,,,,,
14242,,,,,
17577,,,,,
12957,,,,,
7375,310.3295266455669,1.0250533640151323,307.46282522,311.68407992,310.75437848
8192,,,,,
5897,,,,,
7997,,,,,
14499,,,,,
23,313.0174493838343,1.0409828873911164,310.16647904,314.58939692,313.20282014
13539,,,,,
4579,315.139012921757,1.3345091912245264,311.4755807,317.47762381999996,315.23198468
15334,320.6901310712255,1.1666925286612513,316.78376576,322.49185916,320.7390005305819
6014,,,,,
17887,,,,,
16277,313.3727408348252,0.5296424000722061,312.0737342,314.0732759,313.40334398
19110,,,,,
5687,312.837968350915,0.7792425820333105,310.52195312000003,313.90579291999995,313.01198069
3802,,,,,
2895,311.41389966357053,0.5242811431672211,310.58689549999997,312.64796156,311.39354821999996
18194,,,,,
14928,,,,,
17263,312.5618805688067,0.8855529541424946,310.48093688,313.77590816,312.76075621999996
6170,,,,,
14113,310.6995990546875,0.18641243600292207,310.41941252000004,310.89109928,310.61423966
2844,,,,,
7929,,,,,
16479,,,,,
18747,316.5879441487277,0.8372241260222459,314.75346188000003,318.88584806,316.65046298
5183,314.779628497278,1.543675339513069,312.42579026,318.01767098,314.73124475
19391,310.129646669586,0.36629663075483554,309.46236692,310.78172264,310.05026636
12674,307.5663315763435,0.9106416125544802,306.76896716,309.03511442,307.08342500000003
14865,,,,,
13151,,,,,
5980,,,,,
10653,315.83886664506224,1.0493497621021357,314.38773374,318.86192192,315.59771281999997
13754,,,,,
9294,,,,,
18798,,,,,
1696,,,,,
11263,,,,,
12123,,,,,
799,,,,,
9814,312.1033699870454,0.02691351657012924,312.05664409999997,312.11816846,312.11816846
11067,311.9683414788274,1.2711604257205913,309.31539206,315.13628012000004,311.91650528
10161,,,,,
10303,,,,,
10567,,,,,
11241,308.7075357935484,0.44786098214728864,308.18402744,309.31539206,308.98384411999996
17686,,,,,
16312,314.51646961529894,0.8251709619146331,312.09424232000003,315.75835975999996,314.6543393
11027,,,,,
19481,,,,,
19237,,,,,
4164,314.9844664721172,1.8622655608275673,311.5952114,317.34090302,315.39263162
18403,,,,,
8374,,,,,
16456,,,,,
9440,316.56186384270103,0.7965903743422164,314.20657868,318.11337554,316.72736843
8210,,,,,
11299,,,,,
8205,320.3190307674075,0.6474276653240356,318.16122782,321.33656840000003,320.40003092
12478,,,,,
9819,,,,,
6606,,,,,
10924,,,,,
13759,,,,,
5894,,,,,
3750,,,,,
16061,,,,,
17029,310.381431081585,0.7488547592517324,309.29830196,311.8173827,310.31516291
7416,,,,,
10055,315.8693796850369,0.7705678180339206,313.79641628,317.18709212,316.0557275
15742,,,,,
8460,,,,,
6827,,,,,
16658,,,,,
2152,,,,,
15741,314.83790080413866,1.428131203904789,312.03613598,317.3203949,314.73637178
12136,315.69174586140684,1.5266488267309672,312.48731462,318.35605496,315.58062272
9120,311.2920988644863,0.9734954274051245,308.90522966000003,313.2529511,311.3229806115129
14447,,,,,
17666,310.8004403512286,0.5492710745684914,309.77340674,312.0224639,310.77830462
16661,,,,,
9616,309.8349311,0.0,309.8349311,309.8349311,309.8349311
10659,,,,,
5993,,,,,
11048,,,,,
7311,,,,,
9790,321.1807727057461,2.104511551468437,315.4233938,323.8659032,321.76040288
18292,,,,,
19682,,,,,
4614,,,,,
7180,,,,,
6273,,,,,
18177,,,,,
909,,,,,
4649,,,,,
6835,,,,,
15928,,,,,
18520,314.46805213918975,1.1673111918470438,310.3818143,316.72565942,314.60477801
14195,,,,,
16246,312.86751844120727,0.6197974673882878,312.0908243,314.20657868,312.62403542
10814,,,,,
17179,313.70259163099985,1.0498326325419995,311.71826011999997,315.50884429999996,313.88186678
18826,317.45135006319543,2.052373066910877,313.48879448,322.71403046,317.2311568643243
14749,,,,,
14022,,,,,
16403,,,,,
7056,312.5956923344568,0.7250471006914987,311.4584906,315.01664942,312.44743772
18180,,,,,
15857,,,,,
7663,,,,,
10023,316.41731553625567,1.679918042141302,313.55715488,319.68566474,316.5216592288027
13247,,,,,
5548,,,,,
5739,,,,,
14715,,,,,
5636,316.71406846062143,1.453565446422512,313.0820501,319.52843582,317.23277093609494
19532,,,,,
13248,312.84579811789433,0.39770140916471836,312.15234866000003,313.40334398,312.90431306
10410,,,,,
8275,,,,,
11075,311.9591466796037,0.841708833490009,309.64010396000003,313.87503074,311.9199233
13844,,,,,
15507,,,,,
2395,315.24675733726207,0.6256012317199839,313.82376044,316.31549702,315.29009102
4566,315.6617869315907,1.2572503051586637,312.22070906,317.73397532,315.92110093766394
18390,311.9734668690008,1.1814819051863157,309.55465346,313.87503074,312.16602074
1118,,,,,
6098,,,,,
9932,,,,,
3476,,,,,
13102,,,,,
17143,309.09837963490685,0.773387923781216,307.596128,310.25192954,309.2538677
8789,311.7341647732911,0.5779870723902676,309.94430774,313.0820501,311.79345656
14173,311.46386082676577,1.2401865781677248,309.9032915,313.56399092000004,311.49950684
3867,311.1813202509091,0.1555199100339767,310.88768126,311.19872108,311.19872108
19547,,,,,
3378,313.414502249618,1.181471301212107,310.7577965,316.41803762,313.39249046333333
2242,315.55339409930565,1.1622012797679269,312.63428948,317.27254261999997,315.83671338540535
16991,,,,,
12133,,,,,
2506,,,,,
14030,,,,,
11734,,,,,
1210,301.95378433031004,2.881838634645584,296.10474476,308.25922388000004,301.17381481564234
3798,,,,,
8717,306.2466517283158,0.8746511648664829,305.02235894,308.47455914,306.38273089999996
4011,311.88352589003756,2.525456922610175,307.29876026,316.11041581999996,312.40699114999995
14790,,,,,
6088,,,,,
2612,,,,,
11494,,,,,
2888,312.62884930410564,1.737401732858232,309.05562254,315.94976887999997,312.35059382
9630,312.57467076094446,1.7071835096610026,310.09470062,315.58062272,312.61378135999996
16080,,,,,
2070,,,,,
10019,314.4275120311907,2.1612059646650237,310.7407064,319.98986851999996,313.7998343
13700,,,,,
14641,312.7588730856654,1.5610566240934276,309.06929462,315.01664942,313.1002676097382
3191,310.41838106799923,2.049981253678135,307.51409551999996,315.46441003999996,309.70504633999997
7168,,,,,
8857,,,,,
6110,,,,,
15205,317.27797484180627,1.21712775511024,314.2783571,319.90441802,316.98713795
12326,,,,,
2255,,,,,
19287,313.35233713923236,1.9122856928083527,309.25044968,315.94976887999997,313.7075145753398
8412,314.15946096822984,1.099780304160113,309.5785796,315.36186943999996,314.37064364
15300,,,,,
738,,,,,
10255,,,,,
12578,310.72304708454124,2.1154477504946607,305.89395404,313.97757134,311.21581118
10123,313.20543704826736,1.8299068465538804,309.53072732,316.89997844,313.4580323
7388,,,,,
10836,,,,,
7704,,,,,
6542,,,,,
16693,313.25851922177446,1.4247040948079777,308.83686925999996,316.31549702,313.50994674702366
14295,,,,,
3117,,,,,
1658,306.291145777785,0.7889089860475755,305.60000432,307.60638206,305.82559363999997
4736,,,,,
5399,,,,,
6507,316.17933097717275,0.041016240200469824,316.15485007999996,316.23688256,316.15485007999996
3158,,,,,
5172,,,,,
7030,316.48682741949756,1.0471105633419207,312.95558336,317.15291192,316.64704496
19434,,,,,
3625,309.2023385731424,1.4984170259168348,307.26116204,312.6035273,308.621534
4868,,,,,
1277,313.09610212383944,0.550440194384515,311.9541035,313.84085054,313.26320516
4091,314.57416455349744,1.00300427801777,312.60010927999997,316.41461960000004,314.44320787488743
6802,,,,,
11375,,,,,
15651,,,,,
17100,,,,,
4284,319.0162305950939,1.606995737343776,315.53618846,322.18423736,318.91661024
17394,,,,,
17622,310.96285397488236,2.140936557339073,307.15862144,314.4150779,311.5952114
7415,,,,,
5825,,,,,
6260,,,,,
19632,,,,,
14212,,,,,
8076,,,,,
5622,,,,,
649,,,,,
15335,,,,,
1973,310.19003899570424,1.3391434933636712,308.108831,314.54838068000004,310.08444656
2893,,,,,
5812,,,,,
5199,315.98621000236864,1.4017623507787815,311.07909038,317.4742058,316.44196376
5242,,,,,
14834,,,,,
10027,,,,,
15251,,,,,
14840,314.0118683428418,0.5487187887439037,313.18117268000003,314.3979878,314.35697156000003
5806,,,,,
4609,,,,,
6369,,,,,
10050,,,,,
6318,,,,,
1459,,,,,
1261,,,,,
8666,,,,,
13470,,,,,
8570,,,,,
7925,,,,,
4808,,,,,
1512,,,,,
10578,,,,,
6156,,,,,
11578,,,,,
18262,,,,,
11897,312.51356738607086,0.45980432965413787,311.60204744,313.62893329999997,312.50782274
11636,313.74882612006235,0.6100401413411688,312.54542096,315.40972172,313.57310564
551,,,,,
18646,,,,,
18353,,,,,
1683,,,,,
16773,,,,,
18615,,,,,
18638,,,,,
15132,,,,,
13252,,,,,
625,,,,,
14157,,,,,
18326,,,,,
18015,,,,,
16372,318.12007989981487,0.8311953425858614,316.3291691,320.44104716,318.2349593942857
15989,,,,,
1982,,,,,
19669,323.1048862141718,0.9010025353527097,320.6187842,324.72382622,323.07206805500005
4185,,,,,
8674,,,,,
17821,,,,,
15228,,,,,
19181,,,,,
17146,314.10154736617875,1.5379263076171539,311.17479493999997,316.5342503,314.07669392
8060,314.3335567773229,0.9249510518127844,313.66653152000004,316.42487366,314.20999670000003
185,,,,,
15011,317.86739055728816,0.7445668405321977,316.30866098,318.71836508,318.23300624
5813,320.13401735709317,0.379576674032455,319.3199366,321.06654482,320.0889911
15792,317.7906112991505,1.0517303392473552,316.02496532,320.59827608,317.52718511
19087,,,,,
5432,,,,,
8186,,,,,
7674,314.5970164030722,1.0096952993127866,311.76269437999997,316.29157088,314.77055198
13187,311.90253655409833,0.8178733300437194,309.88278338,313.98098935999997,312.13525856
6133,,,,,
13408,,,,,
19466,,,,,
5747,,,,,
13653,,,,,
4289,,,,,
18942,,,,,
690,316.56511378316264,1.0210865003368887,314.47660226,317.88095018,316.83845408
5945,,,,,
10035,314.0656481646781,0.884093963220764,312.73341206,317.19734617999995,314.10973478
18519,308.8649867379538,0.8378110563926509,307.08342500000003,310.03659428000003,309.05562254
7970,310.37093623798603,0.41973285376540365,309.22652354,310.91844344000003,310.54587926
11790,311.3137814020454,2.413871716879733,306.88859786,316.24713662,312.20703698
4442,,,,,
14516,,,,,
19654,310.2963777140228,0.7990694698302991,307.92083990000003,311.7148421,310.3820017238961
147,,,,,
15969,,,,,
19455,315.2764029653156,0.9303400123305161,313.20509882,316.92048656,315.19780448
11304,,,,,
12038,,,,,
14960,,,,,
2774,,,,,
3311,,,,,
14266,,,,,
6806,,,,,
13679,311.3845651825126,0.11124001099984175,311.26366346,311.5610312,311.35595
767,,,,,
10965,,,,,
4559,,,,,
18759,312.14594075952937,0.2733580593744621,311.6806619,312.55567501999997,312.16260272
18410,,,,,
15029,,,,,
1107,,,,,
16202,318.6890893488119,0.5069655733120393,318.01083494,319.60021424,318.5850623
7739,313.45059436544267,0.8609919255263182,311.40380228000004,315.1328621,313.62807180232403
908,,,,,
14459,,,,,
2202,315.8125992721167,0.5178820843301264,314.67142939999997,317.25203450000004,315.7115003663765
1531,,,,,
4782,309.15474512000003,0.0,309.15474512000003,309.15474512000003,309.15474512000003
7667,316.7158416788192,0.987416180529983,313.94339114,318.05185117999997,316.92276524
12924,317.4954133168317,1.0509440265639045,316.27106276,319.03624093999997,317.29988678
8563,,,,,
354,,,,,
13286,,,,,
3187,,,,,
5882,317.7627511712814,1.8807705122311764,312.32666768,320.69056262000004,317.90487631999997
2245,,,,,
2619,,,,,
4042,314.335210896232,2.0607526628572055,310.5698054,319.99328654,313.77419915
5891,,,,,
1670,309.30965069534,0.9505616047957853,306.92277806,311.25682742000004,309.29830196
8307,,,,,
3768,,,,,
1203,,,,,
7188,,,,,
15113,,,,,
10997,,,,,
4832,,,,,
3304,315.2041881397147,1.6649401142079483,311.92675934,318.41757931999996,315.67461827
12724,311.00815113844857,2.2926411562338354,308.20453555999995,318.15097376,310.16477003
6890,316.97052754398436,1.169171675000439,313.77590816,319.59337819999996,317.24359769823417
16906,,,,,
4516,,,,,
18178,,,,,
247,,,,,
7650,,,,,
1370,,,,,
7980,314.340636274552,1.3489920011525884,311.63622764,317.03669923999996,314.10062006
1501,,,,,
1730,,,,,
8782,,,,,
10865,,,,,
11162,,,,,
11136,,,,,
3383,,,,,
17204,309.17393755982727,0.5973213601756796,307.1346953,310.05026636,309.25215869
2412,,,,,
4567,,,,,
8785,,,,,
12149,,,,,
5728,,,,,
8554,,,,,
3040,,,,,
14651,,,,,
13785,,,,,
5988,,,,,
7057,310.24785824655294,0.34634337932774745,309.62984989999995,310.9799678,310.19724122
17832,,,,,
10428,,,,,
16607,,,,,
14658,,,,,
10066,,,,,
9655,,,,,
17540,,,,,
1376,,,,,
4219,,,,,
6477,,,,,
4974,,,,,
1974,,,,,
3554,,,,,
8547,,,,,
18990,,,,,
5563,,,,,
7061,,,,,
2047,,,,,
10693,313.34324428356774,0.34081344628317445,313.0136897,314.01516956,313.24611505999997
4689,,,,,
17280,312.83668650955497,3.3369897376002338,307.43889908,318.38339912000004,313.0820501
9042,315.9136331627817,1.6271532513641436,312.43262630000004,318.31503871999996,315.9873671
4716,310.2972060311066,0.8128650891217024,308.78901698,312.52149482,310.18698716
14414,,,,,
3710,313.8246831209941,1.650819879873389,311.20897514,317.81258978,313.68362162
3952,,,,,
19445,,,,,
9793,,,,,
1712,,,,,
10175,,,,,
3885,315.5683253834878,1.1457747032731835,313.78958023999996,318.08944940000003,315.43022984000004
11176,,,,,
7662,,,,,
7124,,,,,
6909,312.8573025273858,0.7653888014483244,311.23973732,314.64066721999995,312.81544454
5742,316.21014863848933,0.5765746983711864,314.84916644,317.36482916,316.1489873326905
12609,,,,,
16567,,,,,
14946,317.4882299848856,2.5278663275037485,310.8090668,321.68520644,317.49300490999997
4196,,,,,
2338,319.55910084256243,0.6822426708619566,317.6963771,321.14515928000003,319.55691932
11627,,,,,
7379,,,,,
19581,,,,,
13535,,,,,
11194,,,,,
19215,314.26048549618986,1.289856333683419,311.13036067999997,316.62311882,314.50907345
2763,,,,,
5804,,,,,
16137,,,,,
10817,314.307330091853,1.1147854197459568,312.15576668,316.26764474000004,314.5839853033304
3005,,,,,
2542,309.5600460957882,2.009576343003017,306.10245326,313.235861,309.85885724
5192,,,,,
18883,,,,,
13463,,,,,
9380,314.95116890882355,0.11993549215055639,314.8081502,315.10551794,314.89701872
2513,,,,,
10707,,,,,
11942,,,,,
5369,319.63567679815486,1.2174594879800795,317.2007642,321.91421377999995,319.58832252031806
3977,,,,,
6755,,,,,
5850,,,,,
5518,,,,,
7125,,,,,
13426,,,,,
10500,,,,,
7858,,,,,
1023,,,,,
9104,308.77005583829424,0.8842946717740937,307.44915314,310.55955134,309.1684172
3427,321.29201168657227,0.8331954341954896,319.80529544,324.17694301999995,321.28871612
3167,,,,,
13980,,,,,
19442,,,,,
6590,,,,,
8592,312.04297202,0.16892996906237853,311.81054666,312.20703698,312.11133242
7253,318.09826358217464,1.1646838097575387,314.77055198,319.91467208,318.1474457031388
14320,313.26221722943563,0.9958741221708605,310.86717314,315.25591082,313.2635862632753
11607,,,,,
9481,,,,,
1936,,,,,
8132,,,,,
4280,,,,,
4790,315.4455032201855,0.8831593663326034,313.9707353,316.75983962,315.31743517999996
610,310.0043008766898,1.7960221384558759,307.97894624,314.98930526000004,309.56747103500004
9466,,,,,
12641,,,,,
5814,309.0412635238469,2.358556656025918,306.38956694,313.88870282,308.18093129632285
6253,,,,,
11439,,,,,
15956,,,,,
1497,,,,,
3839,311.79789330704887,1.7482753270262192,308.70356648,315.1328621,312.0144688239627
3835,,,,,
1033,,,,,
11711,314.15343553957615,0.2948064254427974,313.63918736,314.57572484,314.14163629999996
11851,312.2820031214722,1.745682190365874,307.96527416000004,316.14801404,312.1598343394479
9408,311.5645177043342,1.781005511328795,307.03557272,315.43022984000004,311.22795676563106
14072,,,,,
12661,313.44915017253584,2.2004259324824034,308.41987082,316.91706854,313.83857186
16504,318.2414166452624,0.8634592641352947,315.22856665999996,319.33019065999997,318.45175952
19557,,,,,
1324,313.4683726277736,1.4300278259361139,310.29294577999997,315.0645017,313.77590816
17348,,,,,
12919,312.0996868319183,1.0082454474142484,308.66596826,313.39650794,312.30246723541933
2963,,,,,
9227,,,,,
9704,,,,,
707,317.70470125463953,1.8774866786188826,315.3379433,322.67301422,317.10278095999996
19584,,,,,
15485,,,,,
18351,,,,,
5964,,,,,
1548,,,,,
13098,313.47682794409724,0.8719904244114487,311.06200028,315.97711304,313.64089636999995
11959,310.2533294186003,2.314409024436777,304.57801634,313.93313708,310.64841986
4706,309.4373081291889,0.6243176007878264,308.23871576,310.89109928,309.35982632
8382,,,,,
15607,,,,,
17457,,,,,
9007,315.91842321906216,0.9809685052561532,312.9282392,317.42977154,316.01642026999997
9912,,,,,
9746,,,,,
4483,,,,,
11658,,,,,
6354,305.32330479825373,0.27943344235072654,304.75575338,305.63760254,305.41201322
1477,314.68058136696254,1.882407606958611,307.3055963,317.5425662,315.22584122191375
2831,,,,,
13166,,,,,
2079,319.63210482501427,0.6584389041259524,318.38681714,321.44936306,319.68053771
9262,,,,,
7347,,,,,
11003,,,,,
1,,,,,
18514,,,,,
13308,,,,,
2018,314.99082848829715,2.372227317321285,310.88768126,320.33850656,314.12112818
17347,312.4378530431682,1.9287918414799385,308.32416625999997,316.56501248,312.70948592
15039,,,,,
312,,,,,
16908,,,,,
18644,,,,,
4703,314.5671314681858,0.5650218288806688,313.1504105,315.90875264,314.47661052607015
13325,,,,,
3328,,,,,
6285,,,,,
3142,,,,,
10927,,,,,
19499,,,,,
8444,,,,,
1236,,,,,
15424,,,,,
8452,,,,,
3284,,,,,
8853,313.48264263895567,0.2945876984132548,313.0136897,313.97757134,313.5434828
18903,,,,,
119,,,,,
13649,,,,,
3403,,,,,
9105,,,,,
13079,,,,,
11873,,,,,
4182,,,,,
248,,,,,
1062,315.5696126367012,1.9438532070067251,312.40186412,319.96594238,315.76518684057663
10287,,,,,
4224,,,,,
314,314.5884814247859,1.3650195846539275,311.4584906,317.09138756,314.3638076
12531,,,,,
15044,,,,,
6977,314.6452922416808,1.190797542937275,312.18994688,316.8589622,314.61161404999996
1231,311.38004329286474,0.29040548830477386,310.8774272,311.88232508,311.31835178
15608,,,,,
18307,,,,,
17420,,,,,
18731,,,,,
17182,,,,,
2225,,,,,
5774,,,,,
10191,,,,,
17431,,,,,
10670,,,,,
13722,,,,,
5902,,,,,
17334,316.1678283373205,1.3173002767706796,313.65969548,318.6021524,316.45449649999995
9834,312.1842280130215,0.9283757320485112,310.23825746,313.96389926,312.34603646
17389,,,,,
6789,318.56249873746606,1.0158447280619711,315.6626552,320.16418754,318.5869975025
294,,,,,
6090,316.70442945478607,1.144774311291872,313.20168079999996,318.00741691999997,317.15632994
11126,,,,,
16295,311.08074187257637,2.1117204526292093,307.35344857999996,315.98053106,310.80564878
4378,,,,,
13456,,,,,
951,,,,,
15522,,,,,
19512,,,,,
6104,,,,,
8778,,,,,
9598,,,,,
5302,,,,,
12940,,,,,
10212,318.301459815065,1.4893232820154547,314.261267,320.95033214,318.13593447200003
544,,,,,
10557,,,,,
13366,315.80272657454947,0.9313889860818148,312.92140315999995,318.12362959999996,315.63872905999995
11079,,,,,
11039,,,,,
4570,,,,,
16708,311.31888787328955,1.902989311462683,307.92767594,314.84574842,311.45165456
9376,313.8796393242655,1.231431408676086,310.73045234,316.06939958,314.0259140982063
9777,312.77792995240424,1.9401957081856667,308.0404706,315.08500982,313.10597624
6038,,,,,
18065,310.0559288733843,1.0300094129582436,308.50532132,311.5781213,310.67918204
1589,323.3700131228121,0.7319021898071223,320.57434994,324.54608917999997,323.3667494768862
19677,,,,,
11083,313.6117503222574,0.4693636242207169,312.35401184,314.29202918,313.59817111999996
16029,316.0141834884936,1.6323854588779207,312.78810038,320.65638242,316.0431584463745
14438,,,,,
9554,,,,,
1637,,,,,
7780,303.21890057538457,0.1914091199725401,302.94078476,303.323603,303.323603
16129,,,,,
16534,,,,,
19195,310.2161291097403,0.11360739584068175,309.96823387999996,310.25534756,310.23483944
6160,,,,,
10482,316.0324129024812,1.6200427599105485,311.12010662,318.19540802,316.33600514
9166,320.6230849178338,1.871909257233712,315.08842784,323.42497862,320.82896334774773
16933,,,,,
12259,316.13839425615754,1.6968263808375412,312.43604432,318.73545518000003,316.25909968999997
4881,,,,,
4597,,,,,
229,,,,,
13215,,,,,
5564,,,,,
7616,,,,,
11713,,,,,
14329,313.99988685289503,2.621881633920573,309.87252932,323.15495504,314.25784898
12662,,,,,
9716,,,,,
9821,312.34417435152085,1.7920875732460826,308.91206569999997,315.02006744,312.5579537
18435,,,,,
1675,,,,,
12369,,,,,
16192,316.8044847791064,0.7207091653255421,315.57378668,318.37656308,316.91940212795174
13480,316.0826415144431,1.0613955683522251,313.5947531,317.99374484,316.26465114717115
18268,,,,,
7255,,,,,
6227,,,,,
3339,,,,,
15606,,,,,
2816,,,,,
616,,,,,
14198,,,,,
6885,,,,,
12305,,,,,
16628,,,,,
8518,,,,,
19116,,,,,
11138,,,,,
16717,,,,,
9991,,,,,
14359,,,,,
17867,,,,,
4949,,,,,
13498,,,,,
17911,317.810679153926,2.4173469233123224,311.84472686000004,323.01823423999997,318.59873438
11762,,,,,
6124,,,,,
3846,,,,,
18059,,,,,
7793,313.9662612077966,1.01214227038732,312.01562786,316.01471126,313.86247011405595
12815,310.66938709457924,0.7510873735692571,309.40084256,313.3896719,310.46042876
11771,,,,,
7622,319.0146511869302,2.5707939877293136,311.28075356,322.55680154000004,319.777244390219
1419,312.8557435403767,0.39903596814905357,311.91308726,314.01516956,312.87355088
2914,,,,,
18492,,,,,
4894,,,,,
13872,,,,,
7067,,,,,
8734,,,,,
12226,,,,,
13494,,,,,
10432,,,,,
7472,,,,,
16522,312.00427276462864,0.24506736728844875,311.72851418,312.51124075999996,311.91650528
8395,,,,,
17349,,,,,
4235,,,,,
3778,,,,,
740,,,,,
17642,,,,,
11949,311.9247759772693,0.6041344938706099,310.15622498,312.79835444,312.053802739816
296,,,,,
5659,,,,,
6785,,,,,
13255,,,,,
16673,311.9463365718136,1.4467789238723605,308.79585302,314.48685632,312.15234866000003
9827,,,,,
15906,,,,,
3657,,,,,
14479,,,,,
13847,,,,,
17914,317.02065711572624,1.7877102667948448,312.36768392,320.36585072,317.27140328
9209,,,,,
10525,,,,,
6928,,,,,
2230,,,,,
1962,,,,,
11817,313.37886877768983,0.2541655119262561,312.84620672,313.78958023999996,313.35890972
5590,,,,,
12072,,,,,
4767,307.47383474440835,1.588353737578043,303.03990734,311.06200028,307.34946089
16286,,,,,
19208,,,,,
3724,311.6543512363671,1.3745528905619582,308.23529773999996,314.38431572,311.83447279999996
2363,,,,,
14227,316.9682966069397,2.919602420967018,312.1079144,322.80973502,316.56501248
8038,313.9556456636836,1.8269370444748911,310.87059116,317.65877888,313.83401449999997
9724,,,,,
5214,,,,,
18334,,,,,
8435,,,,,
18679,,,,,
6446,,,,,
6004,312.8978393898016,0.6074764512270346,311.51317892,314.1587264,312.81544454
260,,,,,
7473,316.4272249706552,1.1901065549402892,314.1929066,318.61240646,316.5133149275
11163,315.4176119316734,1.853657715041257,309.61617781999996,317.9698187,315.64043807
7806,,,,,
10267,,,,,
15630,317.80913796375086,0.9560100093490738,315.70708946,319.49083759999996,317.87949964329573
12299,,,,,
6878,,,,,
13787,311.4698041681037,1.0838646600703903,308.78559896,312.68214176000004,311.5952114
6697,,,,,
17169,,,,,
2580,312.0427771319574,0.7422511806273072,310.95433265,314.95512506,311.96606657
9248,,,,,
1971,,,,,
10042,310.6616218367684,0.859973167884173,309.18892532,312.89405899999997,310.56296936
14304,,,,,
12327,316.22963880049423,0.8538060611528084,314.57914286,317.63143472,316.4658899
6676,,,,,
3910,,,,,
18791,,,,,
3368,,,,,
12366,,,,,
16416,318.55016947013524,1.402315844304388,315.90875264,320.96400422,318.79925822
11657,,,,,
12083,,,,,
6630,309.1512147684469,2.2208759357913967,302.84849822,313.26149614999997,308.81636114
19583,,,,,
3127,313.92048097789507,1.4069398907831439,312.00879182,317.92880246,313.70011939267044
3954,,,,,
1415,,,,,
2436,,,,,
9071,306.66595457791163,0.888232114681828,305.40859520000004,308.54633756,306.6561725
14301,304.6617288168958,0.9049796069231558,303.36803726,305.99991266,305.1693338
6402,,,,,
2704,,,,,
17202,,,,,
14,,,,,
8909,,,,,
17764,,,,,
5854,,,,,
14104,,,,,
8635,312.1487879697306,1.0469085784176089,309.94088972,314.86283851999997,312.26137957983815
14675,310.11255916261894,0.7057966452712273,308.32758428,311.77636645999996,310.04684834
1786,,,,,
9160,,,,,
3881,,,,,
5810,314.6411528966865,1.7598942315841501,311.05516423999995,317.60067254,314.79219944
5343,,,,,
17023,319.9731255768516,0.6396623754243181,318.42441536,321.43910900000003,319.87023782
16726,,,,,
18714,,,,,
13650,,,,,
17551,,,,,
8835,314.94490234148367,1.6428366006107145,309.84176714,316.81452794,315.55327855999997
13654,,,,,
16811,317.37959598297704,2.490890715510482,313.10939426,322.977218,316.84529011999996
18540,,,,,
14541,,,,,
17993,,,,,
15226,316.6541083262379,3.0698238062933507,308.13959318,321.1998476,316.9615028
3456,317.07071003797296,1.5231270466723559,311.46874465999997,318.9097742,317.32723094
18812,,,,,
696,,,,,
7463,,,,,
6060,317.13736578919924,0.8883739655936168,314.9106908,318.61240646,317.25545252
14562,316.77692972,0.0,316.77692972,316.77692972,316.77692972
2059,313.67302547548,2.870916360981186,308.64546013999995,319.88732791999996,313.52981072
16301,,,,,
13997,,,,,
12931,318.05962301102704,1.2843194931081392,315.11919002,320.30774438000003,318.1678308131818
16231,,,,,
3125,,,,,
18471,311.08336321116445,1.0017854802758785,309.7836608,313.29738536,310.97313176
9279,,,,,
17535,318.7968520847884,1.3533271150404287,316.70173328,321.13832324,318.45407567828954
18281,313.16898416804526,2.311606853687071,307.97552822,316.43854574,313.577663
11683,,,,,
15345,,,,,
9628,,,,,
14826,310.43996697878407,0.446546877260067,309.31881008,311.20555712,310.52878916
12549,,,,,
15158,,,,,
745,,,,,
5475,316.82189236264765,0.768047423634903,315.58404074,318.02792504,316.84529011999996
10868,,,,,
17090,,,,,
1146,,,,,
11769,,,,,
2104,,,,,
17486,,,,,
10458,313.027896161363,0.9411138381156766,309.8349311,314.2783571,313.3213115
9640,320.66856267235084,0.864307534796901,317.1324038,321.85952546,320.82480830206896
5051,,,,,
14307,,,,,
12347,313.7315355148569,0.8003632255641843,311.7148421,315.35161538,313.5947531
15049,,,,,
7234,,,,,
17011,,,,,
3704,,,,,
7811,314.28349872140325,1.480608614385991,311.12352464,317.28963272,314.23029709502765
16024,,,,,
12671,317.21304367415297,1.4646231774542946,311.4072203,319.80529544,317.07991574388666
12640,,,,,
5981,,,,,
15014,,,,,
15997,,,,,
3486,,,,,
14006,,,,,
11401,,,,,
7792,312.95001253002613,0.8622377977685806,311.00389394,314.81156822,312.94703831000004
14811,317.44575640492644,0.6093107663117516,316.5684305,319.49083759999996,317.41780846999995
8650,,,,,
5313,316.6198782691783,0.9952853069143658,313.55715488,318.53721002,316.57783005500005
1119,320.51670702774703,0.7770138864970062,319.18663382,322.34146627999996,320.63591499071424
9334,,,,,
19404,314.89612317590417,1.5056589175566508,312.15918469999997,318.8072336,315.08159179999996
4203,,,,,
2805,,,,,
17726,,,,,
4876,,,,,
17613,,,,,
6754,,,,,
101,,,,,
15945,,,,,
14390,316.4416539103553,0.9846408425696533,314.1587264,317.45369768,316.64704496
15432,,,,,
11420,,,,,
19200,,,,,
17392,,,,,
10152,,,,,
2601,,,,,
10210,,,,,
13278,,,,,
4866,,,,,
4553,,,,,
9959,,,,,
13468,,,,,
5026,312.12323372499134,0.5528855916542825,310.54587926,313.34865565999996,312.20961854792256
18013,311.71357587641,1.162514940991762,308.83686925999996,313.24953308,312.13184054
12323,,,,,
16102,,,,,
9101,312.23405046394913,1.428090454153495,308.36860052,314.39456978,312.552257
10606,,,,,
10295,,,,,
3809,,,,,
17827,,,,,
18983,,,,,
16575,,,,,
8790,,,,,
8742,,,,,
8203,,,,,
10794,316.5320904385085,1.1798448181546524,313.5263927,318.48593972000003,316.5000701
18965,312.5005426353747,1.1004117373451305,309.12569195000003,314.11087412,312.7325253519194
15699,,,,,
849,,,,,
17969,,,,,
16984,,,,,
11165,,,,,
59,,,,,
1914,,,,,
2985,317.8143858263773,2.1310648156325374,313.26662318,323.03874236,317.4547190131989
5298,,,,,
6784,,,,,
19295,316.16288901523313,1.0745321817548477,312.9624194,317.56991036,316.3848458155923
15377,,,,,
10602,316.42595421122536,0.6403311974992671,314.90043674000003,317.46736976,316.58040368248516
12790,,,,,
13520,,,,,
13547,309.5149823762582,2.861016666261631,303.5286842,313.17091862,310.59031352
5327,315.38316616933827,2.3613149405601717,312.13525856,322.35855638,315.0932057174193
18086,,,,,
1897,314.884807632034,2.6660059468037787,308.26605992,318.08603138,315.588313265
12393,,,,,
4505,,,,,
19084,,,,,
17207,,,,,
2049,,,,,
11026,,,,,
4159,,,,,
17559,,,,,
12741,,,,,
18748,,,,,
9576,,,,,
12933,320.300982911874,0.8917448549276552,318.25009634,321.73647674,320.36926874
5935,315.1930851942323,0.6056786236603258,313.67678558,316.52057822,315.14995220000003
16629,310.0445441166464,0.7476897973914756,308.8437053,311.65673576,310.22116736
7130,,,,,
1519,,,,,
13556,,,,,
60,,,,,
14773,314.12082469641774,0.8207058603294722,312.54883898,315.58062272,314.12112818
10406,,,,,
953,,,,,
15237,316.40814394819216,0.5145815153037595,314.71586365999997,317.18025608,316.47956197999997
10629,315.7281612845894,1.6982962212485557,312.38819204000004,319.19005184,315.865467938296
4934,321.1213286016834,1.1134060729449462,318.23300624,322.74479264,321.41518285999996
17735,,,,,
505,,,,,
1086,,,,,
6528,,,,,
9387,,,,,
16013,,,,,
16367,,,,,
13936,,,,,
11723,,,,,
9413,323.1458081537489,1.949141758452179,317.06746142,326.12521442,323.26069415412843
9263,,,,,
8113,314.2839065396785,2.0972909174703798,308.20453555999995,316.85554418000004,314.96879714
6451,310.54443029097956,0.793737436754723,306.86467172,311.49608881999995,310.6057792144555
7407,,,,,
10404,,,,,
2812,316.7395162376002,0.8215836152177894,314.99272328,318.35947297999996,316.50690613999996
9534,312.44680444917424,1.044816863779532,310.7065262,315.05082962,312.24805322
14794,,,,,
978,,,,,
9589,,,,,
9908,,,,,
3969,,,,,
2355,,,,,
3653,314.89059099157606,0.6556787709408409,312.34033976,315.70708946,315.0645017
12400,,,,,
15103,,,,,
6083,307.5823426333523,0.44312557769857736,306.62541032,307.9892003,307.87298762
1525,312.85333798327827,1.4255727808380765,309.62643188,315.55669658,312.78468236000003
10779,310.73244949361293,2.048283977183978,306.91252399999996,314.91410882,311.3001730035161
11733,,,,,
12451,,,,,
16085,,,,,
137,,,,,
18522,,,,,
8585,316.0963103074286,1.1499603523756334,312.95558336,317.8330979,316.5124051627129
9794,,,,,
4043,,,,,
6482,,,,,
1726,,,,,
15431,,,,,
8213,,,,,
8003,,,,,
14279,311.96912621775084,0.8235281335050701,309.94430774,313.56399092000004,311.88766353391753
2730,309.8965708664063,1.516760804254647,305.62393046,312.99318158,309.95342246
12116,,,,,
9915,,,,,
12827,,,,,
6275,311.82529478333333,0.15551991008076144,311.69775200000004,312.00879182,311.69775200000004
12027,315.7223487977703,2.3403581195771634,311.64306367999995,320.16076952000003,315.5174096953572
7152,,,,,
2153,,,,,
13231,309.2948730310842,4.317093767536102,302.6741792,314.45609414,310.58249142765845
15834,,,,,
16646,,,,,
11221,,,,,
14804,,,,,
9437,,,,,
15420,,,,,
13843,,,,,
5182,,,,,
3766,,,,,
15045,309.51719295140583,0.9452369958163064,307.76019296,311.62255556,309.5785796
15256,,,,,
1632,,,,,
19018,310.8205739414896,1.5306369624738563,308.3993627,313.5605729,310.5055324478802
2138,,,,,
18142,317.66427044751697,1.038186620455596,315.36186943999996,319.61388632,317.82481402760794
15127,,,,,
2051,,,,,
11786,,,,,
3404,307.6332284353177,0.6657837429114105,307.12444124,309.59908772,307.32610442
3376,313.64182161243497,1.3398487597031437,311.5439411,316.66071704,313.323579961704
9845,313.899388784808,0.9287345374644429,312.28906946,316.45905386,313.81863341
7678,316.1585893424812,0.6380811183203846,315.4404839,317.27937866,316.0728176
11110,312.5510286637386,0.9091275588171307,310.49802697999996,314.06643986,312.6775844
8551,,,,,
7558,318.29288000054686,0.9601227794526555,316.8418721,320.06506496,318.23642426000004
9574,,,,,
11498,,,,,
5755,,,,,
6319,,,,,
8204,315.7262787028966,1.4855411650750658,311.8173827,317.51864006,316.28815285999997
12426,312.5433979000143,0.8790855895220161,310.78172264,314.29886522,312.53516690000004
4541,,,,,
11496,,,,,
7921,,,,,
6067,,,,,
17302,,,,,
18806,308.4567259921739,0.20508120000895327,308.23529773999996,308.64546013999995,308.64546013999995
4830,316.83969746296765,0.9171408586957397,314.39115175999996,318.362891,316.995683
6633,,,,,
8220,,,,,
15359,315.56787270555134,0.5797725332385009,314.55521672,316.61286476,315.4781928251012
14949,318.1134882365477,2.5628513076150856,310.9799678,321.98941021999997,318.4825217
2313,,,,,
2354,322.27805509609044,1.8651944717550744,317.64852482000003,325.37666804,322.13296706
6680,314.35829177325314,1.1569458060970497,312.20361896,316.50690613999996,314.31937333999997
18355,,,,,
9183,,,,,
9099,,,,,
6679,315.641884791378,1.0803524838382101,313.29738536,318.4996118,315.41427908
17593,,,,,
4009,,,,,
4212,,,,,
1723,,,,,
70,316.85049828777164,0.8996310298030239,315.16362428,318.55430012,316.78034774
10299,,,,,
2591,,,,,
4073,,,,,
10870,,,,,
1137,,,,,
18301,316.22569600029703,0.4877297615924464,315.16362428,317.71004918,316.11611252
8235,,,,,
5211,316.66973860081794,0.9943395437553714,314.39115175999996,317.88778622,316.974320375
10280,,,,,
19720,,,,,
5014,316.0922072158563,1.0278553936059156,314.46976622,318.76621736,316.18903028
18790,315.4915496382824,1.1528881905650497,312.3300857,317.8672781,315.70025342
14683,318.4272058333545,2.403610104588575,312.76759226,322.84049719999996,318.4141613
5037,317.0364280738009,0.9592405035820943,315.36870548,318.76963537999995,316.99910102
5234,,,,,
7917,,,,,
13121,,,,,
17588,315.35961430756754,0.3779192669011562,315.04741160000003,316.18561225999997,315.2695829
11799,,,,,
18254,310.54540734350155,2.762420391476867,303.95251868,313.33498357999997,311.89257914
13124,310.2852767231397,0.9265159731163648,306.7587131,311.67040784,310.38865034
19245,311.66857092866513,1.3285168822921551,309.55123544,314.00833352,311.80371062
9285,,,,,
8461,,,,,
17359,,,,,
674,,,,,
13784,,,,,
12269,,,,,
19272,320.2345369482296,0.5251677719745586,319.32335462000003,321.39467474,320.27014615999997
11545,,,,,
3422,310.9320514464004,1.532106520017032,307.99261832,313.6460234,311.22914145799996
14895,312.20890494630646,0.5691099242083513,310.99022186,313.77590816,312.210455
18056,,,,,
9847,314.48946082413966,0.7751539237850427,312.0737342,316.27106276,314.5761756831288
13104,319.16898438822494,1.095399340736549,316.53083228,321.3878387,319.114000895
10840,,,,,
479,,,,,
14642,317.41468669656746,1.0245678106905267,315.03715754,319.49767364,317.61874359641257
15018,313.94542143170696,1.2710098599135249,310.58005946000003,315.3550334,314.090366
6414,,,,,
3124,,,,,
1103,,,,,
4742,316.0863339369899,1.8651417456849584,312.71973998,319.17296174,316.51716020000003
3253,,,,,
14102,,,,,
15081,,,,,
5689,315.07023745211075,0.5459411925319312,313.16066456,316.31549702,315.0668075071428
17352,,,,,
4944,,,,,
10476,,,,,
14554,,,,,
19546,316.62380568166793,1.577171507383576,313.5434828,319.92150812,316.43854574
5226,,,,,
14572,310.75622381180926,2.0266868517680305,307.94818406,314.18948858,310.75437848
12387,,,,,
17520,,,,,
2740,,,,,
4085,,,,,
15089,,,,,
14211,,,,,
18741,,,,,
9811,313.0281596670892,0.37870098388672213,311.7148421,313.84085054,312.987200045
2241,,,,,
5772,,,,,
7014,,,,,
12232,,,,,
4277,318.4315220632613,1.3150648767564475,316.58893862,321.06312679999996,318.20818337925044
7282,311.55795336208524,0.37427319001770054,311.45507258,312.20361896,311.45507258
10795,,,,,
8366,,,,,
16674,314.34431399595724,0.803138809089862,311.78662052,316.47614396,314.39253136377437
9879,,,,,
1058,,,,,
3566,,,,,
9513,,,,,
4183,311.7078561468421,0.44504126588518733,311.07567236,312.3129956,311.50292486
17107,314.4555299836144,1.7440822343849023,309.04536848,316.61970080000003,314.84574842
19232,315.40607620990227,1.075836800906768,312.94874732,317.24861648,315.7667024272368
8221,,,,,
2849,311.22836976865125,2.1251444171528453,307.59954602,315.99762116,311.288444105
5002,,,,,
9193,,,,,
18478,315.4115760710264,0.0712064713420535,315.3208532,315.49517222,315.49517222
16038,,,,,
8897,,,,,
0,315.6367434640544,2.088601344382463,312.5180768,320.50598954,315.36186943999996
4515,,,,,
18365,318.226269000303,0.9696191511492925,316.09332572,320.50598954,318.362891
19278,,,,,
981,,,,,
11246,,,,,
17308,,,,,
18247,,,,,
2111,,,,,
424,,,,,
19217,,,,,
3668,,,,,
15636,313.943556306067,1.1071589618076154,311.9711936,315.67632728,314.01516956
1113,317.89263725408483,2.213899704725479,312.28565144000004,320.75892302,318.33850098585714
8297,,,,,
12668,,,,,
17424,,,,,
6820,,,,,
5003,313.8300671906801,0.9059985878173118,311.51659694,315.628475,313.73944928
18164,,,,,
10312,,,,,
17364,,,,,
19600,,,,,
13739,307.0283139717914,3.578831534251949,302.6570891,313.29396734,307.35344857999996
12295,313.1358430287,1.0345070183222416,311.53026902,315.62505697999995,312.95216533999996
2265,,,,,
6236,,,,,
18745,312.7190934197008,0.26342479558139603,312.1250045,313.07863208000003,312.74366612
5355,,,,,
2142,,,,,
14882,,,,,
13751,,,,,
7121,312.1465120472968,1.0304960079479557,309.65719406,314.1587264,312.1495651227545
11184,323.4708007301766,1.4234828617208402,319.89074594,325.81075658,323.5346732153488
10906,,,,,
15518,,,,,
3006,314.1593221635185,0.49348289849408394,313.19142674,315.20464052,314.17923452
8746,314.4659900272221,0.8279867728396256,311.7490223,315.87115442,314.53196693731445
12616,,,,,
13949,,,,,
14125,,,,,
4501,,,,,
16399,,,,,
11059,,,,,
10034,,,,,
19563,310.60922557568097,1.7718283450035377,307.44915314,314.63041316,310.08444656
16995,,,,,
17218,,,,,
4640,315.7431129724674,1.077818054703829,312.63770750000003,317.37850124,315.81988412
17244,,,,,
3451,320.01502943426954,1.6017962902563259,315.53618846,324.57685136,320.22229388
1127,,,,,
96,,,,,
18270,,,,,
11028,,,,,
14269,,,,,
2559,,,,,
5001,,,,,
12383,,,,,
18370,,,,,
382,315.0921265347639,1.0914779254644598,312.00879182,316.5342503,315.51397133
10833,,,,,
3443,,,,,
9020,,,,,
11554,311.0087224295501,0.2563287120964193,310.27243766000004,311.20213909999995,311.03465612
6237,,,,,
18460,,,,,
17361,,,,,
9738,,,,,
3603,,,,,
18042,,,,,
2758,316.1262719561217,1.907149612663608,310.34079806,318.78672548,316.53083228
8440,,,,,
9526,,,,,
18926,,,,,
13489,313.71231281362896,1.061240072989737,312.49073264000003,315.9360968,313.38625388
6515,,,,,
285,,,,,
2699,,,,,
11377,,,,,
1955,,,,,
7958,,,,,
12229,311.2258445996736,1.496739881201494,308.84028728,314.42874998,310.9799678
5919,314.89054234219407,2.395164754609521,309.24361364000004,319.07383916000003,315.02503379384615
10370,,,,,
16189,314.35372146642385,1.567697350423848,310.27243766000004,316.57184852,314.33988146
7359,304.8482721201181,2.363430492066374,300.92757098,308.15326526,305.1693338
226,,,,,
7501,,,,,
651,,,,,
1538,,,,,
9638,312.59595737436365,0.7835150892093276,310.46384678,313.72805588,312.85304276
18367,316.50198449947703,0.8270376867901479,313.29738536,318.06552325999996,316.61286476
16917,313.1042112293318,0.9323644149097632,310.76463254,314.7226997,313.17091862
3450,,,,,
2968,314.89602751877703,1.5399312576423752,310.95262363999996,317.7476474,315.23426336
18399,,,,,
10239,,,,,
263,317.1859841040188,0.7708689782429528,315.81988412,318.71836508,317.11246535
10676,,,,,
3203,,,,,
5015,,,,,
9996,,,,,
19715,309.8097617622638,0.911025735247926,308.2626419,311.18163098,310.1425529
1417,315.4175801084694,2.4027125150558675,309.83834912,320.17785962,315.90614804302885
14354,312.5490859504719,1.573671578648971,305.7845774,316.48981604,312.7789966900569
10738,,,,,
10493,309.13443572209303,0.0017090099196568494,309.134237,309.13765502,309.134237
16275,,,,,
8083,,,,,
5712,,,,,
7774,311.0312381,0.0,311.0312381,311.0312381,311.0312381
17968,,,,,
181,,,,,
14782,,,,,
18455,,,,,
8118,,,,,
4473,315.05280366363627,0.1435568399920759,315.00981337999997,315.29692706000003,315.00981337999997
18297,,,,,
19726,,,,,
12986,309.3855720798521,1.2898382341421273,307.80462722,313.24611505999997,309.09322076
4067,,,,,
17142,,,,,
18957,,,,,
8114,,,,,
19636,,,,,
13044,,,,,
5678,,,,,
13067,,,,,
17294,311.5104439908801,0.251939371747002,311.22606524,312.34375778000003,311.47216268
19443,,,,,
6595,,,,,
11640,,,,,
10416,,,,,
5568,318.16142305217386,0.5855574057398245,317.85360602000003,319.66515662,318.02108899999996
12101,,,,,
16838,313.3816847578405,1.2627259131621749,311.09276246,315.83697422,313.35207368
10530,,,,,
3327,313.17775466,0.0,313.17775466,313.17775466,313.17775466
13775,,,,,
13678,,,,,
16947,,,,,
18765,,,,,
643,310.2429091202879,1.2436197173140535,306.93645014000003,312.87013286,310.29892731499996
5695,310.6835843607887,2.015717135668302,307.26799808,314.3296274,311.03465612
886,,,,,
4437,,,,,
8651,,,,,
11661,,,,,
12637,312.0573214351532,2.962023022937768,303.02281724,315.9360968,313.34198910859504
2218,,,,,
6114,,,,,
15688,,,,,
1906,312.6818169572237,1.0911007933683157,310.89109928,314.84233040000004,312.34375778000003
7967,314.6344279975007,2.5099920867825016,308.13959318,318.50644783999996,315.2387881156756
8811,314.1427772547589,0.974760444313649,311.66698982,315.81988412,314.30570126
5555,,,,,
9393,,,,,
3239,,,,,
16354,,,,,
6582,,,,,
3595,311.1371283596,0.6786442988943406,310.44333866,312.23779916,311.05858226
13223,,,,,
16632,,,,,
10281,,,,,
18718,,,,,
17872,312.67190683517146,1.05019197454631,311.35936802000003,314.94828902,312.53858492
7687,,,,,
5995,308.13895861088605,2.5788608393072727,304.63270466,312.93165722000003,308.5189934
5741,,,,,
14305,,,,,
5197,,,,,
5566,,,,,
17782,,,,,
4941,312.8320223843848,0.901489570602986,311.99853776,314.50736444,312.31641362
15365,,,,,
10897,,,,,
18523,,,,,
2063,,,,,
15572,,,,,
7736,321.8874824945588,1.8409187950326946,318.05868722,326.59006514,321.4652515123437
3301,,,,,
16100,,,,,
7442,,,,,
10778,318.85609028211246,1.0626760594024744,316.38385742,320.78626718,318.87901202
9046,309.4087151203842,0.5057323696051496,308.4335429,310.50828104,309.29830196
9368,,,,,
16555,,,,,
1329,,,,,
12992,319.2215317967153,0.9944904782222155,317.4400256,321.26478998,319.05674906
2135,,,,,
11532,316.45367082315516,1.437611812882454,313.38283586,319.51476374000003,316.76478205310104
8631,,,,,
14613,,,,,
9003,,,,,
3604,317.6325016541458,0.6485822894589534,316.00103918,318.84483181999997,317.67586898
16111,312.69028153795045,1.1611614236614058,310.81932086,315.10893596,312.42777715780494
10341,315.48848328630993,1.0167331734588765,313.4409422,318.46201357999996,315.3843100823742
8032,311.20330313157893,0.09057753007955241,311.09618048,311.27733553999997,311.27733553999997
9679,,,,,
12869,,,,,
17114,321.35245901679843,0.9578245616144456,318.4312514,323.20964336,321.32545983499995
16420,300.8161940839228,0.42221327153723703,300.54133472,301.93588688,300.60285908000003
7947,,,,,
13901,,,,,
10668,320.130481110153,0.9687393050837545,318.61240646,322.22867162,320.03430277999996
14302,,,,,
14959,314.88411701224203,1.4028587373227541,311.73876824,316.824782,315.14244006813186
4533,314.14656761830474,0.38285506165361033,313.8852848,314.95854308,314.12112818
11415,,,,,
13315,319.37711235442373,2.0419945521742706,316.88630636,324.38202422,318.71152903999996
5312,309.0792753601461,0.4286283889922615,308.34467438,309.96823387999996,309.03511442
18637,,,,,
11983,317.16037771891837,1.9067942974156427,313.6631135,321.84243535999997,317.5268278301736
17073,,,,,
6022,,,,,
16222,319.4585533229614,1.2020364176423564,316.16168612,321.00502045999997,319.85798482866073
2465,,,,,
8802,,,,,
4162,320.87974993618303,0.6107964527847234,319.65148453999996,323.08317662,320.92640021654825
11032,,,,,
1471,,,,,
8026,,,,,
11272,317.9834858539732,1.0820656089933571,315.77544986,321.26478998,318.10995751999997
8408,314.7422914407302,1.3619128757165995,312.3300857,317.75448344,314.4275329577273
9081,,,,,
12047,,,,,
5233,,,,,
797,312.8449023726304,1.0878597254859796,310.61082164,315.08842784,312.90089504
13476,,,,,
19535,314.4157028531728,1.3148018144934999,311.9711936,316.58893862,314.53129058
6028,,,,,
14428,,,,,
11717,,,,,
3608,,,,,
16621,309.1349701442467,1.7227907260920499,307.45598917999996,313.54006477999997,308.24213377999996
9743,,,,,
1685,,,,,
6527,,,,,
10605,,,,,
1099,314.5059535131396,1.4150639937910852,310.1083727,316.9615028,314.7041390565117
15310,316.1180620427042,1.397701946159802,308.20453555999995,317.53231214,316.41974663
1771,,,,,
15047,,,,,
19012,311.13288721439926,0.900992045784245,308.79927104,312.89405899999997,310.97998839048194
11638,,,,,
14731,,,,,
16983,,,,,
624,311.0355040649672,1.250043577516482,308.98726214,312.73683008,311.00047592
961,,,,,
1842,304.9466379711203,3.4323664529569986,294.34104644,309.12398294,305.70083591
10949,,,,,
19706,,,,,
19120,,,,,
1190,315.5558889195215,0.944887878233347,313.43752417999997,317.84676998,315.57036866
8252,,,,,
13109,,,,,
9559,,,,,
156,,,,,
5076,310.79319598528576,1.1409502731104813,308.78559896,312.82911662000004,310.37497826000003
19344,,,,,
8157,,,,,
15800,,,,,
14976,312.8388140834814,1.3048160206988866,309.34957226,315.29350904,313.2054358687484
16779,,,,,
10194,314.45958636798963,0.47164495137926893,312.76417424,315.32427122,314.3979878
2829,311.7373345608999,1.9001806936026766,309.20943344,315.44390192000003,311.93017736
18128,,,,,
17303,,,,,
7798,,,,,
17506,,,,,
7753,,,,,
16903,,,,,
3634,314.4718202016109,0.9387224536351849,310.89109928,316.06939958,314.4834383
12300,,,,,
8572,,,,,
9388,,,,,
15131,,,,,
17034,,,,,
8821,,,,,
19326,,,,,
4708,316.2851902025334,1.0816371121197383,312.0224639,318.04501514000003,316.7339309200633
7825,,,,,
4398,,,,,
2088,,,,,
16861,314.5639296944485,0.7776284641137855,312.81544454,316.51374218,314.603069
4061,,,,,
14640,,,,,
1890,,,,,
7859,312.2617369277325,1.4581457036595995,310.13571686,315.5942948,311.8961948966942
19108,,,,,
13441,,,,,
4617,,,,,
8743,,,,,
4178,,,,,
7520,,,,,
11370,,,,,
17745,,,,,
2919,311.4693733938466,1.1137975086203016,309.96139784,313.70412974,311.3388599
1082,,,,,
10494,308.87429505762606,0.2553697878389051,308.56000964,309.1855073,308.86763143999997
2857,,,,,
441,,,,,
10938,,,,,
4713,,,,,
12251,,,,,
5074,,,,,
5006,,,,,
4252,312.16989977636365,3.162865615862091,301.33089734,315.13969814,313.27142179255975
12906,,,,,
9691,,,,,
437,,,,,
14663,,,,,
1403,,,,,
8401,312.9852454173838,1.8099972154031911,309.13081897999996,315.83697422,313.35207368
14268,,,,,
7831,,,,,
12989,,,,,
3135,,,,,
8658,,,,,
7546,,,,,
13712,,,,,
1405,305.99307662,0.0,305.99307662,305.99307662,305.99307662
16167,,,,,
15091,,,,,
10001,,,,,
16590,,,,,
14871,315.5611899415964,0.3242132840612516,314.92436288,316.2608087,315.56353262
2042,317.9085180556215,0.714608311984546,315.54644252,319.7471891,317.89120424
2621,,,,,
8421,,,,,
13330,308.9093063651513,3.4638306989027625,302.6570891,314.30570126,310.2741949081855
14183,,,,,
17710,,,,,
2923,,,,,
10585,,,,,
237,,,,,
9871,313.0847516018122,1.3787672487161307,311.16454088,317.31014084000003,312.7633371171196
6605,,,,,
16485,313.41777896206395,0.40893930231017944,312.91456712,314.01516956,313.37941784
8503,,,,,
5374,,,,,
19463,316.13467671453617,1.3980868979493577,312.95558336,319.4395673,316.2311402864
9668,314.0111067979736,1.0452338489914688,312.44288036,315.96002294,313.76907212000003
431,,,,,
11338,,,,,
7597,,,,,
16065,,,,,
10987,,,,,
14763,,,,,
12612,311.86174372206006,2.5478684052846834,306.5536319,315.63531104000003,312.28394243
3832,314.5119655099242,0.7369031286413349,313.60158914,316.48981604,314.29202918
9766,,,,,
12770,,,,,
13254,,,,,
5492,,,,,
16905,,,,,
12461,,,,,
4902,,,,,
735,,,,,
3043,,,,,
16323,,,,,
19375,304.46096873345897,0.9614338957311616,303.46715984,306.24601010000003,304.41395137999996
18484,,,,,
8680,,,,,
17390,319.3720401486567,1.0160068139057532,317.00251904,320.14709744,319.70959088
17579,,,,,
11357,,,,,
10885,,,,,
14828,,,,,
18650,309.12640637732756,0.42773176676214464,308.35492844,309.83151308000004,309.18208928
12169,,,,,
2693,,,,,
17977,319.17504762121865,1.22887526033218,316.01471126,321.27504404,319.6148495594803
12203,,,,,
9250,,,,,
5815,316.77686647665814,1.7735730441639361,312.5864372,319.48741958,317.16829301
15418,,,,,
15652,,,,,
6398,,,,,
14233,312.1912024507976,2.1520638155265353,308.2113716,317.337485,311.9065192191556
13172,,,,,
7530,,,,,
6705,,,,,
15794,,,,,
12566,,,,,
2735,,,,,
9397,,,,,
11515,309.00528515840006,1.3140142432163269,307.50384146,312.10107836,308.75141876
13591,,,,,
5041,,,,,
11794,,,,,
18019,,,,,
2180,,,,,
13312,,,,,
371,,,,,
8537,312.59574589340065,1.2600994447965657,309.80416892,315.2524928,312.64112552
13220,313.09281809192373,0.6622791925420193,312.20020094,314.59281494,313.04274287
6282,318.0055355814666,0.8083254333113186,316.28473484,319.70959088,318.00058088000003
1214,,,,,
3824,316.604620607861,0.6224512893352746,314.82182228,318.20566208,316.55361908000003
2503,316.02242904580737,0.5502364438235529,315.11235397999997,317.29988678,315.91900669999995
8388,316.02580558369544,1.1936588968270727,313.65969548,319.39855106,315.92242472
16997,,,,,
5892,314.83207633999996,0.0,314.83207633999996,314.83207633999996,314.83207633999996
8803,,,,,
10922,316.6471347138779,1.052570400697032,314.07669392,318.28769456,316.85725319
14735,,,,,
10024,,,,,
15720,,,,,
7965,,,,,
17123,,,,,
2467,,,,,
8812,,,,,
18361,,,,,
13792,311.3764809830101,0.26407511107350373,310.88426324,312.01220983999997,311.32860584
1494,,,,,
6000,312.97609148000004,0.0,312.97609148000004,312.97609148000004,312.97609148000004
11386,,,,,
18103,317.3351687565991,1.0311418106399681,315.67974530000004,319.92492614,317.04182627
11738,,,,,
17875,311.663064300075,0.4078423452267829,311.04491018,312.37793797999996,311.56444922000003
14024,,,,,
9654,312.3445225211734,0.5077685207857071,311.5952114,313.12648436,312.34033976
10449,,,,,
14405,315.68019140226704,0.7438975851998939,314.24075888,316.93757666,315.5601146
19513,,,,,
10087,,,,,
344,,,,,
6244,,,,,
3543,,,,,
17999,,,,,
3888,316.88624908887874,1.363160315582217,314.10403808,320.84779154,316.6367909
1038,,,,,
5228,313.4154297642705,0.8295022673913238,311.01072998,315.07817378,313.513404224
15196,317.71125369841116,0.6181523639822932,316.59919268,319.05674906,317.69523776
9302,,,,,
15155,,,,,
2246,314.6993964656927,0.9943532624512154,312.66163364,317.02302715999997,314.64807292999996
15273,,,,,
7711,,,,,
10591,,,,,
13919,,,,,
18346,,,,,
19020,,,,,
12335,,,,,
10489,,,,,
8130,,,,,
15114,,,,,
9954,,,,,
15531,,,,,
9194,314.0190744649612,1.8568816308271974,310.07761052,319.42931324,314.19632462
12011,310.921812693781,1.3543839220589857,309.36666235999996,315.48833618000003,310.6210757
14466,,,,,
15184,,,,,
15422,,,,,
8946,,,,,
17027,,,,,
17048,,,,,
17685,316.8092410760702,0.5294422729110101,315.56353262,317.8843682,316.88464515447555
11252,312.3899427502167,0.4953973296691377,311.10301652,313.08888614,312.55909304
11859,,,,,
5962,,,,,
13923,313.3896719,0.0,313.3896719,313.3896719,313.3896719
4134,,,,,
1719,,,,,
15990,,,,,
12143,,,,,
413,,,,,
17893,,,,,
18532,315.23930099508294,1.971396490197376,312.22412708,318.99864272,315.18413239999995
3992,316.5228304709072,2.0164282232908852,312.98292752,320.57434994,316.10357978
10466,,,,,
2455,,,,,
1398,,,,,
19103,315.03516193181196,1.1820596654463933,312.8598788,318.70127498,315.19780448
3032,,,,,
5376,,,,,
11977,,,,,
7304,,,,,
14958,311.2466994197471,0.30731161910070004,310.76463254,311.44823654,311.43798247999996
11372,,,,,
17833,316.0884970783877,1.2244604168956557,313.68362162,319.04991301999996,315.8848669499408
3568,311.565531105176,1.179097065741631,309.8691113,314.69535554000004,311.35595
6841,,,,,
15171,,,,,
572,312.0844484313868,1.3236679521326262,309.55123544,313.36574576,312.34033976
3252,,,,,
10564,314.20127905155664,2.2099208715037078,309.11714689999997,317.22810835999996,314.86283851999997
2387,,,,,
15292,,,,,
15301,,,,,
11608,313.8532607380508,1.8352985099720656,311.02440206,318.28085852000004,313.85794064000004
11260,,,,,
19461,,,,,
3265,,,,,
12687,,,,,
12767,,,,,
2485,318.687042793062,1.6639334222341702,315.43022984000004,322.11929498,318.86021291
14343,,,,,
2397,,,,,
350,,,,,
19437,,,,,
16746,313.80867238519266,0.7415462395789085,311.57128525999997,315.02348545999996,313.94680916
10623,310.0694238108064,0.3270673344253575,309.77340674,310.6552559,310.0400123
1390,313.9672715158048,1.5455963758614968,311.14061474,316.19586632,314.3305197894581
831,,,,,
12553,,,,,
15314,311.5489781427075,1.900941585140434,307.43889908,315.17387834,311.57812129999996
16356,,,,,
9673,317.2316376859431,1.060123881067099,315.43364786,319.13878153999997,316.94099468
5657,,,,,
13606,,,,,
17873,,,,,
13165,,,,,
4861,,,,,
9903,309.1125463898531,0.4950101159269034,307.37737472000003,310.50828104,309.17525323999996
3972,317.15715611663154,0.6812529913750769,315.40630369999997,317.94931058,317.4058454
14689,313.31068071176674,0.816296809872432,312.08740628,315.55669658,313.1332612135065
18488,320.0936995275381,0.9259236468405319,317.80575374,322.85075126,319.98815951
3196,,,,,
13107,,,,,
12681,,,,,
5504,,,,,
19634,,,,,
12267,319.77500514205093,0.6176587506887855,317.7989177,320.92298798,319.8326396
2347,,,,,
2186,,,,,
1308,,,,,
19042,,,,,
13192,,,,,
3860,315.839979143255,0.7754692325183615,313.59817111999996,317.35799312,315.83697422
3958,315.388447097329,0.8977468038221471,313.91604698000003,316.68464317999997,315.36870548
5664,316.3344109469333,0.7570610308558504,314.5176185,318.09970346,316.37360336
4670,,,,,
15183,,,,,
5615,,,,,
17749,,,,,
6263,,,,,
19529,,,,,
8251,317.1489616642358,0.8225007488437446,314.7568799,319.29942847999996,317.2440008417391
8603,,,,,
12804,,,,,
6939,,,,,
16257,313.2622182819251,1.3324279651347244,311.55761318,316.44196376,312.83082563000005
12481,315.5868098496773,1.62026107097781,312.24121718000004,318.30136663999997,315.75620971516133
9351,,,,,
4661,,,,,
2936,322.24556125682227,4.829149930902678,316.3291691,331.63848068,320.79310322000003
7630,,,,,
3869,318.04074814137016,1.4552434765997069,315.58404074,322.07827874,317.74155884816275
4381,,,,,
8634,314.99017217459567,2.7559390955307355,309.39400652,319.07725718,315.51568034
16459,,,,,
19439,318.66043452767633,1.732533069170443,311.73193219999996,321.24769988,318.90613829824696
16108,,,,,
2789,,,,,
9443,,,,,
9797,,,,,
3321,,,,,
1772,,,,,
15203,,,,,
7273,317.0908984168437,1.5001305073846873,314.3296274,320.39661290000004,316.95718797277226
5267,,,,,
12723,,,,,
16796,,,,,
18607,309.55502489077213,2.199256010397554,304.17468998,312.13184054,309.64010396000003
12014,,,,,
7292,,,,,
6840,,,,,
1879,,,,,
15083,,,,,
4840,,,,,
19526,,,,,
7185,,,,,
5896,307.01614697299993,0.757170510970609,305.63760254,308.01654446,307.00822856
6111,312.53431394601984,1.6361895479862154,309.60934178,316.59235664,312.32154065
14853,,,,,
15266,305.57266016,0.0,305.57266016,305.57266016,305.57266016
18684,306.50748075437787,4.876266250143319,300.4866464,314.73295376,304.4515496
19080,,,,,
1473,,,,,
14818,,,,,
18584,313.9085579316801,2.194628873264148,308.32074824,316.2949889,314.69535554000004
736,,,,,
15770,,,,,
9986,316.09534631450475,0.9614958744869758,314.23392284,317.79208166,315.78912194
8498,,,,,
6436,311.55014547594834,1.3509968027044954,309.17867126,314.40482384,311.24999138
9869,,,,,
5223,,,,,
6740,,,,,
16507,,,,,
13198,,,,,
4359,,,,,
12063,,,,,
18215,314.64461639802573,1.263723705967613,310.32370796,316.71198734,314.827803815
3807,,,,,
8924,315.4242926864352,1.0549493526427622,312.50440472,317.27596064,315.48491816
18959,,,,,
13638,,,,,
14079,,,,,
9188,,,,,
3463,,,,,
9985,313.4204655407145,1.6350420153570453,310.23825746,316.2778988,313.77932618
3735,,,,,
19648,,,,,
16551,,,,,
11347,,,,,
6721,315.6052922591489,0.5792683209590442,314.95170704,316.7906018,315.67974530000004
11434,,,,,
12698,,,,,
19485,,,,,
16793,,,,,
6039,,,,,
13396,,,,,
12449,,,,,
709,315.84183394536007,1.3398604947808694,313.99807946,319.17296174,315.4408650032753
11454,,,,,
12678,,,,,
4694,,,,,
9026,,,,,
15147,,,,,
1888,,,,,
16593,,,,,
6064,,,,,
15136,,,,,
17416,312.47448099352494,0.5999869688598394,311.55077714000004,314.05960382,312.37793797999996
15110,,,,,
6432,,,,,
3353,308.53950152,0.0,308.53950152,308.53950152,308.53950152
19641,,,,,
15576,,,,,
7297,315.28572899846495,0.6649695651320635,314.432168,316.84529011999996,315.18413239999995
10336,,,,,
5423,,,,,
19197,,,,,
69,305.59536125743364,2.0203789335627205,303.01939921999997,308.42670685999997,305.63760254
15098,,,,,
8397,314.6180386562166,1.3054441085321522,308.99409818000004,316.60944674,314.86569791623276
4813,,,,,
14925,,,,,
7443,310.20175134826474,0.7327901043101656,309.13765502,311.76953042,310.11862676
15733,,,,,
7596,,,,,
876,316.41690055981985,1.2581590896726211,313.6802036,319.00547875999996,316.39240247
1250,,,,,
2033,,,,,
17545,316.5259813623083,1.066535278773425,313.7656541,318.00741691999997,316.64134826
4628,,,,,
6834,,,,,
18851,,,,,
340,,,,,
5948,,,,,
12706,,,,,
10355,,,,,
9742,310.8768404509188,0.37880880008981566,310.21774933999995,311.58153932,310.95945968
17033,,,,,
8977,311.0629102591185,0.13505980692102762,310.75096046,311.17137692,311.07567236
11880,,,,,
2337,313.4252134948227,2.114168701611933,308.71723856,317.54598422000004,313.3270082
1325,,,,,
18481,,,,,
12697,,,,,
9620,,,,,
3922,,,,,
6592,,,,,
4836,,,,,
9508,313.612299925718,1.01996921637059,311.77294844,315.80279401999996,313.49904854
19647,313.5992669456697,0.9360316943349586,311.02098404000003,315.56695063999996,313.68362162
4917,,,,,
1672,,,,,
12718,,,,,
1744,308.4283779568088,0.9887720359860787,306.58097606,309.3564083,308.85395936
12177,,,,,
16472,,,,,
1810,310.4517720321188,2.2889924688793597,307.74652088,314.86283851999997,309.22994156
19164,,,,,
12658,,,,,
1691,,,,,
18604,,,,,
16536,,,,,
12296,,,,,
18789,,,,,
8880,,,,,
13196,,,,,
7417,,,,,
6727,317.46588036315103,1.243555366899774,315.31059914,319.70959088,317.5752219868989
7724,310.5019041187659,1.4902918923220152,307.12785926000004,311.78662052,311.17137692
18875,311.5345710235917,1.9719044927016944,307.49700542,314.65092128000003,311.7238528003709
6545,,,,,
15962,,,,,
7542,,,,,
13208,316.42729350662273,1.0706228747330613,313.75540004,318.47568565999995,316.41580847652176
14671,317.83568126608395,0.8336324542064526,315.6968354,319.4053871,317.8838947580406
2556,314.79527787549654,0.3914407453078397,313.89895688,315.62163896,314.84233040000004
12159,,,,,
12154,,,,,
3445,,,,,
8180,308.02565918,0.032346020898996526,307.9892003,308.06781476000003,308.01996248
3590,,,,,
4001,,,,,
9100,,,,,
1690,312.0493509690661,2.216658112880809,307.2714161,315.70367144,312.15918469999997
15829,308.7362889880332,0.2909467556284522,308.3480924,309.56490752,308.76509083999997
2666,,,,,
16703,,,,,
9060,311.36731726834864,0.7069457805515076,310.4672648,312.31641362,310.97654978
859,317.5698594245434,2.234978189169941,312.69239582,321.57924782,317.66016993465115
13430,312.68321858753984,0.9857029229276673,311.30126168,313.85794064000004,312.88038692
8860,,,,,
15272,313.1793638488855,1.7577223489853697,309.99557804,316.66071704,313.35911539657957
3551,,,,,
4676,,,,,
17699,,,,,
6829,,,,,
633,315.5894805446371,1.3393441247269358,312.5864372,318.12021158,315.60454886
558,,,,,
2539,,,,,
7531,312.012624057678,0.6344305189235041,310.94920562,313.4238521,311.9541035
16476,,,,,
19658,,,,,
5620,,,,,
10079,,,,,
13224,,,,,
800,,,,,
14774,,,,,
1630,,,,,
6708,,,,,
9528,,,,,
17373,316.75903863679605,1.2259779891576998,315.33452528,319.51818176,316.17575159848474
1774,310.8053191289598,0.43966815899929645,310.36130618,311.6635718,310.68260006
19553,315.6410980205071,0.3868323848030832,315.20805854,316.48981604,315.53277044000004
4188,,,,,
5795,,,,,
21,311.94124670485724,1.343867803605165,310.5698054,314.89018268,312.24121718000004
10916,,,,,
8338,,,,,
17267,,,,,
19476,,,,,
6283,,,,,
8256,,,,,
15774,315.0648495345551,0.6898137981598225,313.00001762,316.54108634,315.13969814
14896,,,,,
6205,,,,,
3800,309.7136846468302,1.748989416707717,307.03557272,314.28177512,309.42818672
11957,,,,,
5062,,,,,
4912,314.5661046602019,1.0011725679733292,311.5781213,316.17877622000003,314.38431572
5460,,,,,
142,309.920800464059,2.8749531189744104,302.67759722,314.82182228,310.4200989842677
11390,,,,,
11694,,,,,
7301,,,,,
9961,,,,,
8804,312.3180386199192,0.8579963114307346,310.68601808,313.60158914,312.48731462
13633,,,,,
15597,,,,,
7475,,,,,
15259,,,,,
2258,,,,,
16487,,,,,
14346,,,,,
18123,,,,,
17901,309.4649615722422,0.732877643436842,307.38762878,311.00731196000004,309.54781742
640,316.2441971634107,0.7800633956880554,314.32620938,318.42099734,316.1731751022148
8241,315.01988399290553,0.7671396866560429,313.06496,316.76667566000003,315.12602605999996
5153,315.2893037832924,0.8569009325323029,313.41701606000004,317.12898578,315.3208532
11114,316.44731490318674,1.4888035608531716,313.94680916,319.57970611999997,316.1785766909137
16265,,,,,
7906,,,,,
6985,,,,,
9599,,,,,
16490,314.15391972912465,0.7950100124057135,313.00685366,316.38727544,313.97415332
4097,,,,,
16836,,,,,
2477,,,,,
11649,313.92340512650213,1.7443165607316091,308.79927104,316.91365052000003,313.89952572558605
2953,,,,,
12273,,,,,
16411,,,,,
19248,,,,,
3588,,,,,
588,,,,,
8044,,,,,
10755,,,,,
16072,,,,,
5584,,,,,
3015,,,,,
8558,,,,,
12877,,,,,
5794,,,,,
10164,,,,,
2792,,,,,
5750,,,,,
15669,,,,,
7741,,,,,
11588,317.3150416735691,0.8974286944270633,315.81988412,319.14561758,317.13923983999996
14201,312.66166504270444,0.7390720591867429,311.57128525999997,314.41165988,312.50269571
6780,,,,,
15619,,,,,
17414,,,,,
8579,,,,,
1960,,,,,
16580,,,,,
8082,,,,,
11998,,,,,
18438,,,,,
11189,310.9954079763763,2.1653102066411916,306.91594202,314.35355354,311.60546546
6625,,,,,
18331,,,,,
809,,,,,
14068,,,,,
11801,,,,,
15107,311.7682264037619,0.8464577924677434,308.83686925999996,313.91604698000003,311.73307154
19059,,,,,
1424,,,,,
8431,,,,,
3927,,,,,
18955,314.1583561421047,2.8307526411589863,308.57368171999997,317.98349078,315.04057556
10439,,,,,
4163,,,,,
1076,,,,,
9813,,,,,
7154,,,,,
17856,,,,,
17087,,,,,
1692,,,,,
82,,,,,
751,,,,,
11200,,,,,
7438,,,,,
10357,,,,,
5987,,,,,
19357,316.1668763391678,1.0762116576471619,314.25784898,318.65000468,315.8946047560796
8764,,,,,
13117,,,,,
16663,,,,,
14933,,,,,
491,,,,,
9296,,,,,
16242,,,,,
2769,,,,,
2394,,,,,
16735,,,,,
12717,314.4612247535457,1.638773887974204,309.22652354,317.07087944,314.67484742
608,,,,,
1787,,,,,
3038,,,,,
15638,,,,,
9319,,,,,
9757,312.3360949661058,0.9477648006559275,310.32370796,314.32279136,312.29628528
12845,,,,,
9942,,,,,
10671,,,,,
10455,312.6231969793069,0.32633245639366126,311.88232508,313.0820501,312.71632195999996
7514,319.1684461005049,1.080780787378938,316.98201092,321.52797752000004,319.199451395
12627,317.4798448488828,1.1997054663393867,315.30376309999997,320.47864538,317.13933239760155
13176,,,,,
719,,,,,
17040,,,,,
19275,,,,,
18303,310.9799678,0.0,310.9799678,310.9799678,310.9799678
3775,,,,,
8703,,,,,
13758,316.72385989421247,0.7571025703053023,314.58939692,317.61092659999997,316.83161803999997
3205,,,,,
2656,,,,,
10954,,,,,
7751,,,,,
11821,,,,,
13335,315.48274101311733,1.1921658250392038,311.99511974,317.22810835999996,315.7155106686957
6300,315.75053062364174,0.27930661161521153,315.08159179999996,316.24713662,315.7651958
10881,314.7797981390113,0.6309573931472323,313.93313708,316.6367909,314.64408524
3397,,,,,
15513,,,,,
1569,312.6279481372492,1.6805488799183816,310.0058321,315.5430245,312.18994688
18500,,,,,
9469,,,,,
3511,,,,,
7074,315.7714149973764,0.8968677807625435,313.9023749,319.41564116,315.799376
16228,312.02026010352347,1.2507896632563997,310.30661785999996,315.88824452,311.9199233
3644,,,,,
15609,314.4398427208333,0.4323795299674024,314.08352995999996,314.94828902,314.08352995999996
12946,312.46268953031466,0.3994857753541154,311.63280962,313.55031884,312.381356
9604,,,,,
3297,307.33635848,0.0,307.33635848,307.33635848,307.33635848
16707,,,,,
12382,,,,,
3964,,,,,
13579,,,,,
7329,,,,,
5671,,,,,
4463,,,,,
8007,,,,,
12611,,,,,
12559,,,,,
6552,316.17688500409776,0.700554787666184,315.02690348,317.94589256,316.05117013999995
6914,315.73353096057457,1.4344641981760071,312.30274154,317.5767464,315.91217066
14984,310.9483388738777,1.0163214110659413,308.8778855,313.78616222,310.8261569
4477,313.9464576692254,1.234903933305834,310.6381658,316.19928433999996,314.50736444
4551,,,,,
16164,,,,,
16105,315.88363524215316,1.9553495000988335,311.39696624,319.29601046,315.79766699000004
5413,,,,,
1831,,,,,
11826,,,,,
9563,,,,,
2173,314.44653455081567,0.8654766886110622,312.24121718000004,316.75642159999995,314.5471881412451
5934,,,,,
14159,,,,,
4241,,,,,
10193,,,,,
9945,,,,,
1065,316.6503322570752,0.7290631729802499,315.6626552,318.68418488,316.55304940999997
1859,,,,,
12812,,,,,
2200,,,,,
16199,,,,,
11084,,,,,
1437,,,,,
12677,,,,,
16057,,,,,
12459,,,,,
6295,,,,,
6770,,,,,
5381,312.4748862994633,0.8171620363270704,310.6381658,314.18265254,312.3471758
11078,,,,,
17984,,,,,
903,312.48341481905055,0.6729642007582242,310.3989044,313.46828636,312.66846968
10996,,,,,
188,,,,,
9494,,,,,
14326,,,,,
19429,,,,,
13249,,,,,
822,,,,,
18821,,,,,
12780,,,,,
12174,,,,,
11896,,,,,
4853,315.0121325770697,1.0461461567265087,313.48879448,316.70856932000004,314.86283851999997
2655,,,,,
9729,,,,,
10583,,,,,
19435,315.52886342294255,1.3780893417403994,313.65285944,317.78866364,315.50884429999996
19602,,,,,
17879,,,,,
2934,,,,,
2566,313.27794549379075,2.0267177086859536,308.78559896,315.74126966,314.09891104999997
6723,,,,,
289,,,,,
17709,,,,,
5670,,,,,
18935,,,,,
3559,,,,,
18625,,,,,
7971,,,,,
8001,,,,,
2839,,,,,
16184,,,,,
16533,,,,,
9255,,,,,
9856,312.54671923264226,2.7157651601490893,307.02873668,318.94053638,312.3348065392429
3711,,,,,
7431,,,,,
16654,,,,,
2083,,,,,
12218,,,,,
2089,315.9631723516396,0.9416991600147394,314.18607055999996,317.99032682,315.7550732023077
12104,,,,,
5393,,,,,
16081,,,,,
16625,,,,,
13447,,,,,
3474,,,,,
6,,,,,
7868,,,,,
401,315.3339302423824,1.8641448465022743,311.35595,319.0123148,315.37895954
8765,315.2797725355796,0.8510824235952857,313.78958023999996,317.91513038,314.97449384
12822,,,,,
7059,,,,,
1309,,,,,
3034,,,,,
17234,314.7930184118336,0.4006928134232604,314.02884164,316.41461960000004,314.77624868
5408,,,,,
6024,,,,,
16920,,,,,
5665,,,,,
10420,307.7733867440598,1.1952446822806193,305.64102056,310.76121452,307.6644884
4389,,,,,
18273,313.8507300663669,2.623224450740498,307.32610442,317.46053372,314.14505432
7024,,,,,
5947,315.5992539946566,2.3857396625552165,310.22116736,320.1915317,316.35309524
17149,,,,,
765,,,,,
7892,,,,,
14386,,,,,
17662,314.3565307388409,1.8471973927989707,310.78855868,319.217396,314.5224392693584
2776,,,,,
3685,,,,,
9507,,,,,
19354,312.4069165535697,2.151322244178969,307.37053868,315.27983696,313.06496
4220,,,,,
15475,318.3192329364255,1.244675758692876,314.5005284,320.92298798,318.1578098
1807,316.11900026935393,1.2008583358163916,314.6201591,318.73545518000003,315.97711304
17026,314.6675671698542,2.0633411052783726,309.9374717,318.06552325999996,314.6386035098113
2220,,,,,
10650,,,,,
114,,,,,
9051,,,,,
16953,,,,,
2676,316.1690540893624,0.691819191652445,314.57914286,317.1494939,316.24713662
2749,310.5991497712665,1.3334519037947148,308.24896981999996,313.38283586,310.7896730891466
19131,315.36167954999985,0.6832062454400629,314.11429214,316.96492082,315.286673
9273,314.3398760372199,0.7494129313810909,312.99318158,316.82820002,314.37747967999996
5697,309.14582946259685,1.2721857306143185,308.05072466,313.7998343,308.51956307
16829,,,,,
14985,,,,,
9739,,,,,
1143,,,,,
18384,,,,,
2288,,,,,
15923,,,,,
3358,316.6418931880712,0.8907640051398181,314.64750326,318.34921892,316.86238022
3866,,,,,
4430,312.70690564999995,1.6240178183098826,310.53904322,315.33452528,312.6547976
203,,,,,
10991,,,,,
19660,,,,,
17408,,,,,
688,,,,,
1579,314.62507153645134,1.483840919369589,312.07715222,318.84824984,314.3832461355101
18744,,,,,
12904,312.81885807497,1.429766136497953,309.30855601999997,316.92048656,312.89747702
13819,,,,,
17965,,,,,
17269,,,,,
17546,314.5963131828626,0.9111160819261787,312.30274154,315.67974530000004,314.64750326
8731,,,,,
15993,,,,,
8282,315.2248361334827,1.2998923887668825,312.65821561999996,317.78866364,314.98062874769226
2534,,,,,
12071,,,,,
18695,313.18121357340067,0.7152913459494255,311.41405634,315.11919002,313.1777479711155
2840,,,,,
14296,316.0549291449871,0.6018157934788598,314.6201591,317.4742058,315.93096977
3726,315.4892466998224,1.635115968754068,309.13081897999996,317.5254761,315.84784464426235
16464,317.33783718488445,0.32624329064871666,316.58893862,318.12362959999996,317.3033048
14701,316.55157508504163,2.3789894593910503,312.56934709999996,319.86340178,316.62311882
6956,,,,,
3620,,,,,
956,,,,,
13837,313.4749787012354,2.001478803457387,309.86227526,317.41268144000003,313.66994954
19560,,,,,
3009,308.2295505979484,1.12676940937177,306.63566438,312.2788154,308.13275713999997
10548,312.7386565363476,1.6303814608052087,310.34421608,316.46930792,312.54769964
12907,,,,,
2293,314.91958477062786,2.9803862215680876,305.87344592,318.19540802,315.78000124705113
10821,,,,,
19119,,,,,
8870,,,,,
14167,,,,,
8145,,,,,
8168,,,,,
9888,,,,,
18799,,,,,
4434,312.093914354063,0.150251407471961,311.97802964,312.48047857999995,312.07715222
13631,,,,,
7245,,,,,
7328,,,,,
3629,,,,,
8682,312.20089690304155,0.8606358629215438,310.49119094,313.99807946,312.40186412
1921,,,,,
9568,,,,,
17778,314.78981718363633,1.5170711993332424,312.09766034,316.78718377999996,315.19780448
5071,313.42363534751206,2.895389368086245,307.71234068,318.06894128,313.94680916
16262,,,,,
18986,,,,,
9830,,,,,
17430,,,,,
18319,,,,,
18951,,,,,
8609,,,,,
10400,,,,,
15996,,,,,
10151,,,,,
4681,,,,,
2800,,,,,
500,,,,,
9625,,,,,
17627,314.96468354544845,1.143751416817418,312.6206174,317.15632994,314.84916644
12982,,,,,
8575,,,,,
5787,,,,,
2633,311.56563710579127,0.43563638226272633,310.6039856,312.17285677999996,311.77294844
539,,,,,
13617,311.3649419791289,0.9332574537420627,309.46236692,313.45119625999996,311.43912181999997
3254,,,,,
4432,,,,,
13203,313.62826652027644,3.2476513353368857,307.02873668,319.26183026,314.23050481999996
4962,,,,,
14970,317.13074481293324,0.6303611346758656,315.45073795999997,318.68076686,317.13923983999996
19713,,,,,
16285,312.72452311112073,2.54959873690003,309.22310552,316.70856932000004,313.1504105
10359,,,,,
7664,,,,,
3900,,,,,
19407,309.2325154326363,0.21623530052275527,308.79243499999995,309.56832554,309.22994156
2802,,,,,
2998,,,,,
13742,,,,,
18808,314.85740580776735,1.047157387517718,311.05516423999995,316.07623562000003,314.92892023999997
18296,,,,,
10134,315.8678196159963,0.9424189460766976,314.34671749999995,317.47078778,316.0044572
741,,,,,
11606,,,,,
1975,314.20929952784627,0.5737529926313784,312.6889778,314.65775732,314.39115175999996
955,,,,,
12689,,,,,
9327,,,,,
1760,,,,,
6449,,,,,
18453,,,,,
503,,,,,
10080,,,,,
19606,,,,,
17757,,,,,
9358,316.60704032749027,1.4765503411042806,312.05664409999997,318.98838866,316.69261855999997
2400,,,,,
2785,310.1692807900829,0.8493373729053332,309.1000568,312.77442829999995,309.90841852999995
16124,312.04377462163876,1.2124204694201282,309.75973466,314.91752684,311.92163230999995
19420,,,,,
18723,,,,,
14023,,,,,
11300,319.55742503636344,1.0395940716522838,317.63827075999995,322.18765538,319.3894540729183
174,,,,,
11575,,,,,
18374,,,,,
11718,,,,,
13036,,,,,
565,,,,,
13291,311.40779277625614,0.35620003316164317,310.7065262,311.57470328,311.57470328
13519,313.1211419669512,1.0457186831548682,310.54929728,314.6543393,313.12648436
3833,,,,,
1182,,,,,
9504,,,,,
4592,,,,,
12380,310.12792705431815,0.20325697866121353,309.89645545999997,310.46384678,310.09470062
1173,,,,,
12279,319.9362975556123,0.8557291393448212,317.67245096,321.87319754,320.00695862
10741,312.5296241648649,0.751504423406346,311.76953042,313.75198202,312.16943876
10648,,,,,
5383,311.7878253883352,0.8660978111144005,308.1601013,312.80177246,311.99511974
53,310.82292047607916,0.662828213218136,308.9462459,312.39161006,310.89109928
14688,314.48545520352695,1.0605563733218253,310.53904322,316.48639802,314.59623296
12823,,,,,
11556,315.6078606409533,1.4461024286120323,311.03807414,317.90487631999997,315.45073795999997
2468,,,,,
9361,,,,,
689,311.6492040168141,0.22179631597617103,311.29100761999996,311.84472686000004,311.77636645999996
8415,,,,,
19397,,,,,
18601,,,,,
10498,,,,,
9191,,,,,
5191,,,,,
10727,,,,,
18934,,,,,
8148,,,,,
11555,314.4256098686772,1.7045047268573263,309.90670952,316.77692972,315.1347946223742
9884,,,,,
9816,,,,,
6071,,,,,
18616,,,,,
9657,,,,,
14382,,,,,
15614,314.802682436298,2.1634424280587377,308.38227259999996,318.98155262,314.87821961
16978,,,,,
3919,311.1993879042321,1.591411794839462,308.64887816,313.66994954,311.1166886
15204,317.03769571605005,1.436166365376953,314.23050481999996,318.7388732,317.61776264
7331,,,,,
13661,,,,,
4472,,,,,
713,,,,,
3695,,,,,
7727,,,,,
7378,314.73610606102443,1.2534383387225463,309.26753978,317.74081136,314.75346188000003
4444,,,,,
6367,,,,,
7791,,,,,
18063,,,,,
10703,,,,,
12509,,,,,
2297,,,,,
10669,,,,,
18823,,,,,
17462,,,,,
19668,314.5339285938718,1.1855055328627828,310.64500183999996,316.22321048000003,314.45267612
17636,,,,,
9468,,,,,
16569,,,,,
5984,,,,,
6933,,,,,
14484,313.53595084822683,1.240414566619067,311.55419516,315.85406432,313.47854042
6539,312.87062434000006,0.5379154649642249,311.82421874,313.56740894,313.08888614
3944,313.9409566998784,0.3664249778894832,313.14699248,314.85258446,313.93655509999996
13336,,,,,
14120,316.7325710128309,1.319131934330281,313.68703963999997,318.90635618,317.05037131999995
12087,,,,,
13687,310.21145225534076,0.6205430136426384,309.36666235999996,311.02782007999997,310.56638738000004
6036,,,,,
18010,,,,,
11471,319.52552650219377,1.7236466314642955,314.94145298,322.18423736,319.67085332
14610,,,,,
8667,,,,,
4841,,,,,
2178,,,,,
14313,313.06565944446345,1.0033126233612608,311.43798247999996,314.7226997,313.0478699
2875,,,,,
3279,,,,,
5125,,,,,
11148,,,,,
14334,,,,,
14582,,,,,
9288,,,,,
11435,,,,,
17229,311.3677582294987,1.44802780563412,306.83390954000004,312.97267346,311.7350955596042
9721,311.7316913023138,0.19437936989437957,311.52685099999997,312.15918469999997,311.72509616
6058,,,,,
11086,,,,,
2529,,,,,
14240,308.9199396727749,0.6185126275916453,308.06781476000003,309.82809506,309.2538677
16557,320.24855850226834,0.8120254352038937,318.91319222,321.87319754,320.05139288
9968,,,,,
8605,310.13571686,0.0,310.13571686,310.13571686,310.13571686
14741,,,,,
2266,,,,,
15381,,,,,
468,,,,,
13697,309.8696035791726,1.4310334739525796,306.72111487999996,312.38477402,310.07761051999995
17564,,,,,
10638,,,,,
1782,,,,,
1949,,,,,
17315,310.38932490749056,0.5687817870666838,309.73922654,312.01562786,310.2450935
6768,,,,,
949,315.3665873802719,2.08057908037419,308.18744546,318.28769456,315.9150945084337
11448,,,,,
16770,,,,,
14351,,,,,
9304,,,,,
12198,,,,,
10223,,,,,
11127,,,,,
661,,,,,
18871,,,,,
11613,,,,,
17771,,,,,
4709,314.39684699976425,1.34198772729659,311.82763676,317.46395173999997,314.26810303999997
10119,,,,,
17955,,,,,
12110,,,,,
3336,,,,,
7425,,,,,
8840,,,,,
9066,310.1800154416998,0.9357780203231852,307.98236426,312.26856134,310.1938232
9153,,,,,
15905,,,,,
8640,,,,,
681,,,,,
10930,313.1757775320571,1.5007948015796955,309.1855073,315.83697422,313.66653152000004
14737,,,,,
11151,,,,,
136,315.1324157371219,0.8075218354644015,313.9707353,316.97859289999997,315.05595665
10789,312.21048989177234,1.5573290423395072,307.33635848,314.16556244000003,312.80830175461534
19307,,,,,
1518,,,,,
9953,,,,,
18509,,,,,
18780,,,,,
3228,,,,,
15379,,,,,
6974,317.3673035633659,1.0770717653409367,315.24223874,319.43614928,317.2691246
6008,311.15994971382577,1.1295937722396996,308.97700808,313.82034242,311.08580824377657
11639,,,,,
16280,,,,,
4005,,,,,
3335,,,,,
7476,,,,,
5422,,,,,
8165,,,,,
2642,,,,,
7283,,,,,
12254,,,,,
275,,,,,
14608,314.3013892667482,1.2053232335947504,311.93017736,317.43660758,314.34990669857746
17157,,,,,
17831,,,,,
14779,,,,,
15355,,,,,
6805,,,,,
14578,,,,,
18181,,,,,
842,,,,,
5586,,,,,
17928,314.5809500889655,0.24339779913211,314.45609414,315.00981337999997,314.45609414
6954,,,,,
15882,,,,,
524,313.7709818461118,0.6469798143242772,312.76759226,315.39263162,313.71780182
34,,,,,
1939,,,,,
15944,315.4336152686294,1.542127125033199,312.69239582,318.31845674,315.77886788
8639,316.78334322283956,1.9966166088286297,311.50634288000003,320.10266318000004,317.25887054
4069,,,,,
5360,,,,,
19405,,,,,
9772,315.544306458308,1.1349676080953965,313.06496,317.46395173999997,315.6152970915662
18051,,,,,
13635,,,,,
4615,,,,,
7387,,,,,
5838,,,,,
5734,,,,,
12078,,,,,
14778,309.9947688833403,0.7146347500282293,308.71723856,311.02782007999997,310.36472419999996
10679,305.3976070365564,0.9444977434630961,304.349009,308.28656804,305.22402212
11479,,,,,
4484,311.76665394556096,0.9439982699270165,309.9716519,313.47170438,311.83789082
18220,,,,,
4403,,,,,
9399,,,,,
5858,,,,,
6814,,,,,
13412,311.0722605994151,0.6042940990438176,310.19724122,312.66163364,310.99193087
9283,,,,,
47,,,,,
10966,,,,,
9669,,,,,
7716,,,,,
5240,,,,,
13999,,,,,
13744,,,,,
18860,,,,,
3008,,,,,
18486,,,,,
12037,,,,,
12205,,,,,
2113,,,,,
12401,,,,,
18114,,,,,
19571,,,,,
7984,,,,,
16160,,,,,
3130,,,,,
16106,,,,,
19330,,,,,
3790,,,,,
14061,,,,,
17370,,,,,
18223,,,,,
4262,,,,,
16315,,,,,
10763,,,,,
8931,,,,,
18100,,,,,
12082,,,,,
14835,,,,,
1126,,,,,
18825,,,,,
17701,,,,,
7432,,,,,
6668,,,,,
9553,,,,,
12994,,,,,
9272,,,,,
6230,,,,,
7456,,,,,
3308,,,,,
10667,,,,,
6005,,,,,
7016,315.79741527534884,0.6102316110466293,314.30911928,317.34773906,315.8506463
1573,,,,,
18591,,,,,
15859,,,,,
15414,318.01908016180744,0.7412195997716359,316.58893862,319.55236196,317.7989177
3503,311.01300137079903,0.8595608906933706,307.49700542,312.25830728,311.1679589
19034,,,,,
19083,,,,,
18815,,,,,
6199,,,,,
8971,,,,,
11285,,,,,
10803,,,,,
17301,314.84222014129034,0.12890160639844833,314.70219158,314.97563318,314.97563318
18704,,,,,
1938,319.48500169342515,1.6205161658076859,315.00297734000003,322.57730965999997,319.59679622
12094,,,,,
16912,,,,,
8728,,,,,
8497,318.07869612655463,1.9843712252867056,311.37987613999996,321.57924782,318.7179410399248
18366,,,,,
823,,,,,
497,,,,,
19360,,,,,
8593,,,,,
7668,,,,,
408,,,,,
10550,315.21245811370505,2.6593831957462224,310.79539472,318.1065395,316.44879979999996
12701,,,,,
13701,,,,,
12833,,,,,
15961,,,,,
1594,314.64116727892474,0.4241209647101432,312.34375778000003,315.24565676,314.69457339227824
18437,,,,,
18005,,,,,
10929,,,,,
18451,315.19684849067096,1.0078302825085237,314.07669392,318.18857198,314.725263215
2374,,,,,
14660,,,,,
16541,,,,,
5723,,,,,
6764,,,,,
9038,,,,,
12879,,,,,
12291,,,,,
4710,,,,,
13766,,,,,
11344,,,,,
13119,,,,,
18939,,,,,
19527,,,,,
19678,,,,,
3548,,,,,
17990,,,,,
13364,315.6126431973565,0.9743770484474183,314.35013552,318.30478466,315.19244081784615
14788,,,,,
6578,,,,,
1737,,,,,
13497,,,,,
9488,317.90942391768954,0.681051572220404,315.67632728,319.6275584,317.8843682
14256,,,,,
15920,,,,,
7647,,,,,
16087,,,,,
4685,,,,,
17456,,,,,
2019,,,,,
15709,316.0525391322656,1.5711641551335,312.38477402,319.68908276,315.94456504056177
18356,,,,,
9645,313.1902912404721,1.083526491987159,311.00731196000004,314.95512506,313.06837801999995
13387,,,,,
16425,,,,,
4015,,,,,
4255,,,,,
13922,,,,,
14769,,,,,
15573,,,,,
4863,314.59464508703115,1.0002026289628647,312.77784632,316.5855206,314.41849592
9335,,,,,
14112,,,,,
18928,,,,,
9264,,,,,
13760,,,,,
11102,,,,,
14700,,,,,
9265,,,,,
13615,317.38252913863903,0.5843693417179238,316.0728176,318.76963537999995,317.3651119458273
14075,315.0272162910603,0.5536500198177691,313.5605729,316.5000701,314.9576734658743
4508,,,,,
17975,,,,,
8499,,,,,
7361,,,,,
6714,,,,,
5204,,,,,
9033,,,,,
1727,,,,,
6403,,,,,
7767,,,,,
13276,,,,,
17755,,,,,
8423,,,,,
1555,,,,,
9702,,,,,
9212,,,,,
8578,318.2305148438014,1.5674208585615819,312.99318158,320.63245628,318.47397664999994
6702,,,,,
10051,,,,,
8774,,,,,
9591,,,,,
12918,,,,,
19475,,,,,
11925,314.2591099970873,0.7643686597099328,312.4155362,315.36186943999996,314.30228324
10783,,,,,
13031,,,,,
14199,,,,,
16417,,,,,
11016,,,,,
3402,,,,,
4947,,,,,
9095,,,,,
7402,,,,,
8599,,,,,
10705,,,,,
14452,,,,,
8859,,,,,
19575,,,,,
15244,317.15859964537935,1.097288006242657,315.26616488,319.49083759999996,316.98884696
16678,312.97503831619434,0.7523794971741667,311.48241673999996,313.70071171999996,313.28371328000003
15319,,,,,
4760,,,,,
2865,,,,,
1402,,,,,
13384,,,,,
8272,,,,,
2364,,,,,
7760,,,,,
15755,,,,,
18375,,,,,
17882,,,,,
2927,,,,,
18276,,,,,
140,311.3099735876009,0.8622793425463567,309.38375246,312.99659959999997,311.05003721
11306,,,,,
8685,,,,,
